0.23633045	0.0	0.0	0.0	0.0	0.0	0.0	0.0	0.0	0.05447346	0.0	0.006411576	0.07054374	0.030771038	0.03930402	0.0	0.0074034506	0.12485416	0.025188603	0.09669163	0.0	0.06268457	0.03468876	0.04047351	0.04459674	0.018744793	0.041118458	0.05041814	0.00523503	0.014806901	0.025528708	0.027792139	0.023534186	0.0	0.01965201	0.0	0.0	0.0	0.0	0.0	0.0	0.0	0.0	0.0	0.0	0.004686198	0.06878204	0.023534186	0.004935634	0.058956027	0.023534186	0.0	0.046156555	0.0	0.0	0.23633045	0.20151328	0.0	0.063339815	0.07204059	0.0	0.20678914	0.0	0.004100424	0.006169542	0.0	0.048109163	0.0	0.025699036	0.0	0.0	0.0	0.0	0.0	0.0	0.0	0.014058595	0.0	0.0	0.0	0.014058595	0.014058595	0.0	0.0	0.0	0.0	0.015419421	0.03530945	0.043663193	0.043663193	0.0	0.0	0.0	0.03882423	0.023332477	0.028867096	0.20678914	0.11575274	0.0	0.11348839	0.0	0.0	0.0	0.0	0.0	0.0	0.0	0.0	0.050294198	0.0	0.03638599	0.0	0.0	0.0	0.0	0.0	0.0	0.0	0.0	0.0	0.0	0.0	0.0	0.0	0.0	0.0	0.0	0.0	0.0	0.0	0.0	0.0	0.0	0.0	0.0	0.0	0.0	0.0	0.0	0.0	0.0	0.0	0.0	0.0	0.014608059	0.0	0.03505934	0.0	0.0	0.0	0.0	0.0	0.0	0.0	0.0	0.0	0.0	0.0	0.0	0.0	0.0	0.0	0.0	0.0	0.0	0.011686447	0.0	0.017274717	0.0	0.0	0.0	0.0	0.0	0.0	0.10128402	0.004318679	0.14310765	0.0	0.03930402	0.0	0.0	0.0	0.0	0.0	0.0	0.0	0.0	0.0	0.0	0.0	0.0	0.0	0.0	0.0	0.0	0.0	0.0	0.0	0.0	0.0	0.010225642	0.0	0.0	0.0	0.0	0.0	0.0	0.0	0.0	0.004686198	0.0	0.0	0.0	0.0	0.0	0.004318679	0.0	0.0	0.020150881	0.0	0.0	0.014708866	0.0	0.0	0.0	0.024565015	0.035150878	0.03758114	0.0	0.0	0.0	0.01752967	0.0	0.0	0.0	0.01752967	0.0	0.0	0.028865496	0.0	0.004935634	0.004935634	0.0138960695	0.0	0.0	0.0	0.0	0.0	0.038102165	0.01752967	0.0	0.0	0.0	0.0	0.0	0.0	0.0	0.0	0.0	0.0	0.0	0.0	0.0	0.0	0.0	0.0	0.0	0.0	0.0	0.0	0.008200848	0.04168821	0.0	0.0053429804	0.0	0.0	0.0	0.0	0.0	0.03366726	0.019742535	0.008637358	0.0	0.0	0.0	0.017274717	0.024216572	0.027792139	0.0	0.08355542	0.0	0.0	0.0	0.005857748	0.00698004	0.0	0.0	0.0	0.008637358	0.008637358	0.0929908	0.08177315	0.0	0.0	0.0	0.0	0.030226324	0.041555203	0.06561215	0.030226324	0.0	0.03526404	0.0074034506	0.0	0.01047006	0.0	0.030226324	0.0074034506	0.0	0.0	0.0	0.0	0.0074034506	0.03526404	
0.588702	0.0	0.0	0.0	0.0	0.0	0.0	0.0	0.0	0.13544387	0.0	0.030483423	0.45595443	0.2339597	0.18974395	0.0	0.035199225	0.3636696	0.2405731	0.9229244	0.0	0.09763758	0.19379526	0.26495272	0.112214245	0.54599804	0.34754667	0.4676543	0.024889609	0.07039845	0.25816295	0.13416922	0.107177	0.0	0.094871975	0.0	0.0	0.0	0.0	0.0	0.0	0.0	0.0	0.0	0.0	0.009902322	0.33205187	0.107177	0.02346615	0.4729358	0.17200115	0.0	0.2154168	0.0	0.0	0.588702	1.1036016	0.0	0.31649342	0.20643553	0.0	0.51511425	0.0	0.029865647	0.029332686	0.0	0.15966514	0.0	0.21721669	0.0	0.0	0.0	0.0	0.0	0.0	0.0	0.029706964	0.0	0.0	0.0	0.029706964	0.029706964	0.0	0.0	0.0	0.0	0.13033001	0.16978267	0.045739077	0.1257917	0.0	0.0	0.0	0.19360134	0.30891928	0.06623342	0.6668779	0.7027649	0.011167997	0.29416376	0.0	0.0	0.0	0.0	0.0	0.0	0.0	0.0	0.37168092	0.0	0.06478119	0.0	0.0	0.0024429993	0.0	0.0	0.0	0.0	0.0	0.0	0.003948483	0.004187999	0.0	0.0027919991	0.0	0.0029613622	0.0	0.0	0.0	0.0	0.0	0.0	0.0	0.0	0.0	0.0	0.0029613622	0.0	0.0	0.0	0.0	0.0	0.0	0.0	0.0	0.0	0.0	0.004187999	0.0	0.0	0.0	0.0	0.0	0.0	0.0	0.0	0.0	0.0	0.0	0.0	0.0	0.0	0.0	0.0	0.0034549225	0.0027919991	0.004187999	0.08213152	0.0064262287	0.0	0.0	0.0	0.0	0.0	0.068264164	0.02053288	0.016065571	0.0024678018	0.18974395	0.016123286	0.004702625	0.0	0.0	0.0	0.0	0.0	0.0	0.0	0.0	0.0	0.0	0.0	0.0	0.0	0.0	0.0	0.0	0.0	0.0	0.0	0.0	0.0	0.0	0.0	0.0	0.0	0.0	0.0	0.0	0.026698934	0.0	0.0	0.0	0.0029613622	0.0	0.037149172	0.0	0.0	0.17179905	0.0	0.0	0.06698562	0.0	0.0	0.004682325	0.32158002	0.22694886	0.23451658	0.0	0.0	0.0027919991	0.004187999	0.0	0.0	0.0	0.004187999	0.0	0.0	0.15049523	0.0	0.02346615	0.02346615	0.09780937	0.0048859986	0.0	0.0	0.0	0.0	0.32585597	0.004187999	0.0	0.0	0.0	0.0	0.0	0.0	0.0	0.0	0.0	0.0	0.0	0.0	0.0	0.0	0.0	0.0	0.0	0.0	0.0	0.0	0.03332259	0.30523807	0.0	0.04596018	0.0	0.0048859986	0.0	0.0	0.0	0.2107641	0.0938646	0.074298345	0.0	0.0	0.0048859986	0.08213152	0.21407433	0.2442237	0.0	0.28928134	0.0	0.0	0.0	0.012377902	0.11581416	0.0	0.0	0.0	0.04106576	0.092375346	0.035199225	0.092375346	0.0	0.0	0.0	0.0	0.19617027	0.029332686	0.07917887	0.19617027	0.0	0.2288653	0.035199225	0.008061643	0.049779218	0.0	0.28868774	0.035199225	0.0	0.0	0.0	0.0	0.035199225	0.2288653	
0.015951911	0.0	0.0	0.0	0.0	0.0	0.0	0.0	0.0	0.018244226	0.0	0.004974744	0.18945739	0.021879353	0.0079759555	0.0	0.027388154	0.0069789607	0.18065505	0.0069073797	0.0	0.06746835	0.0057443394	0.039589714	0.14515457	0.0	0.031903822	0.018807586	0.0040618614	0.011488679	0.018310806	0.029638838	0.018575605	0.0	0.018575605	0.0	0.0	0.0	0.0	0.0	0.0	0.0	0.0	0.0	0.0	0.0	0.013957921	0.018575605	0.0038295595	0.011963933	0.0039879777	0.0	0.032819033	0.0	0.0	0.015951911	0.026842348	0.0	0.05538464	0.0	0.0	0.013957921	0.0	0.0	0.0047869496	0.0	0.009573899	0.0	0.092878036	0.0	0.0	0.0	0.0	0.0	0.0	0.0	0.0	0.0	0.0	0.0	0.0	0.0	0.0	0.0	0.0	0.0	0.011963933	0.07298558	0.018344605	0.0	0.0	0.0	0.0	0.0086342245	0.114793375	0.0	0.013957921	0.0059819664	0.0	0.009771922	0.0	0.0	0.0	0.0	0.0	0.0	0.0	0.0	0.12868309	0.0	0.0	0.0	0.0	0.0	0.0	0.0	0.0	0.0	0.0	0.0	0.0	0.0	0.0	0.0	0.0	0.0	0.0	0.0	0.0	0.0	0.0	0.024459474	0.0	0.0	0.0	0.0	0.0	0.0	0.0	0.0	0.0	0.0	0.0	0.0	0.0066247815	0.0	0.0	0.0	0.0	0.0	0.0	0.0	0.0	0.0	0.0	0.0	0.0	0.0	0.0	0.0	0.0	0.0	0.0	0.0	0.0	0.0	0.0	0.06390569	0.0	0.0	0.0	0.0	0.0	0.0	0.018575605	0.06560788	0.0	0.0	0.0079759555	0.18978542	0.027628029	0.0	0.0	0.0138810845	0.0	0.0	0.0	0.0	0.0	0.0	0.0	0.0	0.0	0.0	0.0	0.0	0.0	0.0	0.0	0.0	0.0	0.0	0.0	0.0	0.0	0.0	0.0	0.0	0.0	0.012229737	0.0	0.0	0.0	0.0	0.0	0.0033508646	0.0	0.0	0.039352085	0.0	0.0	0.0143538285	0.0	0.0	0.0	0.004984972	0.027569285	0.011726307	0.0	0.0	0.0	0.0	0.0	0.0	0.0	0.0	0.0	0.0	0.0057443394	0.0	0.0038295595	0.0038295595	0.002819926	0.0	0.0	0.0	0.0	0.0	0.011836764	0.0	0.0	0.0	0.0	0.0	0.0	0.0	0.0	0.0	0.0	0.0	0.0	0.0	0.0	0.0	0.0	0.0	0.0	0.0	0.0	0.0	0.0	0.032819033	0.0	0.00414562	0.0	0.0	0.0	0.0	0.0	0.012272844	0.015318238	0.0067017293	0.0	0.0	0.0	0.0134034585	0.060287517	0.06428189	0.0	0.021879353	0.0	0.0	0.0	0.0066247815	0.16102223	0.0	0.0	0.0	0.0067017293	0.10298927	0.0057443394	0.10298927	0.0	0.0	0.027313404	0.0	0.023452614	0.0047869496	0.08827652	0.023452614	0.0	0.02736138	0.027388154	0.047362335	0.03214692	0.0	0.14162989	0.0057443394	0.0	0.0	0.0	0.0	0.0057443394	0.02736138	
0.004065817	0.0	0.0	0.0	0.0	0.0	0.0	0.0	0.0	0.14015901	0.0	0.22633843	0.1824907	0.03630031	0.02348724	0.0017902809	0.11372951	0.0110764215	0.10801259	0.007109431	0.0	0.09922739	0.13995816	0.22023669	0.07517678	0.0	0.008131634	0.14937687	0.09965498	0.105894506	0.17290962	0.043187365	0.033042863	0.0	0.10659835	0.0	0.011527469	0.0025318395	0.0025318395	0.016138457	0.0	0.0	0.0	0.0	0.024648154	0.032330733	0.0035575903	0.10892449	0.04997177	0.003049363	0.012533444	0.0	0.038189527	0.0	0.02695657	0.004065817	0.049807	0.0	0.117421396	0.0	0.0	0.0035575903	0.0	0.09419138	0.07875122	0.0020052907	0.06100479	0.0015823997	0.05577134	0.0	0.0025318395	0.0	0.0	0.0	0.0	0.0	0.0	0.0018988798	0.0031329915	0.0	0.0	0.0	0.0	0.0	0.0	0.0	0.003049363	0.3958513	0.0016444781	0.03228824	0.0031397885	0.009767192	0.0	0.03380491	0.14102829	0.02472171	0.0035575903	0.015179669	0.0	0.1225483	0.0	0.0	0.0	0.0	0.0	0.0	0.0	0.0	0.2300013	0.0	0.0057637347	0.0	0.0	0.05310424	0.0	0.042160627	0.0	0.0	0.061271742	0.17452116	0.06586559	0.0071087773	0.0040105814	0.055401217	0.0	0.040446017	0.0	0.026250495	0.023123551	0.011735216	0.0025318395	0.022159234	0.016989872	0.034385595	0.02690082	0.016095115	0.012682859	0.0063034804	0.0	0.0015823997	0.045042906	0.06968655	0.029670285	0.034129288	0.041850246	0.0	0.0018988798	0.13174373	0.0	0.034239203	0.0	0.0015823997	0.0	0.0	0.0	0.0033849	0.0	0.011527469	0.0	0.0	0.0015664957	0.0022153598	0.0	0.0	0.057285786	0.019085465	0.011467801	0.18575945	0.011075851	0.0075618625	0.0035883298	0.0	0.0028445907	0.0040105814	0.019257633	0.10632636	0.0015823997	0.003150776	0.0020329086	0.016209811	0.008594732	0.0	0.0	0.004706284	0.0	0.0	0.0	0.0	0.0	0.0	0.0025318395	0.0	0.0018988798	0.0	0.0	0.0	0.0	0.0	0.0	0.0031075848	0.0015698943	0.0	0.0	0.0	0.0	0.0	0.0	0.0	0.0	0.0015209338	0.0	0.0	0.0	0.013981779	0.01024611	0.021351676	0.0040105814	0.018265527	0.0830829	0.006593967	0.0054949727	0.04056535	0.0	0.0	0.03523248	0.006882718	0.16071132	0.035657883	0.0	0.0	0.0012659198	0.0	0.0	0.0	0.0	0.0	0.0	0.0	0.05197971	0.01024611	0.024401916	0.071931146	0.052476574	0.0015664957	0.0	0.0	0.0	0.003007936	0.1347548	0.0	0.0	0.0	0.0	0.0	0.0025318395	0.0	0.0	0.0	0.0	0.0	0.0	0.0035805618	0.0025318395	0.0	0.0	0.0	0.0	0.0031329915	0.0	0.06431874	0.0011076799	0.05000639	0.006501922	0.1906246	0.0	0.0	0.0	0.0	0.0	0.13962066	0.097607665	0.042703353	0.0	0.0	0.0	0.085406706	0.106566355	0.0014374836	0.0	0.055842858	0.0	0.008791956	0.024189979	0.12781553	0.14613837	0.0	0.0022814006	0.0	0.067213826	0.101635285	0.057611845	0.067213826	0.0032263875	0.0026616342	0.0022814006	0.0	0.10914152	0.092994034	0.057611845	0.104647435	0.011957311	0.0908677	0.116795324	0.0032263875	0.1637161	0.0022814006	0.0778866	0.036602873	0.0022814006	0.010249124	0.0	0.0037641188	0.11195575	0.061916787	
0.01893643	0.0	0.0	0.0	0.0	0.0	0.0	0.0	0.0	0.3191162	0.0	0.81889623	0.10715884	0.22250196	0.1515467	0.018760908	0.019141857	0.008284687	0.09305575	0.02642371	0.0	0.06494843	0.05453406	0.24585903	0.052408837	0.0	0.03787286	0.080662616	0.016310476	0.013823762	0.38967648	0.11127281	0.10521167	0.0	0.091167055	0.0	0.03151078	0.026531933	0.026531933	0.044115096	0.0	0.0	0.0	0.0044273157	0.0017511719	0.04269046	0.016569374	0.05386697	0.024459457	0.014202322	0.08683017	0.0	0.022141656	0.0	0.01005258	0.01893643	0.019636385	0.0030887697	0.069392145	0.0	0.0	0.016569374	0.0061775395	0.06559701	0.04218946	0.015433792	0.051932115	0.01658246	0.059098534	0.0	0.026531933	0.0	0.0	0.0	0.0	0.0	0.0	0.01989895	0.03283159	0.0	0.0	0.0	0.0	0.0	0.0	0.0	0.014202322	0.26494732	0.017232994	0.0030331186	0.0	0.095112346	0.0046331547	0.10233412	0.102563486	0.017142104	0.016569374	0.007101161	0.0	0.16270933	0.0	0.0	0.0	0.005312779	0.0	0.0	0.0044273157	0.0	0.08792693	0.0	0.048633624	0.0	0.0	0.060999095	0.020006752	0.017917091	0.0	0.0	0.37093887	0.10141763	0.2876474	0.17518844	0.0046697916	0.18032943	0.0	0.24672315	0.0	0.081766404	0.13672268	0.079490066	0.026531933	0.0	0.058080856	0.050644558	0.040515646	0.022977326	0.10066997	0.06091661	0.0	0.01658246	0.033536624	0.0108678	0.012420344	0.012420344	0.064540565	0.0	0.01989895	0.050347228	0.0	0.018760908	0.0	0.01658246	0.0	0.0	0.0	0.015765075	0.0	0.03151078	0.0	0.0	0.034284208	0.023215441	0.0	0.0	0.17161523	0.036181085	0.033273093	0.018965527	0.030325959	0.014070682	0.0053820005	0.0	0.0	0.0046697916	0.04661674	0.03995962	0.01658246	0.0058627836	0.009468215	0.0047185454	0.019168993	0.0	0.0	0.008207898	0.0	0.003875276	0.0	0.0	0.0	0.0	0.026531933	0.0	0.01989895	0.0	0.0	0.0	0.0043864017	0.0	0.0040996354	0.0015443849	0.02982992	0.0	0.0	0.0046852976	0.002928311	0.0025587343	0.0	0.0	0.0	0.009795981	0.006620971	0.0	0.0	0.025276903	0.0	0.026470052	0.0046697916	0.013265966	0.10322135	0.07721555	0.038505048	0.058958124	0.0	0.0	0.107552916	0.060194544	0.16257972	0.067170925	0.0	0.0	0.031370174	0.0	0.0	0.005312779	0.0	0.0	0.0	0.005312779	0.073622964	0.0	0.005814878	0.06930614	0.08599111	0.04733053	0.0	0.0	0.0	0.020246629	0.05579206	0.0	0.0	0.0	0.005312779	0.0	0.026531933	0.0	0.0	0.0	0.0	0.0	0.0	0.037521817	0.026531933	0.0	0.0	0.0	0.0	0.03283159	0.0	0.013497752	0.036212973	0.06418226	0.0	0.07950696	0.0	0.0	0.0	0.0	0.0	0.15353742	0.0045460495	0.011489047	0.0	0.0	0.0	0.0039777933	0.09515696	0.019147573	0.0	0.2144227	0.0033104855	0.061608076	0.035042744	0.008987319	0.082949564	0.0	0.0	0.0	0.0019888966	0.0019888966	0.030324345	0.0019888966	0.0	0.0	0.0	0.0042921444	0.049031667	0.0057599004	0.0017047685	0.049031667	0.0	0.01839372	0.008128082	0.0	0.019564055	0.0	0.015766047	0.0017047685	0.0	0.0	0.0	0.0	0.01876726	0.01839372	
0.01544294	0.0	0.0	0.0	0.0	0.0	0.0	0.0	0.0	0.012059882	0.0	0.0048160166	0.067790866	0.01972959	0.00772147	0.0	0.0055610575	0.006756286	0.018920267	0.006686989	0.0	0.0055610575	0.0055610575	0.015289577	0.02213892	0.0	0.03088588	0.0439384	1.0195336	0.26952037	0.2265209	0.022004576	0.35866725	0.0	0.28562737	0.0	0.14260653	0.22817044	0.22817044	0.19964914	0.0	0.0	0.0	0.24700174	0.121005654	0.0	0.013512572	0.21839415	0.9636907	0.011582205	0.17742436	0.0	0.033006866	0.0	0.1391442	0.01544294	0.025985902	0.0	0.022918189	0.0	0.0	0.013512572	0.0	0.0	0.37165722	0.0	0.009268429	0.0	0.019303676	0.0	0.22817044	0.0	0.22817044	0.0	0.0	0.28521305	0.24201131	0.24201131	0.0	0.22817044	0.17112784	0.17112784	0.0	0.44757444	0.0	0.28999323	0.011582205	0.11796647	0.009481037	0.008313576	0.40209827	0.14717054	0.0	0.062378492	0.021570798	0.15907246	0.013512572	0.0057911025	0.0	0.12275467	0.0	0.0	0.11408522	0.0	0.0	0.22817044	0.0	0.0	0.05960435	0.0	0.007900864	0.0	0.011012227	0.020600721	0.028317612	0.7011995	0.0	0.0	0.0	0.26135048	0.0	0.006607336	0.0	0.010961294	0.0	0.006712394	0.0	0.0	0.004404891	0.013563908	0.0	0.0	0.0	0.0	0.008809782	0.008809782	0.006712394	0.22165906	0.0	0.14260653	0.012681195	0.0	0.0	0.0	0.12376897	0.0	0.0	0.0	0.0	0.0	0.17112784	0.20167607	0.49336323	0.018962074	0.28521305	0.0656529	0.0	0.20167607	0.0	0.0	0.0	0.0	0.22817044	0.0	0.0078311255	0.14566778	0.0	0.012975801	0.0	0.0	0.0	0.0	0.0	0.0	0.09060693	0.14846931	0.011012227	0.21424508	0.18121386	0.0	0.0	0.0	0.0	0.042703412	0.0	0.04318248	0.0	0.0	0.06477372	0.0	0.22817044	0.0	0.0	0.0	0.11408522	0.0	0.0	0.0	0.007708559	0.0	0.005450774	0.0	0.006229456	0.008809782	0.0055061136	0.005450774	0.0	0.0	0.0	0.0	0.0	0.0	0.004474929	0.0047405185	0.0	0.07364462	0.0	0.025298394	0.015136213	0.0	0.0	0.03148086	0.0	0.013424788	0.021616707	0.004825919	0.058787223	0.08246366	0.0	0.013424788	0.005542384	0.006712394	0.0	0.0	0.0	0.0	0.0	0.0	0.0055610575	0.0	0.037761573	0.016224524	0.036519557	0.022625852	0.0	0.011187323	0.0	0.013424788	0.029054588	0.0	0.0	0.0	0.0	0.06477372	0.0	0.0	0.017899716	0.0	0.017899716	0.0	0.022374647	0.0	0.0	0.0	0.017899716	0.0	0.017899716	0.0	0.0	0.05059679	0.018892337	0.0417421	0.0	0.034297958	0.0	0.0078311255	0.0	0.0	0.0	0.09144957	0.014829487	0.0064879004	0.0	0.0	0.16393633	0.012975801	0.01819013	0.18019441	0.0	0.0054599037	0.006607336	0.0	0.0	0.0	0.005243015	0.0	0.0	0.0	0.0064879004	0.1572202	0.03008419	0.0064879004	0.0	0.09982457	0.08556392	0.0	0.02270432	0.0046342146	0.13476019	0.02270432	0.0	0.026488373	0.0055610575	0.0	0.007864523	0.0	0.02270432	0.024546903	0.0	0.0	0.0	0.0	0.0055610575	0.026488373	
0.0050971303	0.0	0.0	0.0	0.0	0.0	0.0	0.0	0.0	0.022860087	0.0	0.015470727	0.009336024	0.0077164304	0.01091268	0.0	0.008032652	0.0022299944	0.018517299	0.0073220194	0.0	0.0018354944	0.019813012	0.05440223	0.0067283777	0.0	0.010194261	0.0060096066	0.3778755	0.057046067	0.049062125	0.0065119904	0.05612052	0.006038693	0.04722417	0.0	0.02647632	0.042362113	0.042362113	0.701551	0.0	0.0	0.0	0.2673502	0.022465901	0.0077877757	0.004459989	0.04421307	0.0895239	0.0038228477	0.038602963	0.0	0.0027031617	0.0	0.009266712	0.0050971303	0.018317522	0.004880001	0.0075644264	0.003598188	0.0	0.004459989	0.0	0.008827849	0.03669053	0.0034506817	0.014745019	0.0	0.006371413	0.0069013634	0.042362113	0.0	0.042362113	0.0	0.0	0.05295264	0.044931803	0.044931803	0.0	0.042362113	0.031771585	0.031771585	0.0	0.018721586	0.0	0.052555166	0.0038228477	0.011276529	0.0021808313	0.0021808313	0.018533424	0.016050417	0.0	0.0098311575	0.006911723	0.05698105	0.004459989	0.00818451	0.0	0.20465711	0.0	0.0	0.53924793	0.0	0.02284389	0.6407103	0.03470101	0.0	0.031310603	0.0	0.023036815	0.0	0.0	0.0	0.0	0.1163432	0.0	0.0	0.0018173595	0.020931369	0.0017253408	0.0	0.0	0.0017253408	0.0	0.0	0.0	0.0	0.0	0.0	0.0	0.0	0.0	0.0	0.0	0.0	0.0010904156	0.018343331	0.0	0.02647632	0.0021808313	0.0	0.0	0.0	0.01323816	0.0	0.0	0.0	0.0	0.0	0.031771585	0.037443172	0.05295264	0.0	0.05295264	0.0	0.0	0.42968887	0.0	0.0	0.024290707	0.0	0.042362113	0.0	0.0	0.010590528	0.0025880113	0.0042828205	0.0	0.0025880113	0.0210607	0.0	0.013911112	0.0	0.050140858	0.060276613	0.0	0.028973073	0.038435668	0.0	0.002638923	0.0	0.0	0.002638923	0.0	0.0	0.0	0.0	0.0	0.0	0.042362113	0.0	0.0	0.0	0.0523687	0.0	0.0	0.0	0.0	0.0	0.0	0.0	0.0	0.0	0.0	0.0	0.0	0.0	0.0	0.007925666	0.0	0.0067477883	0.16492021	0.28559324	0.0	0.027891617	0.0	0.0022492628	0.004995891	0.0021808313	0.0	7.964266E-4	0.0	0.0	0.0	0.0015928532	0.00886902	0.017031522	0.0	0.0	0.031830676	0.0	0.0	0.0	0.07957669	0.0	0.0	0.0	0.0018354944	0.0	0.005355101	0.0058980077	0.009815042	0.0	0.0	0.0	0.0	0.0	0.022362638	0.0	0.0	0.0	0.0	0.0	0.0	0.0	0.0	0.0	0.0	0.0	0.0	0.0	0.0	0.0	0.0	0.0	0.0	0.0	0.0	0.0	0.1971523	0.0027031617	0.0	0.03427869	0.042840745	0.0	0.0	0.015207212	0.0	0.019084984	0.004894652	0.0021414103	0.097188324	0.0	0.018533424	0.0042828205	0.014910126	0.04124209	0.0	0.014944009	0.0025880113	0.0	0.0	0.0018173595	0.0017305206	0.0	0.0028600881	0.0	0.010956359	0.058279943	0.020629242	0.010956359	0.004044775	0.03805831	0.03262141	0.0	0.007493837	0.007825971	0.04995423	0.01982102	0.0145459585	0.023124522	0.011760539	0.004044775	0.010911738	0.012467964	0.01982102	0.0018354944	0.0028600881	0.0028600881	0.0	0.0047189044	0.009391165	0.008742809	
0.01686396	0.0	0.0	0.0	0.0	0.0	0.0	0.0	0.0	0.01431366	0.0	0.05033139	0.067369334	0.0059623104	0.00843198	0.0	0.024291085	0.0073779826	0.04617382	0.0073023085	0.0	0.024291085	0.024291085	0.031117497	0.024542814	0.0	0.03372792	0.047000747	0.6477076	0.36342767	0.09661563	0.0059623104	0.2128658	0.0	0.22378828	0.0	0.2504182	0.20036128	0.19357781	0.05450508	0.063005574	0.066760354	0.066760354	0.067432545	0.0871053	0.0	0.014755965	0.12637484	0.08633416	0.01264797	0.045683034	0.0	0.008943466	0.0	0.01362627	0.01686396	0.057747513	0.0	0.052722517	0.0	0.0	0.014755965	0.0	0.0	0.2912919	0.0	0.040485144	0.0	0.021079948	0.0	0.062291518	0.0	0.062291518	0.0	0.0	0.0778644	0.06607014	0.06607014	0.0	0.062291518	0.046718642	0.046718642	0.0	0.027529223	0.0	0.0389322	0.01264797	0.026361259	0.0	0.0	0.02725254	0.17276266	0.0	0.009127885	0.022901855	0.02725254	0.014755965	0.006323985	0.0	0.106666885	0.063005574	0.05900837	0.031145759	0.0	0.0	0.062291518	0.0	0.0	0.0399877	0.0	0.010431305	0.0	0.0	0.0	0.0	0.11783627	0.0	0.0	0.0	0.030778605	0.0	0.012517566	0.0	0.0	0.0	0.0	0.0	0.0	0.0	0.0	0.0	0.0	0.0	0.0	0.0	0.0	0.0	0.19198906	0.0	0.0389322	0.0	0.0	0.0	0.0	0.060493063	0.0	0.0	0.0	0.0	0.0	0.046718642	0.055058446	0.0778644	0.0	0.0778644	0.0	0.0	0.055058446	0.063005574	0.05900837	0.022051949	0.029207654	0.062291518	0.0	0.0073019136	0.015572879	0.0	0.0566792	0.0	0.0	0.0	0.0	0.0	0.0	0.0813899	0.06688051	0.0	0.025751228	0.07201458	0.0	0.0	0.0	0.0	0.0	0.0	0.0	0.0	0.0	0.0	0.0	0.062291518	0.0	0.0	0.0	0.031145759	0.0	0.0	0.0	0.014603827	0.0	0.0	0.0	0.0	0.0	0.0	0.0	0.0	0.0	0.0	0.0	0.0	0.0	0.0	0.0	0.029207654	0.05139206	0.0	0.0	0.036939055	0.0	0.0	0.0026349935	0.0	0.0	0.008610675	0.005269987	0.06867148	0.02770429	0.0	0.0	0.0	0.0	0.0	0.0	0.0	0.0	0.0	0.0	0.024291085	0.0	0.058733787	0.016194057	0.024622396	0.0	0.0	0.0	0.0	0.0	0.026361259	0.0	0.0	0.0	0.0	0.0	0.0	0.0	0.0	0.0	0.0	0.0	0.0	0.0	0.0	0.0	0.0	0.0	0.0	0.0	0.0	0.0	0.0	0.008943466	0.0	0.1103803	0.0	0.0	0.0	0.0	0.0	0.09953181	0.06477623	0.0283396	0.0	0.0	0.02725254	0.0566792	0.08310534	0.050921995	0.0	0.0059623104	0.0	0.0	0.0	0.0	0.022901855	0.0	0.0	0.0	0.0283396	0.11118428	0.024291085	0.0283396	0.0	0.02725254	0.023359321	0.0	0.05540858	0.020242572	0.09530081	0.05540858	0.0	0.064643346	0.024291085	0.0	0.03435278	0.0	0.05540858	0.024291085	0.0	0.01722135	0.0	0.0	0.024291085	0.064643346	
0.005182145	0.0	0.0	0.0	0.0	0.0	0.0	0.0	0.0	0.07514685	0.0	0.044833384	0.047010325	0.031601638	0.011094693	0.0022818279	0.008166629	0.01411761	0.006349022	0.0074441433	0.0	0.015710576	0.015880309	0.060733907	0.010791936	0.0	0.01036429	0.0061098416	0.24166119	0.03273099	0.05364172	0.013353647	0.19892572	0.0	0.2221484	0.0	0.13041495	0.1735117	0.092220955	0.016748928	0.07744422	0.020514864	0.020514864	0.020721424	0.026766684	0.022108478	0.004534377	0.03862353	0.04142753	0.0038866089	0.056589164	0.0	0.0027482475	0.0	0.023194365	0.005182145	0.01862304	0.0	0.007690594	0.0036582025	0.0	0.004534377	0.0	0.01829798	0.10071635	0.0	0.0031101813	0.00201687	0.0064776815	0.0	0.038393423	0.0	0.019141633	0.0	0.0	0.02392704	0.020302767	0.03771488	0.003993199	0.019141633	0.014356224	0.014356224	0.0	0.008459486	0.0	0.01196352	0.0038866089	0.05978962	0.020412132	0.0022172055	0.008374464	0.15334344	0.0	0.008462121	0.0017593843	0.10218949	0.004534377	0.00832102	0.0	0.03237538	0.07744422	0.01813275	0.0095708165	0.0	0.0	0.019141633	0.0	0.0	0.05133873	0.0	0.0018476711	0.0	0.0	0.0070135975	0.0032010218	0.07328797	0.0	0.0	0.006547627	0.062205542	0.008649027	0.001210122	0.0	0.0011409139	0.0	0.006512904	0.0	0.0028236182	0.007923777	0.0024453248	0.0032269922	0.0	0.0028236182	0.0028522848	0.0022818279	0.01223157	0.015242764	0.12819707	0.0	0.023995891	0.021384886	0.0047916165	0.0054761334	0.0054761334	0.014212621	0.0	0.002420244	0.011636942	0.0	0.0022818279	0.014356224	0.031429067	0.02392704	0.0	0.02392704	0.0	0.0	0.016918972	0.07744422	0.01813275	0.04664801	0.023597741	0.019141633	0.0	0.0012226624	0.013106476	0.008404434	0.0043542543	0.0011409139	0.001711371	0.0	0.0	0.0	0.0	0.020342274	0.042451765	0.00201687	0.0140089	0.02212944	0.0	0.0	0.0	0.0	9.982998E-4	0.0	0.0	0.0	0.0	0.0	0.0	0.038393423	0.0	0.002420244	0.0	0.0095708165	0.0	0.0	0.0	0.0	0.0	0.0	0.0	0.0	0.0	0.0	0.0	0.0	0.0	0.0	0.0020904015	0.0	0.0	0.0	0.0021276968	0.0	0.0058353296	0.0	0.007923777	0.020027682	0.11707109	0.0014261424	0.009544791	0.0	0.0	0.060058147	0.007390251	0.05872525	0.10600232	0.0	0.0	0.0016134961	0.002490846	0.0	0.0	0.0	0.002490846	0.0	0.0	0.05401215	0.0	0.016677415	0.08180519	0.041206945	0.022154696	0.0	0.0	0.0	0.0	0.07922583	0.002490846	0.0	0.0	0.0	0.0	0.0032269922	0.0	0.0	0.0	0.0	0.0	0.0	0.0045636557	0.0032269922	0.0	0.0	0.0	0.0	0.003993199	0.0	0.0	0.0057296054	0.024641288	0.0	0.08074574	0.0	0.0	0.0	0.0	0.0	0.13579829	0.0049762903	0.0021771272	0.0	0.0	0.008374464	0.0043542543	0.006104013	0.026776383	0.0	0.01235115	0.0	0.011205913	0.001210122	0.015551467	0.013003669	0.0	0.0	0.0	0.0021771272	0.019093078	0.008166629	0.0021771272	0.0	0.008374464	0.007178112	0.0	0.007618827	0.0015550907	0.016365495	0.007618827	0.0	0.008888631	0.001866109	0.0	0.010259844	0.0	0.007618827	0.001866109	0.0042553935	0.0	0.0	0.0	0.001866109	0.008888631	
0.062810645	0.0	0.0	0.0	0.0	0.0	0.0	0.0	0.0	0.21281	0.0	0.06284773	0.08147617	0.6251319	0.058281686	0.0031661524	0.033223327	0.027479658	0.044636082	0.14471266	0.0	0.046296775	0.24108881	0.21263249	0.011062639	0.12626563	0.057523925	0.06628942	0.035226338	0.0	0.82550436	0.25996053	0.34900257	0.0	0.07657511	0.0	0.0	0.004477616	0.004477616	0.0	0.0	0.0	0.0	0.0	0.0	0.027770558	0.05495932	0.20704405	0.008039885	0.21176071	0.20533164	0.0	0.106864266	0.0	0.011535832	0.062810645	0.15329437	0.0	0.075346194	0.018264398	0.0	0.054959316	0.0	0.055291872	0.0	0.027610835	0.004097438	0.060165845	0.08976295	0.0	0.004477616	0.0	0.0	0.0	0.0	0.0	0.0049169254	0.003358212	0.0055407668	0.0	0.0049169254	0.0049169254	0.0	0.0	0.0	0.0	0.058844384	0.23109567	0.025329735	0.011069898	0.0	0.0021901804	0.0	0.22259313	0.010034925	0.15965527	0.05495932	0.047784586	0.0	0.14904001	0.0	0.0	0.0	0.0	0.0	0.0	0.0	0.0	0.20492886	0.0	0.009224914	0.0	0.0	0.011019196	0.0	0.0015382429	0.0	0.0	0.009085167	0.020220023	0.015838496	0.001679106	0.0	0.014726721	0.0	0.022122927	0.0	0.003917914	0.014268117	0.0033930128	0.004477616	0.0	0.003917914	0.0039576907	0.0031661524	0.028464576	0.026976585	0.0015830762	0.0	0.0027985098	0.042601854	0.005552787	0.0	0.0	0.010819539	0.0	0.003358212	0.0023746144	0.0	0.0031661524	0.0	0.0027985098	0.0	0.0	0.0	0.0	0.0	0.0	0.0	0.0	0.02977102	0.042102583	0.0	0.0	0.0016965064	0.0027419685	0.020281067	0.00836133	0.08790886	0.038186032	0.0	0.007932553	0.005552787	0.0	0.08423462	0.016934859	0.0027985098	0.008097908	0.031405322	0.031991825	0.019131836	0.0	0.0	0.012388093	0.0	0.0	0.0	0.0	0.0	0.0	0.004477616	0.0	0.04962187	0.0	0.0	0.0	0.004759532	0.011105574	0.0	0.0	0.0	0.0126920855	0.0044873296	0.011845927	0.0	0.0	0.0	0.0	0.0	0.025880376	0.0	0.0	0.0	0.002379766	0.018120479	0.033238914	0.0	0.002238808	0.028414406	0.010902201	0.0019788453	0.038291432	0.0	0.0	0.0022212483	0.019628327	0.04943978	0.0358019	0.0	0.0	0.002238808	0.0	0.0	0.0	0.0	0.0	0.0	0.0	0.009666154	0.018120479	0.0020509905	0.0029616645	0.037842374	0.0027703834	0.0	0.0	0.0	0.0	0.027212242	0.0	0.0	0.0	0.0	0.0	0.004477616	0.0	0.0	0.0	0.0	0.0	0.0	0.006332305	0.004477616	0.0	0.0	0.0	0.0	0.0055407668	0.0	0.007872767	0.009654326	0.20783514	0.0	0.05021826	0.0	0.0	0.0	0.0	0.0	0.07602386	0.0	0.0	0.0	0.0	0.0	0.0	0.010897507	0.13092844	0.0	0.11133271	0.0	0.0031661524	0.001679106	0.09018261	0.016547477	0.0	0.0	0.0	0.0	0.0	0.0030764858	0.0	0.0	0.0	0.0	0.0	0.010785737	0.0	0.0	0.010785737	0.0	0.012583359	0.0035834273	0.0	0.028619578	0.0	0.010785737	0.0	0.0	0.0	0.0	0.0	0.0	0.012583359	
0.14751528	0.0	0.0	0.0	0.0	0.0	0.0	0.0	0.0	0.2511146	0.0	0.1450896	0.19295125	0.31372648	1.3710498	0.42608035	1.1705734	0.098460734	0.2508074	0.20678766	0.0039477665	0.011354736	0.20014085	0.256999	0.01520702	0.13018095	0.0771626	0.17783028	0.017311713	0.0017839291	0.20847851	0.23144044	0.14776124	0.0	0.3538987	0.0	0.0014866075	0.006006275	0.006006275	0.0020812505	0.0	0.0	0.0	0.0	0.030166546	0.14493391	0.19990069	0.66365314	0.039873444	0.23222882	0.31211892	0.018399948	0.4376597	0.0	0.045389585	0.1475153	0.25181782	0.0062930956	0.3852859	0.05307299	0.0	0.12907587	0.012586191	0.06138423	7.4330374E-4	0.007861247	0.09638994	0.0037539217	0.080311656	0.0	0.006006275	0.0	0.0	0.0	0.0	0.0	0.07510328	0.004504706	0.0074323853	0.0	0.07510328	0.07510328	0.0	0.007640668	0.0	0.0	0.050974097	0.47926366	0.05849421	0.048342764	0.0	0.021718303	0.009439644	0.34980977	0.1286252	0.10273921	0.12907587	0.10344165	0.0	0.08431337	0.0	0.0	0.0	0.0	0.0	0.0	0.0	0.0	0.31525645	0.0	0.06459793	0.0	0.0	0.0054359827	0.0	0.0044330456	0.0	0.0	0.042451456	0.0037176658	0.023409778	0.008013313	0.002378572	0.013146859	0.0	0.010940405	0.0	0.00525549	0.019578973	0.004551388	0.006006275	0.0	0.00525549	0.005308847	0.0042470777	0.005201586	0.017703978	0.008110175	0.0	0.0037539217	0.026038582	0.0010406253	0.001189286	0.001189286	0.013480873	0.0	0.004504706	0.0074538556	0.0	0.0042470777	0.0	0.0037539217	0.0	0.0	0.0	0.0	0.0	0.0014866075	0.0	0.0	0.0037161927	0.00525549	0.0	0.0	0.01838958	0.009213028	0.0031853083	0.0028039725	0.0996824	0.0031853083	0.0	0.0	0.0	0.002378572	0.06427284	0.016497388	0.0037539217	0.0013272117	0.07375765	0.01072846	0.0010779743	0.0	0.0	0.0053778663	0.0	0.0	0.0	0.0	0.0	0.0	0.006006275	0.0	0.004504706	0.0	0.0	0.0	0.0	0.0	0.0	0.030504834	0.0	0.0	0.0	0.0	0.0	0.0010779743	0.0	0.0	0.0	0.04291125	0.0	0.0	0.001736201	0.008134888	0.0	0.017586678	0.002378572	0.017172243	0.060281828	0.014624214	0.01926631	0.19198051	0.0	0.0	0.028017795	0.08982117	0.079610944	0.18542661	0.0	0.0	0.032181382	0.0	0.0	0.0	0.0	0.0	0.0	0.0	0.045710687	0.0	0.016137306	0.009238491	0.156098	0.016055604	0.0	0.0	0.0	0.0017839291	0.17687283	0.0	0.0	0.0	0.0	0.0	0.006006275	0.0	0.0	0.0	0.0	0.0	0.0	0.0084941555	0.006006275	0.0	0.0	0.0	0.0	0.0074323853	0.0	0.001189286	0.030967709	0.17209296	0.0079450635	0.041536834	0.0	0.0	0.0	0.0	0.008208112	0.16001199	0.0	0.0019129392	0.0	0.0	0.0	0.0	0.025868278	0.12513293	0.0039477665	0.3656673	0.0	0.0042470777	0.01076583	0.118805826	0.04331073	0.0	0.0	0.0	0.0	0.007868958	0.0041267984	0.0	0.0	0.0	0.0	0.0021862164	0.041936442	0.010660938	0.0	0.014467987	0.007868958	0.032649726	0.0012017025	0.0	0.004187334	0.0019800996	0.014467987	0.0	0.0	0.006744821	0.0	0.0	0.0	0.016879318	
0.14712337	0.0	0.0	0.0	0.0	0.0	0.0	0.0	0.0	0.3315488	0.0	0.021027025	0.119862035	0.15380128	0.090548165	0.01642563	0.12260489	0.07195737	1.9493377	0.11682001	0.005953099	0.013002373	0.08605382	0.3153256	0.21111432	0.013261185	0.065451704	0.061618	9.2589326E-4	0.010617852	0.08695973	0.09962277	0.05437448	0.020268282	0.08985645	0.0	0.002241754	0.0	0.0	0.0031384556	0.0	0.0	0.0	0.0	0.0013450524	0.08987686	0.07673405	0.21717963	0.012631989	0.06577204	0.05684707	0.0052089617	0.09895482	0.0	0.0018416459	0.14712337	0.10442968	0.09369632	1.0066121	0.025265886	0.0	0.12873296	0.022676738	0.20370805	0.004424105	0.14434136	0.07918679	0.043037448	0.07870478	0.0	0.0	0.0	0.0	0.0	0.0	0.0	0.009945889	0.0	0.0	0.0	0.009945889	0.009945889	0.0	0.02409658	0.0	0.009619234	0.22053272	0.51697075	0.07079407	0.07489623	0.0067334636	0.05356019	0.0035586662	0.10867715	0.21491945	0.033385426	0.12873295	0.06785733	0.0	0.12024373	0.0	0.0	0.0076953876	0.0	0.0	0.0	0.009619234	0.0	0.28080675	0.07957494	0.3457391	0.0041209254	0.009619234	0.02054846	0.05877975	0.044143386	0.041386284	0.07957494	0.006135874	0.0	0.16511427	0.009433982	0.0035868064	0.013719121	0.0076953876	0.012584929	0.0	0.0	0.059872154	0.0	0.0045015216	0.0	0.0	0.0031362942	0.009519593	0.027546002	0.0648964	0.023674808	0.0	0.023837732	0.035723094	0.0015692278	0.0017934032	0.0017934032	0.0163333	0.0	0.003376141	0.006066246	0.0	0.0	0.0	0.0	0.0	0.011543081	0.0	0.0	0.0	0.002241754	0.0	0.0	0.0	0.0	0.015390775	0.0	0.04408086	0.0015915281	0.018093823	0.014567176	0.07029728	0.0016880705	0.0	0.014217859	0.0024322313	0.016176656	0.042090252	0.047279615	0.002813451	0.0038949952	0.043848027	0.11008935	0.035263915	0.0	0.0041695395	0.014462942	0.0	0.0	0.0	0.0	0.0	0.011374287	0.0	0.0	0.003376141	0.0	0.0	0.0	0.0	0.0	0.009952501	0.017309682	0.017445467	0.0	0.0068914494	0.011374287	0.012674786	0.008120832	0.0	0.0	0.0	0.010058426	0.005085482	0.004361176	0.0	0.023740891	0.0	7.638229E-4	0.017209755	0.0	0.024040898	0.0	0.0	0.0927728	0.0	0.0	0.04874229	0.17054112	0.21698816	0.09936107	0.0	0.0	0.02355053	0.0	0.0	0.0	0.0	0.0	0.0	0.0	0.03340827	0.0	0.015045171	0.029538399	0.19059926	0.0011654858	0.0	0.0	0.0	0.015551174	0.13152523	0.0	0.01065587	0.0	0.0	0.006921191	0.0	0.0	0.0	0.0	0.0	0.0	0.0	0.0	0.0	0.0	0.0	0.0	0.0	0.0	0.0	0.024273524	0.03716551	0.06668218	0.0	0.01767374	0.0	0.0	0.0	0.0	0.0	0.185287	0.003491762	0.0015276459	0.0	0.0	0.0	0.0030552917	0.031324983	0.11099028	0.005953099	0.56384695	0.10822859	0.019070188	0.0057715406	0.05892267	0.19645682	0.0	0.0	0.0	0.0015276459	0.009353045	0.019255316	0.009353045	0.0	0.0024322313	0.0	0.0	0.02160057	0.004424105	0.008016896	0.02160057	0.0	0.025200663	0.0062430752	0.0026990373	0.015026898	0.0	0.059885737	0.0013094108	0.0	0.0	0.0	0.0	0.0013094108	0.06781937	
2.78834	0.0	0.0	0.0	0.0	0.0	0.0	0.0	0.0	0.32552704	0.0	0.0	0.35314772	0.3630515	0.4637277	0.0	0.0	1.4730895	0.0758024	1.1408143	0.0	0.0	0.11728784	0.26011765	0.0	0.22116008	0.48513532	0.23186386	0.0	0.0	0.30120003	0.32790503	0.2776676	0.0	0.23186386	0.0	0.0	0.0	0.0	0.0	0.0	0.0	0.0	0.0	0.0	0.05529002	0.81152356	0.2776676	0.0	0.6955916	0.2776676	0.0	0.54457724	0.0	0.0	2.78834	1.5647892	0.0	0.35262656	0.8499695	0.0	2.4397976	0.0	0.048378766	0.0	0.0	0.13822505	0.0	0.3032096	0.0	0.0	0.0	0.0	0.0	0.0	0.0	0.16587006	0.0	0.0	0.0	0.16587006	0.16587006	0.0	0.0	0.0	0.0	0.18192574	0.20494065	0.5151593	0.5151593	0.0	0.0	0.0	0.45806694	0.05529002	0.34058785	2.4397976	1.3657064	0.0	0.43567815	0.0	0.0	0.0	0.0	0.0	0.0	0.0	0.0	0.26951867	0.0	0.4292994	0.0	0.0	0.0	0.0	0.0	0.0	0.0	0.0	0.0	0.0	0.0	0.0	0.0	0.0	0.0	0.0	0.0	0.0	0.0	0.0	0.0	0.0	0.0	0.0	0.0	0.0	0.0	0.0	0.0	0.0	0.0	0.0	0.0	0.0	0.0	0.0	0.0	0.0	0.0	0.0	0.0	0.0	0.0	0.0	0.0	0.0	0.0	0.0	0.0	0.0	0.0	0.0	0.0	0.0	0.0	0.0	0.0	0.0	0.0	0.0	0.0	0.0	0.0	0.060641915	0.0	0.0	0.0	0.4637277	0.0	0.0	0.0	0.0	0.0	0.0	0.0	0.0	0.0	0.0	0.0	0.0	0.0	0.0	0.0	0.0	0.0	0.0	0.0	0.0	0.0	0.0	0.0	0.0	0.0	0.0	0.0	0.0	0.0	0.0	0.05529002	0.0	0.0	0.0	0.0	0.0	0.0	0.0	0.0	0.060641915	0.0	0.0	0.17354226	0.0	0.0	0.0	0.28982985	0.17354226	0.2082507	0.0	0.0	0.0	0.0	0.0	0.0	0.0	0.0	0.0	0.0	0.08293503	0.0	0.0	0.0	0.16395251	0.0	0.0	0.0	0.0	0.0	0.22690718	0.0	0.0	0.0	0.0	0.0	0.0	0.0	0.0	0.0	0.0	0.0	0.0	0.0	0.0	0.0	0.0	0.0	0.0	0.0	0.0	0.0	0.09675753	0.49185753	0.0	0.0	0.0	0.0	0.0	0.0	0.0	0.16395251	0.0	0.0	0.0	0.0	0.0	0.0	0.09190552	0.32790503	0.0	0.9858271	0.0	0.0	0.0	0.069112524	0.0	0.0	0.0	0.0	0.0	0.0	0.0	0.0	0.0	0.0	0.0	0.0	0.09096287	0.0	0.0	0.09096287	0.0	0.10612335	0.0	0.0	0.0	0.0	0.09096287	0.0	0.0	0.0	0.0	0.0	0.0	0.10612335	
0.0	0.0	0.0	0.0	0.0	0.0	0.0	0.0	0.0	0.22337787	0.0	0.07006057	0.0015961283	0.03657292	0.025189636	0.0	0.008975131	0.0	0.12612706	0.008148134	0.0	0.0	0.2185492	0.417215	0.07241568	0.0	0.0	0.03350456	0.0053987955	0.0036196867	0.02119479	0.008320315	0.0019736513	0.16296126	0.03190968	0.0	0.013871915	0.0	0.0	0.01942068	0.0	0.0	0.0	0.0	0.0018098434	0.36303115	0.0	0.051787093	0.0071395594	0.0	0.0013955822	0.0	0.01672035	0.0	0.0	0.0	0.010726368	0.22066468	0.039589986	0.0034538899	0.0	0.0	0.18587303	0.7995477	0.0070802695	0.050794467	0.0368132	0.033869967	0.0	0.02649839	0.0	0.0	0.0	0.0	0.0	0.0	0.0	0.0	0.0	0.0	0.0	0.0	0.0	0.083918184	0.0	0.06202749	0.021856634	0.3670208	0.025213933	0.010456228	0.010116575	0.06938671	0.004788385	0.043297462	0.04742918	0.018246386	0.0	0.050072186	0.0	0.084562756	0.0	0.0	0.027095977	0.0	0.0	0.0	0.014452252	0.0	0.038822584	0.005177288	0.7015445	0.045461208	0.014452252	0.07863704	0.038799822	0.27365518	0.036779083	0.005177288	0.034576405	0.0016972156	0.13597614	0.0031347405	0.004826249	0.17308472	0.011561802	0.0076930043	0.0	0.0	0.02465843	0.004752204	0.0	0.0	0.0	0.0	0.0	0.023801295	0.13192818	0.03805684	0.0	0.014452252	0.05131481	0.002111484	0.0024131245	0.0024131245	0.0015082029	0.0	0.0	0.0018098434	0.0	0.0	0.0	0.0	0.0	0.017342702	0.0	0.0040733176	0.0	0.013871915	0.0	0.0	0.0	0.0	0.023123603	0.0	0.058768637	0.0	0.069840536	0.0	0.02710199	0.009936896	0.021506444	0.0	0.040413737	0.004826249	0.0	0.023644932	0.0	0.005380038	0.003251091	0.0	0.0	0.0	0.0	0.0020548939	0.0	0.0	0.0	0.0	0.0	0.0	0.0	0.0	0.0	0.0	0.0	0.0	0.0	0.0	0.0	0.007889157	0.011784511	0.0	0.0	0.0	0.0	0.0020548939	0.0	0.0	0.0	0.0019736513	0.0	0.0	0.0	0.032496694	0.0	0.03134886	0.0284401	0.0	0.0022988685	0.057426013	0.012726661	0.0066438783	0.0	0.0	0.056458056	0.03664364	0.15058114	0.09741814	0.0	0.0	0.005780901	0.0	0.0	0.004876637	0.0	0.0	0.0	0.004876637	0.031143107	0.0	0.017098838	0.0770095	0.055692516	0.009301431	0.0	0.0	0.0	0.0036196867	0.013965083	0.0	0.014338071	0.0	0.004876637	0.00931285	0.0	0.0	0.0	0.0	0.0	0.0	0.0	0.0	0.0	0.0	0.0	0.0	0.0	0.0	0.0	0.042307053	0.019879544	0.005284266	0.0	0.0037764097	0.0	0.0	0.0	0.0	0.0	0.12667918	0.0	0.0	0.0	0.0	0.0	0.0	0.016864963	0.0013955822	0.0	0.16433181	0.15989138	0.06099519	0.06984939	0.008713523	0.020079646	0.0	0.0	0.0	0.0	0.0	0.0020933733	0.0	0.0	0.0	0.0	0.0	0.002351731	0.0015082029	0.0	0.002351731	0.0	0.0	0.0	0.0	0.0018098434	0.0	0.0	0.0	0.0	0.0	0.0	0.0	0.002351731	0.0	
0.0	0.0	0.0	0.0	0.0	0.0	0.0	0.0	0.0	0.07989538	0.0	0.0	0.0	0.0	0.0	0.0	0.0	0.0	0.15979075	0.0	0.0	0.0	0.0	0.110706285	0.11185353	0.0	0.0	0.0	0.0	0.0	0.0	0.0	0.0	0.0	0.1278326	0.0	0.0	0.0	0.0	0.0	0.0	0.0	0.0	0.0	0.0	0.0	0.0	0.0	0.0	0.0	0.0	0.0	0.0	0.0	0.0	0.0	0.0	0.2556652	0.0	0.0	0.0	0.0	3.5977793	0.11185353	0.0	0.0	0.0	0.0	0.0	0.0	0.0	0.0	0.0	0.0	0.0	0.0	0.0	0.0	0.0	0.0	0.0	0.0	0.0	0.0	0.0	0.0	0.0	0.0	0.0	0.0	0.0	0.0	0.0	0.0	0.0	0.0	0.0	0.0	0.0	0.11298913	0.0	0.0	0.0	0.0	0.0	0.0	0.0	0.0	0.0	0.0	0.0	0.3195815	0.0	0.2501121	0.1807826	0.19174892	0.15979075	0.0	0.0	0.0	0.0	0.0	0.0	0.0	0.0	0.0	0.0	0.0	0.0	0.0	0.0	0.0	0.0	0.0	0.0	0.0	0.0	0.0	0.0	0.0	0.0	0.0	0.0	0.0	0.0	0.0	0.0	0.0	0.0	0.0	0.0	0.0	0.0	0.0	0.0	0.0	0.0	0.0	0.0	0.0	0.0	0.0	0.0	0.0	0.0	0.0	0.0	0.0	0.0	0.0	0.0	0.0	0.0	0.0	0.0	0.0	0.0	0.0	0.0	0.0	0.0	0.0	0.0	0.0	0.0	0.0	0.0	0.0	0.0	0.0	0.0	0.0	0.0	0.0	0.0	0.0	0.0	0.0	0.0	0.0	0.0	0.0	0.0	0.0	0.0	0.0	0.0	0.0	0.0	0.0	0.0	0.0	0.0	0.0	0.0	0.0	0.0	0.0	0.0	0.0	0.0	0.0	0.0	0.0	0.0	0.0	0.07989538	0.0	0.0	0.0	0.0	0.0	0.0	0.0	0.0	0.0	0.0	0.0	0.0	0.0	0.0	0.0	0.0	0.0	0.0	0.0	0.0	0.0	0.0	0.0	0.0	0.0	0.0	0.0	0.0	0.0	0.0	0.0	0.0	0.0	0.0	0.0	0.0	0.0	0.0	0.0	0.0	0.0	0.0	0.0	0.0	0.0	0.0	0.0	0.0	0.0	0.0	0.0	0.0	0.0	0.0	0.0	0.0	0.0	0.0	0.0	0.0	0.0	0.0	0.1278326	0.38349783	0.0	0.0	0.0	0.1278326	0.0	0.0	0.0	0.0	0.0	0.0	0.0	0.0	0.0	0.0	0.0	0.0	0.0	0.0	0.0	0.0	0.0	0.0	0.0	0.0	0.0	0.0	0.0	0.0	0.0	0.0	0.0	0.0	0.0	
0.0023460912	0.0	0.0	0.0	0.0	0.0	0.0	0.0	0.0	0.107948795	0.0	0.080257766	0.010478042	0.048648216	0.03505564	0.050619088	0.001440359	0.0010264149	0.08475369	0.0041023423	0.0	0.037368856	0.18980709	0.4118989	0.0030969016	0.0	0.0046921824	0.006776401	0.042534653	0.0017356639	0.14027904	0.05222791	0.13627476	0.123967774	0.07261022	0.0	0.006651675	0.0715862	0.0715862	0.009312344	0.0	0.0	0.0	0.0	0.006375937	0.14115405	0.0020528298	0.065979056	0.01789655	0.0017595685	0.17837566	0.0	0.0012442027	0.0	0.07209861	0.0023460912	0.0012698591	0.01335044	0.10858925	0.0	0.0	0.0020528298	0.0	0.32280618	0.010527	0.083816595	0.0	0.33517262	0.002932614	0.0	0.0715862	0.0	0.0	0.0	0.0	0.0	0.0	0.053689647	0.088583395	0.0	0.0	0.0	0.0	0.14157724	0.0	0.13017482	0.088162795	3.2068799	0.9126004	0.03926834	0.0716329	1.0192527	0.0	0.1548372	0.0037557555	0.14386763	0.0020528298	8.7978423E-4	0.0	0.11992908	0.0	0.0	0.022288686	0.0	0.0	0.0	0.015049695	0.0	0.05102381	0.02670088	0.38895032	0.0019486495	0.015049695	0.053109404	0.058764298	0.22608227	0.015022664	0.02670088	0.10199071	0.22819188	0.85216933	0.116517045	0.0023142183	0.2874476	0.012039756	0.055746485	0.0	0.062637925	0.2978524	0.08022517	0.14431852	0.012104997	0.14102955	0.20457992	0.30143556	0.7032725	0.9805116	0.17320806	0.0	0.14774911	0.7055225	0.056221627	0.014994201	0.014994202	0.12381765	0.0	0.10823888	0.18557048	0.0	0.115055256	0.0	0.044741374	0.06652734	0.12279927	0.0	0.07418074	0.0	0.006651675	0.0	0.0	0.044291697	0.062637925	0.024079513	0.0	0.3356901	0.14976804	0.4418993	0.0	0.20089509	0.06841593	0.007258974	0.0	0.0	0.02436903	0.12686902	0.036376294	0.090199076	0.10937536	0.0054639303	0.002880718	0.0043478208	0.0	0.0	0.14898057	0.0	0.069137245	0.0	0.0	0.04609149	0.0	0.0715862	0.0	0.10823888	0.0	0.0	0.0	0.0021737784	0.0	0.0	0.0058385227	0.01428651	0.0	0.0	0.003865053	0.0	0.0045067454	0.0	0.0	0.0	0.0019325265	0.0	0.0	0.0	0.2042282	0.0	0.027752738	0.03016885	0.2672287	0.11206157	0.23161379	0.043674298	0.12522413	0.0	0.0	0.90738606	0.19850898	0.5592354	0.2602031	0.0	0.0	0.09298861	0.028191764	0.0	0.0023383796	0.0	0.028191764	0.0	0.0023383796	0.34971917	0.0	7.7945984E-4	0.42675522	0.20267141	0.24130067	0.0	0.0	0.0	0.0017356639	0.11088181	0.028191764	0.0068751993	0.0	0.0023383796	0.07994223	0.0715862	0.0	0.0	0.0	0.0	0.0	0.0	0.101238176	0.0715862	0.0	0.0	0.0	0.0	0.088583395	0.0	0.23500723	0.3077517	0.06047786	0.0	0.14811774	0.0	0.0	0.0	0.0	0.0	0.31185192	0.0	0.0	0.0	0.0	0.0	0.0	0.09603911	8.294685E-4	0.0	0.2450633	0.014160279	0.70917296	0.1777974	0.013190124	0.0010352837	0.0	0.0	0.0	0.0	0.0	0.03487782	0.0	0.0	0.0	0.0	0.0	0.0040149097	7.231932E-4	0.0	0.0040149097	0.0	0.0065480587	0.0	0.0	0.03903711	0.0019265269	0.004187824	0.0	0.0	0.0	0.0	0.0	0.0011276705	0.0010264149	
0.0	0.0	0.0	0.0	0.0	0.0	0.0	0.0	0.0	0.11884347	0.0	0.07182484	0.023027692	0.049014095	0.07413636	0.07046052	0.010179027	0.0	0.107253	0.010071219	0.0037608817	0.026895726	0.12854828	0.27752697	0.03170966	0.0	0.0	0.010527128	0.023942526	0.0067979163	0.13514104	0.08853382	0.042013187	0.011333434	0.08030206	0.0	0.014018199	0.035762135	0.035762135	0.01962548	0.0	0.0	0.0	0.0	0.0033989581	0.0594177	0.0	0.09272577	0.03153714	0.0	0.093667805	0.022573287	0.014703028	0.0	0.08155967	0.0	0.0	0.015590752	0.06226433	0.0	0.0	0.0	0.011990369	0.044087265	0.01739304	0.03332487	0.034131225	0.09031623	0.0038160488	0.015041594	0.035762135	0.0	0.0	0.0	0.0	0.0	0.0	0.0268216	0.044253383	0.0	0.0	0.0	0.0	0.0062387334	0.0	0.047665957	0.0	3.2968788	0.1599108	0.05400623	0.024331307	0.32646182	0.04485798	0.26764858	0.0486641	0.105788715	0.0	0.0024810152	0.0	0.084152244	0.0	0.0	0.0	0.0	0.0	0.0	0.0	0.0	0.15144274	0.0	0.12536468	0.0	0.0016380993	0.051788032	0.008461984	0.11840358	0.0	0.0	0.11093123	0.16835165	0.19073859	0.122172154	0.009063887	0.0938317	0.0	0.07771878	0.0	0.03129187	0.19723937	0.045906704	0.08988082	0.0	0.03129187	0.03160956	0.13266656	0.1063865	0.15727894	0.0680593	0.0	0.022351334	0.14457285	0.003965451	0.0045319437	0.0045319437	0.15467094	0.0	0.06741062	0.068629585	0.0	0.025287649	0.0	0.04028709	0.036641467	0.025385953	0.0	0.0685277	0.0	0.014018199	0.0	0.0	0.022126691	0.03129187	0.0	0.0	0.22411825	0.09731867	0.09458785	0.002671234	0.45923448	0.14351863	0.020319693	0.0	0.0013607626	0.040878538	0.04696963	0.134281	0.07730538	0.10897988	0.0	0.002289629	0.01466075	0.0	0.0	0.14838211	0.0	0.034457516	0.0049620303	0.0	0.025385953	0.0	0.035762135	0.0	0.06741062	0.0	0.0	0.0	0.0	0.0	0.0011466695	0.020041427	0.05013278	0.0	9.266489E-4	0.010189909	0.005036136	0.009618546	0.001212225	0.0	0.0	0.007902599	0.0	0.0	0.0	0.05353976	0.0	0.0171665	0.009063887	0.13718618	0.063408844	0.111568235	0.039676093	0.10556595	0.0	0.0	0.21656324	0.029433744	0.19502065	0.15057704	0.0	0.0	0.10436344	0.001104161	0.0	0.0037727258	0.0	0.001104161	0.0	0.0037727258	0.12573619	0.0	0.00365778	0.07786056	0.122861475	0.09446646	0.0	0.0	0.0	0.0067979163	0.06567327	0.0049014194	0.0067318664	0.0	0.0037727258	0.05133784	0.035762135	0.0	0.0	0.0	0.0	0.0	0.0	0.050575297	0.035762135	0.0	0.0	0.0	0.0	0.044253383	0.0	0.039536476	0.06977657	0.02296185	0.0	0.074535325	0.0	0.0015709734	0.0	0.0	0.0	0.108769946	0.0	0.0	0.0	0.0	0.0	0.0	0.022955075	0.018752579	0.0037608817	0.11014537	0.004298455	0.08576311	0.0134108	0.045964964	0.071233116	0.0	0.0	0.0	0.0	0.0	0.012692977	0.0015709734	0.0	0.0	0.0	0.0	0.0049014194	0.0076150694	0.0	0.001104161	0.0	0.0	0.0011448145	0.003088593	0.015793817	0.0	0.0	0.0	0.0	0.0013465487	0.0017953982	0.0015709734	0.001104161	0.0	
0.0	0.0	0.0	0.0	0.0	0.0	0.0	0.0	0.0	0.29688248	0.0	0.0250506	0.018329749	0.011432468	0.0051037055	0.0045564803	0.017766679	0.0046552857	0.31692788	0.0175659	0.0	0.022290457	0.0299117	0.08043363	0.06604465	0.0	0.0	0.012130178	0.009455248	0.030216513	0.020726472	0.016466038	0.012456513	0.0	0.013319823	0.0	0.006379632	0.0064438367	0.0064438367	0.008931485	0.0	0.0	0.0	0.0	0.003827779	0.0044199387	0.0	0.010097905	0.008190384	0.0	0.035701495	0.0	0.00515699	0.0	0.0024414803	0.0	0.003105291	0.21198368	0.26887226	0.030740326	0.0	0.0	0.0	0.23852415	0.012590215	0.30924678	0.006210582	0.10288515	0.017189967	0.0	0.0064438367	0.0	0.0	0.0	0.0	0.0	0.0	0.0048328773	0.007973841	0.0	0.0	0.0	0.0	0.013687312	0.0	0.027374623	0.16984205	0.21786727	0.017978687	0.08658079	0.019162236	0.0751455	0.0	0.013702181	0.09915643	0.0019934603	0.0093105715	0.02634885	0.010640653	0.05374735	0.0	0.0	0.021899698	0.0	0.0	0.0	0.027374623	0.0	0.1611167	0.42396736	0.20226173	0.0	0.027374623	0.0074744644	0.065685175	0.023162773	0.1324898	0.51931256	0.014717762	0.0010068495	0.27844164	0.17817901	0.48935437	0.009876807	0.021899698	0.025073966	0.0	0.060590763	0.25310126	0.0048829606	0.4063304	0.0	0.005638357	0.0056956005	0.021923488	0.023971582	0.13200971	0.035283264	0.0	0.05314413	0.0463634	0.0044657425	0.0051037055	0.0051037055	0.07592686	0.0	0.028881548	0.1360772	0.0	0.0045564803	0.0	0.004027398	0.0	0.032849547	0.0	0.0	0.0	0.006379632	0.0	0.0	0.0039869207	0.005638357	0.043799397	0.0	0.20713158	0.033406194	0.03663466	0.3923553	0.12574208	0.016442617	0.0	0.0	0.0	0.046035882	0.053670503	0.019774614	0.08202284	0.01733046	0.0	0.01031398	0.0	0.0	0.0	0.0019934603	0.0	0.0	0.0	0.0	0.0	0.0	0.0064438367	0.0	0.028881548	0.0	0.0	0.0	0.0	0.0	0.0	0.0	0.0	0.0	0.0	0.0	0.0	0.0	0.0	0.0	0.03522432	0.021613805	0.02113459	0.0	0.0	0.05759972	0.0	0.009002693	0.010207411	0.0032219184	0.04077339	0.0034173604	0.0028478003	0.011405318	0.0	0.0	0.18297145	0.113663174	0.18017904	0.058341466	0.0	0.0	0.045428026	0.003990245	0.0	0.0	0.0	0.003990245	0.0	0.0	0.10499577	0.0	0.019058194	0.01349286	0.11646032	0.017284412	0.0	0.0	0.0	0.0575803	0.008433037	0.003990245	0.0	0.0	0.0	0.0	0.0064438367	0.0	0.0	0.0	0.0	0.0	0.0	0.009112961	0.0064438367	0.0	0.0	0.0	0.0	0.007973841	0.0	0.0051037055	0.05891176	0.015146858	0.0	0.02193866	0.0	0.0046552857	0.0	0.0	0.0	0.104630165	0.009936932	0.018005386	0.0	0.0	0.0046552857	0.008694815	0.010930975	0.0026601632	0.0	0.3419938	0.12009647	0.046518993	0.031886477	0.05026895	0.033106368	0.0	0.0	0.0	0.0043474077	0.0043474077	0.003726349	0.0043474077	0.0	0.0	0.0	0.0	0.003726349	0.012590215	0.003726349	0.003726349	0.0	0.0043474077	0.017766679	0.0	0.042763866	0.0	0.003726349	0.028587287	0.0	0.0	0.0	0.0	0.003726349	0.0043474077	
0.0	0.0	0.0	0.0	0.0	0.0	0.0	0.0	0.0	0.1838046	0.0	0.0032313727	0.0012065726	0.0025146625	0.0024131453	0.0	0.0	9.915273E-4	0.18325324	0.008456068	0.0	4.2494028E-4	0.0011190643	0.04798214	0.1052145	0.0	0.0	0.0	0.008886529	0.0	0.0028803963	9.476759E-4	0.0025146625	0.0026111498	0.021273565	0.0	0.0	0.0	0.0	0.003404059	0.0	0.0	0.0	0.0	0.0	0.0010550639	0.008805509	0.0	0.0025146625	0.0	0.0036968945	0.0	0.0	0.0	0.0022003297	0.0	0.0	0.21413878	0.04967157	9.915273E-4	0.0	0.0	0.035968583	0.26977158	0.019072408	0.12739947	0.009183442	0.07879324	0.0	0.0029841715	0.0	0.0	0.0	0.0	0.0	0.0	0.0	0.0	0.0	0.0	0.0	0.0	0.0	0.060123544	0.0	0.115840055	0.11000964	0.199231	0.0013531328	0.007239436	0.15749843	0.114636704	0.0032719367	0.017728899	0.051791567	0.03744102	0.0019830547	8.4988057E-4	0.0022663483	0.05998687	0.0	0.0	0.0630346	0.0	0.0	0.0	0.056553222	0.0	0.005815487	0.15907176	0.9294915	0.69985104	0.8078113	1.1768738	0.5706039	0.7852014	0.7006578	0.100335635	0.024225716	0.029799439	0.1017909	0.030183142	0.0	0.08128943	0.045242574	0.048483115	0.0	0.0052516893	0.15217905	0.002192443	0.0	0.0	0.0	0.0	0.005029325	0.005029325	0.047429543	0.062300272	0.0	0.056553215	0.0018792369	0.0	0.0	0.0	0.0011845948	0.0	0.0	0.005458235	0.0	0.0	0.0	0.0	0.003906158	0.09811838	0.0	0.0098098675	0.0	0.0	0.0	0.0	0.0	0.0	0.09048515	0.0	0.04440276	0.0036388233	0.00393789	0.0	0.03909997	0.0011190643	0.00681938	0.0	0.006015209	0.0	5.665871E-4	0.019058082	0.006286656	0.010171459	0.008145387	0.0	0.004615471	0.0	0.0	0.011260629	0.0	0.055601913	0.055897225	0.0	0.0027062655	0.0	0.0	0.0	0.0	0.0	0.0	0.0	0.0	0.0	0.0044006594	0.0047239847	0.013242996	0.0	0.0035562695	0.018436959	0.003143328	0.015177821	0.0	0.0	0.022521023	8.012751E-4	0.0	0.002917765	0.0	0.15912075	0.0	0.077282995	0.00423161	0.0037493536	0.024009665	0.0010983852	0.0	0.0	0.0	0.0	0.22664754	0.05629392	0.32431456	0.13973193	0.0	0.0	0.09902254	0.13351414	0.0	0.0021967704	0.012065725	0.13351415	0.0	0.0021967704	0.09669535	0.0	0.0059687644	0.0060101226	0.13631383	0.0046088994	0.0	0.0	0.0	0.0	0.010294976	0.13351414	0.0	0.0	0.0021967704	0.0027062655	0.0	0.0	0.0	0.0	0.0	0.0	0.0	0.0	0.0	0.0	0.0	0.0	0.0	0.0	0.0	0.0018041772	0.09853556	0.0	0.0	0.005725933	0.014478872	0.045716032	0.0	0.0	0.0	0.10224701	0.0	9.915273E-4	0.012065725	0.015764715	9.915273E-4	0.0	0.009631691	0.0054717553	0.0	0.15409915	0.2503885	0.045242574	0.033931933	0.0	0.014255876	0.0	0.0	0.0	0.0	0.0	0.0013531328	0.0	0.0	0.007882358	0.0	0.0	0.0	0.0	0.0	0.0	0.0017020295	0.002111502	0.0	0.0	0.0	0.017975954	0.0	0.002250724	0.002250724	0.0	0.0	0.0	0.0	0.0	
0.0	0.0	0.0	0.0	0.0	0.0	0.0	0.0	0.0	0.15058318	0.0	0.105978094	0.0	0.007892523	0.0019645335	0.015785046	0.0	0.007167706	0.16780628	0.004095832	0.0	0.049843136	0.107460395	0.29693282	0.008915007	0.0	0.0	0.007700454	0.029351134	0.0029468003	0.1856584	0.029679798	0.047392674	0.0474604	0.019987756	0.0	0.011293176	0.022323428	0.022323428	0.015810447	0.0	0.0	0.0	0.0	0.024045281	0.06600176	0.0	0.0132774785	0.029565735	0.0	0.0939026	0.0	0.0	0.0	0.031614702	0.0	0.0	0.07354761	0.08139843	0.007167706	0.0	0.0	0.0	0.1659786	0.0012278334	0.2657678	0.003370693	0.112581745	0.0	0.005393109	0.022323428	0.0	0.0	0.0	0.0	0.0	0.0	0.01674257	0.02762383	0.0	0.0	0.0	0.0	0.026395923	0.0	0.025917763	0.06537611	0.43371224	0.09110522	0.02334657	0.0073759854	0.16342519	0.0	0.048334885	0.005249291	0.04039261	0.014335412	0.0061437483	0.016383328	0.10920715	0.0	0.0	0.008429698	0.0	0.0	0.0	0.010537121	0.0	0.059606098	0.08716815	0.29208308	0.0	0.032786828	0.053303663	0.062652014	0.06810879	0.04820101	0.19989532	0.95646185	0.42945752	2.879707	0.5609852	0.003929067	0.13122205	0.008429698	0.58998615	0.0	0.019532997	0.8028246	0.03802991	0.08651637	0.0	0.048868045	0.0426113	0.080719955	0.19606496	0.25772947	0.06965578	0.0	0.04959637	0.67213035	0.019680697	0.024810148	0.024810148	0.27678868	0.0	0.064887285	0.4558621	0.0	0.015785046	0.0	0.02996434	0.0	0.07308374	0.0	0.0033161025	0.0	0.011293176	0.0	0.0	0.013811915	0.019532997	0.016859395	0.0	0.3248403	0.16963527	0.34795213	0.0	0.18091404	0.19734196	0.0151464855	0.0	0.01029252	0.041373603	0.061297704	0.038006585	0.05407273	0.07652264	0.0	0.0	0.0014985919	0.0	0.0	0.028935062	0.0	0.0126110315	0.0	0.0	0.0	0.0	0.022323428	0.0	0.064887285	0.0	0.0	0.0	0.0017042228	0.0	0.0	0.0	0.013649691	0.0045445943	0.008850786	0.0022722972	0.008223111	0.008772408	0.0022837028	0.0034084455	0.0	0.014259321	0.0055707493	0.0	0.0	0.09541688	0.0039765197	0.019547349	0.003929067	0.038989626	0.048280723	0.06496759	0.08228926	0.037236013	0.0	0.0034084455	0.28695035	0.14990655	0.28330308	0.12772286	0.0	0.0034084455	0.08603117	0.014959281	0.0	0.0	0.0	0.057640597	0.0	0.0	0.11327416	0.0039765197	0.0	0.18313867	0.2581836	0.13025664	0.0	0.0028403716	0.0	0.0170351	0.06749379	0.01495928	0.011672675	0.0	0.0	0.0075816247	0.022323428	0.0	0.0	0.0	0.0	0.0	0.0	0.03157009	0.022323428	0.0	0.0	0.0	0.0	0.02762383	0.0	0.011356733	0.15490656	0.008371285	0.006369771	0.07671855	0.0	0.007167706	0.0	0.0	0.0	0.2590278	0.0	0.007167706	0.0	0.0	0.007167706	0.0	0.060215227	0.004095832	0.0	0.1624467	0.14466691	0.10207403	0.050041378	0.065201044	0.011714497	0.0	0.0	0.0	0.0019882598	0.0	0.0	0.0	0.0	0.0	0.0	0.0	0.0019145526	0.0012278334	0.0	0.0019145526	0.0019882598	0.0	0.0	0.0	0.0067759054	0.0017042228	0.0	0.0	0.0	0.0	0.0	0.0	0.008606434	0.0	
0.0	0.0	0.0	0.0	0.0	0.0	0.0	0.0	0.0	0.18581195	0.0	0.2225053	0.0	0.051245607	0.06894198	0.0038468714	0.0	0.022115497	0.14638178	0.012637427	0.0	0.03769599	0.074833654	0.25057593	0.030759104	0.0	0.0	0.03447099	0.020634413	0.19411393	0.1504259	0.011359806	0.009695338	0.0	0.0104241995	0.0	0.08617747	0.005440298	0.005440298	0.12064846	0.0	0.0	0.0	0.0	0.10050335	0.059705503	0.0	0.0013600745	0.0077040507	0.0	0.002720149	0.0	0.009435583	0.0	0.00848342	0.0	0.0050910423	0.011895447	0.17761567	0.0039302893	0.0	0.0	0.0	0.06372393	0.07588685	0.23421083	0.0	0.09471674	0.0	0.0	0.005440298	0.0	0.0	0.0	0.0	0.0	0.0	0.004080224	0.006732025	0.0	0.0	0.0	0.0	0.0	0.0	0.0	0.0	0.30739406	0.0628039	0.27717802	0.0043609138	0.17996067	0.0	0.07829366	0.0	0.01205658	0.007860579	0.0033688191	0.008983518	0.10782336	0.0	0.0	0.0	0.0	0.0	0.0	0.0	0.0	0.13584915	0.023790894	0.16575365	0.0	0.037289944	0.039210282	0.0	0.05520658	0.027284404	0.0	0.43632948	0.09957069	0.84925103	3.7859337	0.50876456	0.047994465	0.0	0.5582413	0.0	0.051154584	1.0962892	0.004122507	0.15154678	0.0	0.0047602607	0.0048085894	0.12526985	0.12959267	0.17790599	0.008830773	0.0	0.003400186	0.62625223	0.06032423	0.06894198	0.06894198	0.80483586	0.0	0.11366008	1.0211185	0.0	0.0038468714	0.0	0.003400186	0.0	0.0	0.0	0.0	0.0	0.08617747	0.0	0.0	0.0033660126	0.0047602607	0.0	0.0	0.7753534	0.0852445	0.09210684	0.0	0.17610173	0.060210206	0.0	0.0	0.0	0.4684217	0.20359258	0.006741044	0.14954531	0.04128496	0.0	0.0	0.014139384	0.0	0.0	0.0077269264	0.0	0.0	0.0	0.0	0.0	0.0	0.005440298	0.0	0.11366008	0.0	0.0	0.0	0.0	0.0	0.058476143	0.0	0.030459972	0.0	0.0035241505	0.027260527	0.017037831	0.0030836319	0.0	0.0	0.0	0.0031761532	0.0	0.0	0.0	0.010398931	0.015131135	0.023785155	0.13788396	0.002720149	0.022087263	0.0028851535	0.016765341	0.0022490118	0.0	0.0	0.20052004	0.29574063	0.4476918	0.020041076	0.0	0.0	0.009932057	0.0033688191	0.0	0.0	0.0	0.021085743	0.0	0.0	0.015298767	0.014254918	0.0024919508	0.012180738	0.18882747	0.014592603	0.0	0.0	0.0	0.10341297	0.0022490118	0.0033688191	0.0	0.0	0.0	0.0	0.005440298	0.0	0.0	0.0	0.0	0.0	0.0	0.007693743	0.005440298	0.0	0.0	0.0	0.0	0.006732025	0.0	0.06894198	0.00869055	0.002040112	0.0	0.043294996	0.0	0.0039302893	0.0	0.0	0.0	0.15257919	0.0	0.0039302893	0.0	0.0	0.0039302893	0.0	0.11101777	0.033084657	0.0	0.17327206	0.003737926	0.023985079	0.002040112	0.25354066	0.0022458795	0.0	0.0	0.0	0.0	0.0	0.0	0.0	0.0	0.0	0.0	0.0	0.0	0.043088734	0.0	0.0	0.0	0.0	0.0	0.0	0.051706485	0.0	0.0	0.008921585	0.0	0.0	0.0	0.0	0.0	0.0	
0.0	0.0	0.0	0.0	0.0	0.0	0.0	0.0	0.0	0.13171975	0.0	0.09418301	0.0012530424	0.041797947	0.009785026	0.008735863	0.0	0.02499486	0.012277698	0.024400197	0.0	0.03601112	0.052988466	0.12586433	0.003978333	0.0	0.0	0.017773474	0.024938835	0.014677539	0.10281335	0.016758291	0.012144972	0.012287357	0.025069151	0.0	0.056249496	0.012354377	0.012354377	0.07874929	0.0	0.0	0.0	0.0	0.01702572	0.072873525	0.0	0.00734811	0.0030885942	0.0	0.0061771884	0.0	0.0	0.0	0.018787561	0.0	0.0051383344	0.0011663047	0.014447525	0.0043312497	0.0	0.0	0.0	0.13657533	0.016604338	0.019644316	0.0	0.029147673	0.0	0.0	0.012354377	0.0	0.0	0.0	0.0	0.0	0.0	0.009265782	0.01528776	0.0	0.0	0.0	0.0	0.015288096	0.0	0.006511412	0.0017494571	0.18019728	0.016386246	0.012711122	0.01636999	0.08426423	0.0	0.014783604	0.012271214	0.009481567	0.0019833993	0.0037124995	0.002266742	0.12901875	0.0	0.0	0.0052091302	0.0	0.0	0.0	0.006511412	0.0	0.021160245	0.0023326094	0.15757379	0.0	0.019164935	0.029482292	0.003087664	0.05510256	0.0045904866	0.0023326094	0.2506962	0.09003258	0.3323437	0.40038493	0.16794027	0.39201823	0.0888471	0.6422188	0.0	0.03807386	0.87366617	0.42312223	0.051548712	0.02656785	0.010810079	0.010919828	0.008735863	0.037944645	0.29649028	0.2188368	0.0	0.029147673	0.13277754	0.02432794	0.009785026	0.009785026	0.17232007	0.0	0.009265782	0.23309739	0.0	0.022082351	0.0	0.007721485	0.0	0.007813695	0.0	0.016516974	0.0	0.056249496	0.0	0.0	0.038353078	0.035423845	0.0104182605	0.0	0.657365	0.07056643	0.05464712	0.0	0.03511278	0.006551897	0.0	0.0	0.0	0.019570053	0.009399544	0.009158579	0.007721485	0.0056434786	0.0	0.0	0.016839001	0.0	0.0	0.0074437708	0.0	0.0	0.0	0.0	0.0	0.0	0.012354377	0.0	0.009265782	0.0	0.0	0.0	0.0010062216	0.0	0.0011739251	0.0	0.0033174423	0.0	0.0	0.0013416287	0.0	0.0013888046	0.0	0.0	0.0	0.009649023	0.0	0.0	0.0	0.118153974	0.0	0.00333955	0.019570053	0.0061771884	0.031084012	0.050209824	0.04184152	0.024544025	0.0	0.0	0.06996849	0.03696293	0.12151354	0.024670416	0.0	0.0	0.023568185	8.5002824E-4	0.0	0.0	0.0	0.0053204033	0.0	0.0	0.03203707	0.014387337	0.0047373334	0.036398556	0.050039776	0.031812917	0.0	0.0	0.0	0.014677539	0.00882845	8.5002824E-4	0.006459969	0.0	0.0	0.004195873	0.012354377	0.0	0.0	0.0	0.0	0.0	0.0	0.017471725	0.012354377	0.0	0.0	0.0	0.0	0.01528776	0.0	0.023481235	0.036981583	0.013417882	0.0	0.0909705	0.0	9.916996E-4	0.0	0.0	0.0	0.054134283	0.0	0.005303761	0.0	0.0	9.916996E-4	0.0	0.09855708	5.666855E-4	0.0	0.040874086	0.004486549	0.16727781	0.036196593	0.01747754	5.666855E-4	0.0	0.0014230121	0.0	0.0	0.0	0.0	0.0	0.0	0.0	0.0	0.0	0.00953608	0.006115641	0.0	0.00953608	0.0	0.0	0.0	0.0	0.0073387693	0.0	0.0	0.0	0.0018101734	0.0	0.0	0.0	0.00953608	0.0	
0.0	0.0	0.0	0.0	0.0	0.0	0.0	0.0	0.0	0.07656708	0.0	0.043875854	0.0012955092	0.05407394	0.0	0.08273311	0.0	0.0	0.0432333	0.0012955092	0.0	0.04301384	0.09271458	0.16701892	0.014780051	0.0	0.0	0.012317736	0.10148619	0.0	0.23294453	0.041366555	0.15596884	0.017672554	0.13426384	0.0	0.0	0.11700228	0.11700228	0.0	0.0	0.0	0.0	0.0	0.08723846	0.046863664	0.0	0.04456647	0.040443454	0.0	0.07428049	0.0	0.0	0.0	0.10681171	0.0	0.0	0.0	0.043233298	0.0	0.0	0.0	0.0	0.029008709	0.0014803219	0.069173284	0.0	0.3297266	0.0	0.0	0.11700228	0.0	0.0	0.0	0.0	0.0	0.0	0.08775171	0.14478293	0.0	0.0	0.0	0.0	0.006311626	0.0	0.0	0.0	0.72735727	0.51947147	0.14494967	0.03306747	0.29740453	0.0	0.1629802	0.0026314817	0.064811885	0.0	0.0	0.0	0.15032952	0.0	0.0	0.0	0.0	0.0	0.0	0.0	0.0	0.078307316	0.0	0.006311626	0.0	0.0020934914	0.038119562	0.0	0.01029565	0.0	0.0	0.071689725	0.14537412	0.40958053	0.15027513	0.011678543	0.076954685	0.0	0.031024912	0.0	0.10237701	0.31468847	0.23542884	0.44648555	0.5681231	0.7582997	1.2128984	1.3744644	1.1341767	0.9700211	0.22415946	0.0	0.18411073	0.7324993	0.0021028034	0.040705036	0.05358385	0.27808374	0.0	0.21061087	0.647653	0.0	0.08273311	0.0	0.07312643	0.0	0.0	0.0	0.0	0.0	0.0	0.0	0.0	0.15871237	0.17813244	0.0	0.0	0.3701659	0.2619142	0.2983911	0.0	0.1656136	0.13029464	0.0025910183	0.0	0.0	0.03270991	0.11206618	0.03538803	0.2165863	0.05428943	0.0	0.0	0.0011335706	0.0	0.0	0.063907586	0.0	0.0024032039	0.0	0.0	0.0	0.0	0.11700228	0.0	0.21061087	0.0	0.0	0.0	0.0	0.0	0.0014654439	0.0093243355	0.009663593	0.0	0.0011842574	0.013022706	0.0010467457	0.0010362254	0.0	0.0	0.0	0.0	0.0	0.0	0.0	0.03821586	0.0	0.0035682474	0.03646337	0.07778751	0.0413736	0.08250611	0.051708188	0.13920133	0.0	0.0	0.29696923	0.06854977	0.4630325	0.055039722	0.0	0.0	0.05850114	0.0014111181	0.0	0.0	0.0	0.0014111181	0.0	0.0	0.087766655	0.0	8.3739654E-4	0.18167202	0.08660711	0.096257135	0.0	0.0	0.0	0.0	0.19299181	0.0014111181	0.0	0.0	0.0	0.0	0.11700228	0.0	0.0	0.0	0.0	0.0	0.0	0.16546622	0.11700228	0.0	0.0	0.0	0.0	0.14478293	0.0	0.0	0.06499544	0.12807685	0.0	0.077342205	0.0	0.0	0.0	0.0	0.0	0.12083263	0.0	0.0	0.0	0.0	0.0	0.0	0.07130058	8.3739654E-4	0.0	0.13189065	0.0012560948	0.21960427	0.043875854	0.017704759	0.0012955092	0.0	0.0	0.0	0.0	0.0	0.013673764	0.0	0.0	0.0	0.0	0.0	0.0	0.0	0.0	0.0	0.0	0.0	0.0	0.0	0.0014111181	0.0	0.013673764	0.0	0.0	0.0	0.0	0.0	0.0	0.0	
0.0	0.0	0.0	0.0	0.0	0.0	0.0	0.0	0.0	0.096475884	0.0	0.094292626	0.0	0.04555474	0.0	0.09110948	0.0	0.017097274	0.041778173	0.02227333	0.0	0.07323333	0.07700886	0.259702	0.034924526	0.0	0.0	0.003040446	0.041844703	0.0	0.07346337	0.04555474	0.09609015	0.006354882	0.08528258	0.0	0.0	0.12884825	0.12884825	0.0	0.0	0.0	0.0	0.0	0.0	0.008049271	0.0	0.032212064	0.032212064	0.0	0.14518106	0.0	0.0	0.0	0.048818815	0.0	0.0	0.0	0.041778173	0.017097274	0.0	0.0	0.0	0.007222931	0.0	0.06684508	0.0	0.33858693	0.0	0.0	0.12884825	0.0	0.0	0.0	0.0	0.0	0.0	0.09663621	0.15944158	0.0	0.0	0.0	0.0	0.0022696005	0.0	0.0	0.0	0.35793388	0.5755157	0.070899904	0.0	0.33418247	0.0	0.2151577	0.0	0.072560914	0.034194548	0.014654806	0.039079484	0.06945865	0.0	0.0	0.0	0.0	0.0	0.0	0.0	0.0	0.12334977	0.0	0.04615008	0.0	0.0	0.09788679	0.0	0.0013617604	0.0	0.0	0.056943428	0.092048556	0.85432816	0.5121142	0.016797971	0.12738137	0.0	0.08335035	0.0	0.11274224	0.2373581	0.14984195	0.6733848	0.021860614	0.20536041	0.24068865	0.44347617	0.8738671	0.8592164	0.096275456	0.0	0.121171996	0.8879054	0.0	0.0	0.0	0.25335315	0.0	0.32436877	0.47717014	0.0	0.09110948	0.0	0.08053017	0.0	0.0	0.0	0.0	0.0	0.0	0.0	0.0	0.12936555	0.11274224	0.0	0.0	0.5460039	0.36981094	0.82333446	0.0	0.19455022	0.19363496	0.0	0.0	0.0	0.08364212	0.2606804	0.048394028	0.27030724	0.21693167	0.0	0.0	0.002282345	0.0	0.0	0.039860394	0.0	0.0	0.0	0.0	0.0	0.0	0.12884825	0.0	0.32436877	0.0	0.0	0.0	0.003912591	0.0	0.0	0.0	0.0	0.0	0.0	0.0	0.0	0.002282345	0.0	0.0	0.0	0.013816684	0.0	0.0	0.0	0.019263726	0.0	0.008548637	0.0058275023	0.11727615	0.12677534	0.1705728	0.056943428	0.08370721	0.0	0.0	0.2516248	0.2020211	0.4042878	0.18530594	0.0	0.0	0.17062259	0.044721667	0.0	0.0	0.0	0.044721667	0.0	0.0	0.2689311	0.0	0.0023117084	0.24419475	0.13377257	0.3082494	0.0	0.0	0.0	0.0	0.071662255	0.044721667	0.0	0.0	0.0	0.0	0.12884825	0.0	0.0	0.0	0.0	0.0	0.0	0.18221895	0.12884825	0.0	0.0	0.0	0.0	0.15944158	0.0	0.0	0.23262957	0.048318107	0.0	0.17440178	0.0	0.017097274	0.0	0.0	0.0	0.24060719	0.0	0.017097274	0.0	0.0	0.017097274	0.0	0.022474345	0.009769871	0.0	0.18063012	0.0	0.21341918	0.048318107	0.07559357	0.009769871	0.0	0.0	0.0	0.0	0.0	0.0021853135	0.0	0.0	0.0	0.0	0.0	0.0	0.0	0.0	0.0	0.0	0.0	0.0	0.0	0.008118793	0.0	0.0021853135	0.0	0.0	0.0	0.0	0.0	0.0	0.0	
0.0	0.0	0.0	0.0	0.0	0.0	0.0	0.0	0.0	0.02793183	0.0	0.07126751	0.014172409	0.0	0.036748204	0.0	0.0	0.038432065	0.034479126	7.661588E-4	0.0	0.023499867	0.027561154	0.08222709	0.0045624683	0.0	0.0	0.018374102	0.0059192525	0.05512231	0.51644284	0.01711407	0.01183651	0.0	0.0	0.0	0.045935255	0.0	0.0	0.06430936	0.0	0.0	0.0	0.0	0.09144389	0.08019586	0.0	0.0	0.0	0.0	0.0	0.0	0.0	0.0	0.006307703	0.0	0.0	0.0	0.045895327	0.0013407778	0.0	0.0	0.0	0.028550848	0.022967627	0.055166602	0.0	0.0023059908	0.0	0.0	0.0	0.0	0.0	0.0	0.0	0.0	0.0	0.0	0.0	0.0	0.0	0.0	0.0	0.0	0.0	0.0	0.0	0.14722341	0.0013835945	0.06902498	0.020713896	0.070339225	0.0	0.0065412736	0.0	0.030635754	0.0026815557	0.0011492382	0.0030646352	0.24271016	0.0	0.0	0.0	0.0	0.0	0.0	0.0	0.0	0.2983586	0.0	0.033307344	0.0	0.0	0.011290749	0.0	0.041536026	0.0	0.0	0.088564865	0.40443602	0.24866311	0.0885738	0.07349641	0.005059189	0.0	0.03794919	0.0	0.0	0.13577522	0.0	0.0036895853	0.0038572242	0.23357373	0.16683838	0.18007803	0.02998146	0.040806565	0.0018409657	0.0	0.008505083	0.20128986	0.912973	1.8444433	2.6099613	0.06440506	0.0	0.002767189	0.6420482	0.0	0.2063474	0.0	0.0	0.004602414	0.0136699295	0.0	0.0	0.0	0.13027696	0.0	0.0	0.0	0.0	0.0	0.0	0.34593722	0.05933135	0.017255055	0.0	0.09590667	0.26692677	0.099948704	0.0	0.02994962	0.11033321	0.09745819	0.124882184	0.0023059908	0.03020178	0.03422814	0.0	0.01497481	0.0	0.051342208	0.043727558	0.0	0.1838942	0.0	0.0	0.0	0.0	0.0	0.0	0.002767189	0.0	0.0	0.0	0.05680067	0.0053294	0.050760526	0.0021534027	0.020345185	0.0	0.016126309	0.0049099517	0.07895332	0.007974125	0.0068349647	0.0	0.0	0.0052123955	0.004568057	0.004568057	0.0	0.12907937	0.0	0.015489831	0.07349641	0.0016941129	7.661588E-4	0.0	0.0	0.007397819	0.0	0.0	0.10065426	0.07658834	0.17637728	0.0011492382	0.0	0.0	0.03408448	0.0011492382	0.0	0.0	0.0	0.0011492382	0.0	0.0	0.0016252683	0.0	0.0	0.0045566433	0.312349	0.0013407778	0.0	0.0	0.0	0.05512231	0.05473981	0.0011492382	0.0	0.0	0.0	0.0	0.0	0.0	0.0	0.0	0.0	0.0	0.0	0.0	0.0	0.0	0.0	0.0	0.0	0.0	0.0	0.097453184	0.02982392	0.0	0.0	0.024420619	0.0	0.0013407778	0.0	0.0	0.0	0.028978059	0.0	0.0013407778	0.0	0.0	0.0013407778	0.0	0.08733345	7.661588E-4	0.0	0.036716264	0.0	0.0	0.0	0.0884495	7.661588E-4	0.0	0.0	0.0	0.0	0.0	0.0	0.0	0.0	0.0	0.0	0.0	0.0	0.022967627	0.0	0.0	0.0	0.0	0.0	0.0	0.027561154	0.0	0.0	0.0	0.0	0.016028479	0.0	0.0	0.0	0.0	
0.00361252	0.0	0.0	0.0	0.0	0.0	0.0	0.0	0.0	0.08194834	0.0	0.026509646	0.00180626	0.00414512	0.016109105	0.0015906828	0.0	0.0015804775	0.11236897	0.001564267	0.0	0.010376143	0.039155405	0.21122818	0.0010905525	0.0	0.00722504	0.008054553	0.16709213	0.05284015	0.09813313	0.00414512	0.1489911	0.020136252	0.2020225	0.0	0.2208989	0.03966132	0.13518581	0.05282624	0.013496765	0.12870988	0.12870988	0.0036112727	0.07491662	0.13629246	0.003160955	0.016933348	0.0167986	0.0027093901	0.017459773	0.0	0.0019158281	0.0	0.009438752	0.00361252	0.0019553339	0.007645259	0.15951206	0.0	0.0	0.003160955	0.0	0.13496035	0.0918564	0.14536355	0.0	0.28711626	0.0045156498	0.0	0.011171033	0.0	0.003335951	0.0	0.0	0.0041699386	0.00353831	0.010450968	0.0027836948	0.003335951	0.002501963	0.002501963	0.0	0.07283805	0.0	0.06377866	0.054580964	0.60122395	0.0924182	0.08632902	0.044645056	1.4298309	0.0	0.06517102	0.0057831258	0.009504891	0.003160955	0.0013546951	0.0	0.06334036	0.013496765	0.113764524	0.05102293	0.0	0.0	0.003335951	0.042683046	0.0	0.04894089	0.015290518	0.27364606	0.0	0.042683046	4.920924E-4	0.020239988	0.2255687	0.004778287	0.015290518	0.040192127	0.052352183	0.28194728	0.1068852	0.014253767	0.04064582	0.034146436	0.03303357	0.0	0.0019683696	0.1170466	0.0104268575	0.06266464	0.0	0.014286799	0.026402002	0.082493	0.12500429	0.38882422	0.52924687	0.0	0.12094302	0.16538344	0.01711658	0.019561805	0.019561805	0.120857336	0.0	0.046998486	0.053380903	0.0	0.0015906828	0.002501963	0.023651544	0.0041699386	0.051219653	0.0041699386	0.0133505035	0.0	0.041187517	0.013496765	0.113764524	0.012231431	0.082954235	0.10204586	0.0	0.30602342	0.034775216	0.085928775	0.0	0.15006539	0.024896944	0.0	0.0	0.0	0.10271741	0.064696305	0.003048199	0.039165404	0.057897218	0.0069484706	0.0	0.0	0.0	0.0	0.0044262926	0.0	0.0029571601	0.0	0.0	0.0	0.0	0.011171033	0.0	0.046998486	0.0	0.0016679754	0.0	0.0	0.0	0.003128365	0.0070432117	0.005621961	0.0	0.0	0.0	0.0	0.0015172227	0.0	0.0	0.0	0.0017876371	0.0	0.0	0.0	0.050085913	0.00625673	0.0012937576	0.076192565	0.014274988	0.007869346	0.08292517	0.01481024	0.044419028	0.0	0.0	0.39315486	0.37209398	0.48646143	0.18728918	0.0	0.0	0.11582608	0.0017363912	0.0	0.0	0.0	0.0017363912	0.0	0.0	0.085180655	0.0	0.0	0.051295098	0.2545643	0.013726592	0.0	0.0	0.0	0.010690325	0.05669448	0.0077079167	0.010586457	0.0	0.0	0.006876105	0.0022495652	0.0	0.0	0.0	0.0	0.0	0.0	0.0031813656	0.0022495652	0.0	0.0	0.0	0.0	0.0027836948	0.0	0.024716513	0.07437155	0.0055188304	0.0	0.01428932	0.0	0.002470495	0.0	0.0	0.0	0.15359339	0.0	0.0	0.0	0.0	0.0014594785	0.0	0.05149466	0.0049133105	0.0	0.15526554	0.008109022	0.19733182	0.06451554	0.09151194	0.0033060042	0.0	0.0	0.0	0.0	0.0014594785	0.0018695185	0.002470495	0.0	0.0014594785	0.012216137	0.0	0.015625961	0.011975371	0.0012509815	0.0061821723	0.0	0.0015804775	0.0	0.0	0.013226917	0.0	0.006448427	0.0	0.0	0.0021175672	0.002823423	0.002470495	0.0017363912	0.0015804775	
0.025736187	0.0	0.0	0.0	0.0	0.0	0.0	0.0	0.0	0.04648552	0.0	0.012345258	0.08826293	0.012598764	0.018820323	0.0	0.009052684	0.026409324	0.07765045	0.017991414	0.0	0.010193814	0.024746506	0.30527154	0.10495935	0.0020412924	0.004477766	0.015563305	0.01987076	0.0065376176	0.12137993	0.08852802	0.021564227	0.0026524584	0.022937048	0.0	0.0013802915	0.0	0.0	0.010780638	0.0	0.0	0.0	0.0	8.281749E-4	0.0249261	0.0074903066	0.018718112	0.0025357327	0.0064202626	0.015515167	0.0	0.010886901	0.0	0.0035050893	0.025736187	0.021944629	0.0072085396	0.061120458	0.007845161	0.0	0.022519164	0.0029215198	0.03597227	0.006875416	0.0262042	0.04554918	0.007183798	0.01303562	0.0030313812	0.0	0.0	0.0	0.0	0.0	0.0	0.0015309692	0.0	0.0	0.0	0.0015309692	0.0015309692	0.0	0.0013149377	0.0	0.0018946133	0.0016791621	0.12530291	0.01025046	0.033818737	0.0	0.0030665018	0.011029677	0.081435636	0.095595315	0.14093873	0.022519164	0.0126053775	0.0	0.15800963	0.0	0.0	0.0014876822	0.0	0.0	0.0	0.0	0.0	0.81388706	0.0	0.07387497	0.0018596029	0.0	0.009585272	0.0012726444	0.0046210564	9.2980143E-4	0.0	0.0037779766	0.100414515	0.023863811	0.0058086864	0.0022084662	0.0076037995	0.0	0.0038295551	0.0	0.0	0.012239459	0.0	0.0027716742	0.0	0.0	0.0	0.0067235725	0.0013858371	9.0012763E-4	0.0	0.0	0.0	0.004596154	0.11558992	0.08126874	0.08126874	0.01005673	0.0	0.0020787555	0.010925926	0.0	0.025712715	0.0	0.0	0.0	0.0025672666	0.0	0.0	0.0	0.0013802915	0.0	0.0	0.0	0.0	0.0	0.0	0.008308441	9.799348E-4	0.0043522916	0.15083611	0.097937465	0.13717642	0.5118652	0.10858108	0.40962353	0.009960281	0.2037143	0.30727556	0.0017322964	0.008201225	0.1316827	0.022098169	0.12243918	0.0	0.13729034	0.24222362	0.0	0.04069845	0.016641147	0.013867623	0.0	0.0068460437	0.0	0.0	0.0020787555	0.0	0.02167471	0.0	0.058692228	0.03465704	0.07277154	0.050077774	0.015600907	0.039608043	0.042245205	0.04450028	0.06568579	0.018133283	0.005612067	0.0	0.0	5.103231E-4	0.0	0.012017449	0.0	0.076291464	0.0	0.012772082	0.0022084662	9.879747E-4	0.011571993	0.006205686	0.0	0.004375081	0.0	0.0	0.005408679	0.015031363	0.12411071	0.093420126	0.0	0.0	0.046684492	0.0	0.0	0.0022315234	0.0	0.0	0.0	0.0022315234	0.023233064	0.0	0.0025626551	0.016800022	0.2539049	0.0	0.0	0.0	0.0	0.0016563497	0.026177708	0.0	0.0	0.0	0.0022315234	0.0	0.0	0.0	0.0	0.0	0.018301846	0.018301846	0.0	0.0	0.0	0.0	0.0	0.0	0.0	0.0	0.0	0.0011042331	0.053908534	0.010157003	0.0	0.017597713	0.0	0.0	0.0	0.0	0.0	0.06739677	0.0021499456	9.406012E-4	0.0	0.0	0.0	0.0018812025	0.00654918	0.022747511	0.0	0.056330945	0.001136768	0.0	0.0	0.09991155	0.08136817	0.0	0.0	0.0	9.406012E-4	9.406012E-4	8.062296E-4	9.406012E-4	0.0	0.01799689	0.0	0.0	0.0032916213	0.0027240077	8.062296E-4	0.0032916213	0.0017289558	0.003840225	0.0038439822	0.0	0.009252352	0.0014819622	0.0032916213	8.062296E-4	0.0	0.0	0.0	0.0	8.062296E-4	0.003840225	
0.0	0.0	0.0	0.0	0.0	0.0	0.0	0.0	0.0	0.13961942	0.0	0.10284074	0.07636313	0.0036732352	0.0	0.0	0.061857346	0.019945676	0.002364463	0.011397529	0.0	0.078303024	0.015124923	0.083919376	0.009278194	0.0	0.0	0.0026750846	0.04307858	0.034743547	0.018886356	0.0031500703	0.00898983	0.0	0.00509876	0.0	0.0	0.0	0.0	0.0	0.0	0.0	0.0	0.0	0.0	0.0	0.0	0.0053641736	0.010083281	0.01609252	0.00898983	0.0	0.0	0.0	0.022034079	0.0	0.013912014	0.0	0.002364463	0.0035446764	0.0	0.0	0.0	0.028080994	0.002364463	0.0	0.004728926	0.0	0.0	0.0	0.0	0.0	0.0	0.0	0.0	0.0	0.0	0.0	0.0	0.0	0.0	0.0	0.0	0.0	0.0	0.0	0.0	0.03292616	0.009735499	0.0	0.0	0.0	0.0	0.006705217	0.0026750846	0.020745384	0.0070893527	0.003038294	0.008102117	0.14989983	0.0	0.0	0.0	0.0	0.0	0.0	0.0	0.0	0.07991488	0.0	0.014811373	0.0	0.0	0.088354304	0.0	0.0023625526	0.0	0.0	0.0335617	0.04762179	0.014638805	0.043190032	0.0	0.011397529	0.0	0.012088905	0.0	0.0	0.0036732352	0.0	0.0	0.012980665	0.0	0.0	0.0	0.0	0.010145327	0.0	0.0	0.0	0.0	0.015732203	0.0	0.0	0.018930638	0.0	0.0	0.003038294	0.0	0.0	0.0	0.022474574	0.0	0.0	0.0	0.0	0.0	0.0	0.0	0.0	0.0	0.0	0.0	0.0	0.026023256	0.019561334	0.003038294	0.0066204965	0.038541306	0.034402434	0.0	0.0	0.005512623	0.0	0.011849099	0.008822871	0.0	0.045026675	0.0	0.0	0.0	0.0	0.0	0.0	0.0	0.0	0.0	0.0	0.0	0.0	0.0	0.0	0.0	0.0	0.0	0.0	0.013484745	0.0	0.006823286	0.0038990204	0.0	0.03595932	0.01797966	0.06591149	0.011237287	0.0136244865	0.0	0.02696949	0.026820868	0.036383174	0.01609252	0.0	0.0	0.05042216	0.71208084	0.0068549244	0.0	0.01797966	0.0078342	0.013491166	0.011237287	0.011237287	0.0	0.02696949	0.020304307	0.0035806636	0.06436646	0.02214371	0.0	0.02696949	0.0020255293	0.003038294	0.0	0.0	0.0	0.003038294	0.0	0.0	0.014268305	0.7065491	0.014511488	0.01820461	0.09352308	0.02243318	0.0	0.022474574	0.0	0.01609252	0.052269004	0.003038294	0.0	0.0	0.0	0.0	0.0	0.0	0.0	0.0	0.0	0.0	0.0	0.0	0.0	0.0	0.0	0.0	0.0	0.0	0.0	0.0	0.0017723382	0.0	0.22361414	0.26402262	0.0	0.0035446764	0.0	0.0	0.026820868	0.30603728	0.071632855	0.013709849	0.0	0.0	0.0035446764	0.062678754	0.11926798	0.0020255293	0.0	0.0064903325	0.0	0.0073464704	0.004725105	0.025902016	0.10617751	0.0	0.0	0.0	0.033529047	0.0033102483	0.0028373557	0.0033102483	0.0	0.0	0.02797246	0.0	0.0028373557	0.002364463	0.0028373557	0.0028373557	0.015732203	0.0033102483	0.0028373557	0.02797246	0.004012627	0.013484745	0.0028373557	0.0028373557	0.0	0.0	0.0	0.0	0.015124923	0.0033102483	
0.0	0.0	0.0	0.0	0.0	0.0	0.0	0.0	0.0	0.10294029	0.0	0.12926899	0.03829272	0.0	0.0	0.0	0.0	0.0	0.0	0.03829272	0.0	0.0	0.0	0.009229928	0.033506133	0.0	0.0	0.0	0.095997974	0.09607571	0.013844892	0.03829272	0.018459857	0.0	0.0	0.0	0.0	0.0	0.0	0.0	0.0	0.0	0.0	0.0	0.0	0.0	0.0	0.0	0.0	0.0	0.018459857	0.0	0.0	0.0	0.016152374	0.0	0.0	0.0	0.0	0.0	0.0	0.0	0.0	0.057661958	0.0	0.0	0.0	0.0	0.0	0.0	0.0	0.0	0.0	0.0	0.0	0.0	0.0	0.0	0.0	0.0	0.0	0.0	0.0	0.0	0.0	0.0	0.0	0.0	0.0	0.0	0.0	0.0	0.0	0.0	0.0	0.0	0.0	0.0	0.0	0.079998314	0.0	0.0	0.0	0.0	0.0	0.0	0.0	0.0	0.01153741	0.0	0.04003155	0.0	0.0	0.04077316	0.0	0.0	0.0	0.0	0.02307482	0.025798436	0.0	0.048037857	0.0	0.0	0.0	0.0	0.0	0.0	0.0	0.0	0.0	0.0	0.0	0.0	0.0	0.0	0.0	0.0	0.0	0.0	0.0	0.03230475	0.0	0.0	0.04003155	0.0	0.0	0.0	0.0	0.0	0.0	0.04614964	0.0	0.0	0.0	0.0	0.0	0.0	0.0	0.0	0.0	0.0	0.0	0.0	0.028022084	0.018459857	0.0	0.0	0.026106179	0.027689785	0.0	0.0	0.0	0.0	0.03202524	0.0	0.0	0.01153741	0.0	0.0	0.0	0.0	0.0	0.0	0.0	0.0	0.0	0.0	0.0	0.0	0.0	0.0	0.0	0.0	0.0	0.0	0.027689785	0.0	0.05604417	0.0	0.0	0.073839426	0.036919713	0.036919713	0.02307482	0.027976735	0.0	0.05537957	0.22029756	0.04405951	0.13217853	0.0	0.0	0.13262361	1.8952601	0.0	0.0	0.036919713	0.0	0.0	0.02307482	0.09401554	0.0	0.05537957	0.013844892	0.0	0.02830658	0.0	0.0	0.05537957	0.0	0.0	0.0	0.0	0.0	0.0	0.0	0.0	0.0	1.08518	0.16470447	0.0	0.22677124	0.016152374	0.0	0.04614964	0.0	0.13217853	0.087832674	0.0	0.0	0.0	0.0	0.0	0.0	0.0	0.0	0.0	0.0	0.0	0.0	0.0	0.0	0.0	0.0	0.0	0.0	0.0	0.0	0.0	0.0	0.0	0.0	0.19378215	0.0	0.0	0.0	0.0	0.0	0.4341711	0.0	0.067012265	0.0	0.0	0.0	0.0	0.028022084	0.0	0.0	0.0	0.0	0.0	0.0	0.0	0.03829272	0.0	0.0	0.0	0.03230475	0.0	0.0	0.0	0.0	0.0	0.05743908	0.0	0.0	0.0	0.0	0.0	0.19863403	0.0	0.0	0.05743908	0.0	0.027689785	0.0	0.0	0.0	0.0	0.0	0.0	0.0	0.0	
0.0	0.0	0.0	0.0	0.0	0.0	0.0	0.0	0.0	0.23541737	0.0	0.040789656	0.038456853	0.030300029	0.0	0.0	0.0	0.053025052	0.0	0.13751376	0.0	0.022725021	0.0	0.009269491	0.033649746	0.0	0.0	0.0	0.024082843	0.0	0.013904235	0.038456853	0.018538982	0.0	0.0	0.0	0.0	0.0	0.0	0.0	0.0	0.0	0.0	0.0	0.0	0.0	0.0	0.0	0.0	0.0	0.018538982	0.0	0.0	0.0	0.016221609	0.0	0.037875038	0.0	0.0	0.0	0.0	0.0	0.0	0.057909112	0.0	0.0	0.0	0.0	0.0	0.0	0.0	0.0	0.0	0.0	0.0	0.0	0.0	0.0	0.0	0.0	0.0	0.0	0.0	0.0	0.0	0.0	0.0	0.0	0.0	0.0	0.0	0.0	0.0	0.0	0.0	0.0	0.0	0.0	0.0	0.020069035	0.0	0.0	0.0	0.0	0.0	0.0	0.0	0.0	0.011586863	0.0	0.0	0.0	0.0	0.1349209	0.0	0.0	0.0	0.0	0.023173725	0.025909014	0.0	0.045450043	0.0	0.030300029	0.0	0.032138035	0.0	0.0	0.030300029	0.0	0.0	0.0	0.0	0.0	0.0	0.0	0.0	0.0	0.0	0.0	0.0	0.032443218	0.0	0.0	0.037875038	0.0	0.0	0.0	0.0	0.0	0.0	0.04634745	0.0	0.0	0.0	0.0	0.0	0.0	0.0	0.0	0.0	0.0	0.0	0.0	0.0	0.018538982	0.0	0.0	0.026218077	0.02780847	0.0	0.0	0.0	0.0	0.0	0.0	0.0	0.011586863	0.0	0.0	0.0	0.0	0.0	0.0	0.0	0.0	0.0	0.0	0.0	0.0	0.0	0.0	0.0	0.0	0.0	0.0	0.02780847	0.0	0.0	0.0	0.0	0.07415593	0.037077963	0.037077963	0.023173725	0.02809665	0.0	0.05561694	0.2212418	0.044248357	0.13274507	0.0	0.0	0.13319206	1.0898314	0.0	0.0	0.037077963	0.0	0.0	0.023173725	0.09441852	0.0	0.05561694	0.013904235	0.0	0.0	0.0	0.0	0.05561694	0.0	0.0	0.0	0.0	0.0	0.0	0.0	0.0	0.0	1.8773088	0.16541043	0.0	0.07991128	0.016221609	0.0	0.04634745	0.0	0.13274507	0.08820914	0.0	0.0	0.0	0.0	0.0	0.0	0.0	0.0	0.0	0.0	0.0	0.0	0.0	0.0	0.0	0.0	0.0	0.0	0.0	0.0	0.0	0.0	0.0	0.0	0.36661047	0.0	0.0	0.0	0.0	0.0	0.43137583	0.0	0.06729949	0.0	0.0	0.0	0.0	0.026512526	0.0	0.0	0.0	0.0	0.060600057	0.0	0.0	0.038456853	0.0	0.0	0.0	0.032443218	0.0	0.0	0.0	0.0	0.0	0.05768528	0.0	0.0	0.0	0.0	0.0	0.19948542	0.0	0.0	0.05768528	0.0	0.02780847	0.0	0.0	0.0	0.0	0.0	0.0	0.0	0.0	
0.0	0.0	0.0	0.0	0.0	0.0	0.0	0.0	0.0	0.18610117	0.0	0.0	0.0	0.0	0.0	0.0	0.12226829	0.0	0.0	0.058551095	0.0	0.0	0.0	0.0	0.051232208	0.0	0.0	0.0	0.0	0.0	0.0	0.058551095	0.0	0.0	0.0	0.0	0.0	0.0	0.0	0.0	0.0	0.0	0.0	0.0	0.0	0.0	0.0	0.0	0.0	0.0	0.0	0.0	0.0	0.0	0.0	0.0	0.0	0.0	0.0	0.0	0.0	0.0	0.0	0.0	0.0	0.0	0.0	0.0	0.0	0.0	0.0	0.0	0.0	0.0	0.0	0.0	0.0	0.0	0.0	0.0	0.0	0.0	0.0	0.0	0.0	0.0	0.0	0.0	0.0	0.0	0.0	0.0	0.0	0.0	0.0	0.0	0.0	0.0	0.0	0.0	0.0	0.0	0.0	0.0	0.0	0.0	0.0	0.0	0.0	0.0	0.0	0.0	0.0	0.0	0.0	0.0	0.0	0.0	0.0	0.0	0.0	0.0	0.0	0.0	0.0	0.0	0.0	0.0	0.0	0.0	0.0	0.0	0.0	0.0	0.0	0.0	0.0	0.0	0.0	0.0	0.0	0.0	0.0	0.0	0.0	0.0	0.0	0.0	0.0	0.0	0.0	0.0	0.0	0.0	0.0	0.0	0.0	0.0	0.0	0.0	0.0	0.0	0.0	0.0	0.0	0.0	0.0	0.0	0.0	0.0	0.0	0.0	0.0	0.0	0.0	0.0	0.0	0.0	0.0	0.0	0.0	0.0	0.0	0.0	0.0	0.0	0.0	0.0	0.0	0.0	0.0	0.0	0.0	0.0	0.0	0.0	0.0	0.0	0.0	0.0	0.0	0.0	0.0	0.0	0.0	0.0	0.0	0.0	0.33684373	0.067368746	0.20210624	0.0	0.0	0.071455345	0.0	0.0	0.0	0.0	0.0	0.0	0.0	0.036594436	0.0	0.0	0.0	0.0	0.0	0.0	0.0	0.0	0.0	0.0	0.0	0.0	0.0	0.0	0.0	0.0	0.0	0.0	0.2518397	0.0	0.029275548	0.0	0.0	0.0	0.0	0.20210624	0.036594436	0.0	0.0	0.0	0.0	0.0	0.0	0.0	0.0	0.0	0.0	0.0	0.0	0.0	0.0	0.0	0.0	0.0	0.0	0.0	0.0	0.0	0.0	0.0	1.5557549	0.0	0.0	0.0	0.0	0.0	0.0	0.029275548	0.0	0.102464415	0.0	0.0	0.0	0.0	0.0	0.0	0.0	0.08151219	0.0	0.0	0.0	0.0	0.0	0.0	0.0	0.0	0.0	0.0	0.0	0.0	0.0	0.0	0.0	0.0	0.0	0.0	0.0	0.0	0.102464415	0.0	0.0	0.0	0.0	0.0	0.0	0.0	0.0	0.0	0.0	0.0	0.0	0.0	
0.0	0.0	0.0	0.0	0.0	0.0	0.0	0.0	0.0	0.06970399	0.0	0.017044177	0.022725571	0.0	0.0	0.0	0.019680921	0.0	0.016400767	0.03233784	0.0	0.09241211	0.019680921	0.006560307	0.09636097	0.0	0.0	0.01855535	0.013916513	0.039361842	0.0	0.03233784	0.0	0.0	0.03536684	0.0	0.0	0.0	0.0	0.0	0.0	0.0	0.0	0.0	0.0	0.0	0.0	0.0	0.013120614	0.0	0.0	0.0	0.0	0.0	0.0	0.0	0.016400767	0.0	0.016400767	0.0	0.0	0.0	0.0	0.0	0.016400767	0.0	0.032801535	0.0	0.0	0.0	0.0	0.0	0.0	0.0	0.0	0.0	0.0	0.0	0.0	0.0	0.0	0.0	0.0	0.0	0.0	0.0	0.0	0.008200384	0.0	0.0	0.0	0.0	0.0	0.0	0.01855535	0.0	0.0	0.0	0.0	0.008200384	0.0	0.0	0.0	0.0	0.0	0.0	0.0	0.0	0.014203481	0.0	0.0	0.0	0.0	0.0	0.0	0.0	0.0	0.0	0.0	0.022104274	0.0	0.0	0.0	0.0	0.0	0.0	0.0	0.0	0.0	0.0	0.0	0.0	0.0	0.0	0.0	0.0	0.0	0.0	0.0	0.0	0.0	0.0	0.0	0.0	0.0	0.0	0.0	0.0	0.0	0.0	0.0	0.0	0.0	0.0	0.0	0.0	0.0	0.0	0.0	0.0	0.0	0.0	0.0	0.0	0.0	0.0	0.0	0.045922153	0.0	0.0	0.0	0.0	0.0	0.0	0.0	0.011480538	0.0	0.0	0.0	0.0	0.0	0.0	0.0	0.0	0.0	0.0	0.0	0.0	0.0	0.0	0.0	0.0	0.0	0.0	0.0	0.0	0.0	0.0	0.0	0.0	0.0	0.0	0.0	0.0	0.0	0.0	0.0	0.0	0.1860392	0.03720784	0.11162351	0.0	0.0	0.03946487	0.0	0.011480538	0.0	0.0	0.013120614	0.09357958	0.0	0.02021115	0.0	0.0	0.0	0.0	0.011597093	0.0098404605	0.0	0.0	0.0	0.0	0.0	0.0	0.0	0.0	0.0	0.0	0.019680921	0.0	0.24799888	0.12627375	0.01616892	0.0	0.0	0.0	0.0	0.11162351	0.056823067	0.0	0.0	0.0	0.0	0.0	0.0	0.0	0.0	0.0	0.0	0.0	0.0	0.0	0.0	0.0	0.0	0.0	0.0	0.0	0.0	0.0	0.0	0.0	0.0	0.07261551	0.0	0.0	0.0	0.0	0.0	0.13564536	0.052482456	0.15910459	0.0	0.0	0.0	0.045922153	0.011480538	0.0	0.0	0.0	0.0	0.0	0.0	0.062520325	0.13714322	0.0	0.0	0.0	0.022961076	0.022961076	0.019680921	0.022961076	0.0	0.0	0.0	0.0	0.019680921	0.016400767	0.019680921	0.019680921	0.05659122	0.022961076	0.019680921	0.0	0.027833026	0.0	0.019680921	0.019680921	0.0	0.0	0.0	0.0	0.019680921	0.022961076	
0.09784077	0.0	0.0	0.0	0.0	0.0	0.0	0.0	0.0	0.7152875	0.0	0.03451879	0.07023927	0.12326474	0.06250018	0.015390429	0.035767194	0.23653102	0.4791931	0.19800071	0.0055779144	0.03858787	0.14441632	0.2931674	0.14703241	0.01242542	0.02725632	0.09221521	8.6754013E-4	0.009948678	0.03823587	0.032653872	0.015600179	0.04059557	0.05880273	0.0	0.002100471	0.0	0.0	0.0029406592	0.0	0.0	0.0	0.0	0.0012602825	0.15635702	0.04559376	0.15007438	0.011835878	0.039080366	0.0266437	0.004880675	0.108936116	0.0	0.0017255791	0.09784077	0.17000718	0.06616894	0.38743642	0.054783262	0.0	0.085610665	0.02124757	0.23015662	0.004145283	0.06343012	0.057947777	0.009778773	0.0170352	0.004613031	0.0	0.0	0.0	0.0	0.0	0.0	0.009319065	0.0	0.0	0.0	0.009319065	0.009319065	0.0	0.013553573	0.0	0.010272787	0.04840218	0.35369915	0.04280942	0.046012443	0.0015772744	0.023176072	0.0033343867	0.074079975	0.16674072	0.04732972	0.16277155	0.129251	0.0140135875	0.07007286	0.0	0.0	0.0018025994	0.0	0.0	0.0	0.002253249	0.0	0.09630538	0.018639963	0.3453874	0.0038612103	0.002253249	0.0764083	0.014662669	0.040815137	0.014529298	0.018639963	0.0057491697	0.0058223233	0.117382154	0.04714873	0.0033607534	0.061446793	0.0018025994	0.01921165	0.0	0.0	0.06807901	0.0	0.0042178202	0.0	0.0	0.0	0.0021089101	0.012504822	0.053321213	0.0056182686	0.0	0.002253249	0.019814236	0.0014703296	0.0016803767	0.0016803767	0.017015342	0.0	0.0031633652	0.02187805	0.0	0.0	0.0	0.0	0.0	0.002703899	0.0	0.0	0.0	0.002100471	0.0	0.0	0.0	0.0	0.0036051988	0.0	0.057839375	0.00972877	0.088961884	0.0028627366	0.05104954	0.006623139	0.0	0.003255634	0.00859429	0.015157146	0.024732215	0.010461514	0.0026361377	0.013492227	0.02605358	0.003906761	0.0019736234	0.0	0.003906761	0.005663251	0.0	0.0	0.0	0.0	0.0	0.0026045074	0.0	0.0	0.0031633652	0.0	0.0	0.0	0.0027002438	0.0	0.010858457	0.0059062536	0.0054292283	0.0	0.0013022537	0.0026045074	0.0	0.001139472	0.0	0.0	0.011597481	0.054938417	0.0069584884	0.0	0.0	0.062365636	0.0	0.0147020165	0.0033607534	0.0	0.021365715	0.0	0.0	0.07823645	0.0	0.0	0.03147572	0.10779465	0.1476681	0.13894439	0.0	0.0	0.031834863	0.005255095	0.0	0.0	0.0	0.005255095	0.0	0.0	0.08779814	0.0055591404	0.028073948	0.039010637	0.18538602	0.012472515	0.0	0.0	0.0	0.018958107	0.07499468	0.005255095	0.0099843005	0.0	0.0	0.0064849933	0.0	0.0	0.0	0.0	0.0	0.0	0.0	0.0	0.0	0.0	0.0	0.0	0.0	0.0	0.0	0.010821394	0.04152062	0.027633995	0.0	0.056584023	0.0	0.0061309445	0.0	0.0	0.0	0.30183828	0.003271699	0.013490522	0.0	0.0	0.0061309445	0.0028627366	0.05695673	0.19944808	0.0055779144	0.29060578	0.045224022	0.009958502	0.0013519495	0.070104256	0.13327795	0.0	0.0	0.0	0.0014313683	0.0014313683	0.0085014915	0.0014313683	0.0	0.013700065	0.0	0.0	0.011346501	0.004145283	0.0012268871	0.011346501	0.0	0.013237584	0.0012268871	0.0	0.0059907255	0.0	0.011346501	0.0012268871	0.0	0.0	0.0	0.0	0.0012268871	0.07184368	
0.004571005	0.09971729	0.0	0.019943459	0.0	0.0	0.0	0.0	0.0	0.004601773	0.0	0.0082466975	0.017124884	0.001979303	0.0022855024	0.0	0.0018053658	0.0019998145	0.00921116	0.0022855024	0.0	0.008873487	0.008459015	0.0028196718	0.011167938	0.004571005	0.0	0.0056897327	0.019188896	0.0036107316	0.0014844773	0.0016160943	0.0016160943	0.0	0.0011427512	0.0	0.0	0.0	0.0	0.0	0.0	0.0	0.0	0.0	0.0	0.0011427512	0.003999629	0.0016160943	0.0012035773	0.0034282538	0.0016160943	0.0	0.0029689546	0.0	0.0	0.004571005	0.008722699	0.0	0.005865821	0.002828165	0.0	0.003999629	0.0	9.999073E-4	0.0015044715	0.0	0.011731642	0.0	0.0	0.0	0.0	0.0	0.0	0.0	0.0	0.0	0.0034282538	0.0	0.0	0.0	0.0034282538	0.0034282538	0.0	0.0	0.0	0.0	0.0	0.0035245894	0.0017141269	0.0017141269	0.0	0.0	0.0	0.0020201178	0.01597726	0.0014140825	0.003999629	0.0024241414	0.0	0.0029329106	0.0	0.0	0.0	0.0	0.0	0.0	0.0	0.0	0.01284571	0.0	0.001428439	0.0	0.0	0.0	0.0	0.0	0.0	0.0	0.0	0.0	0.0	0.0	0.0	0.0	0.0	0.0	0.0	0.0	0.0	0.0	0.0	0.0	0.0	0.0	0.0	0.0	0.0	0.0	0.0	0.0	0.0	0.0	0.0	0.008987568	0.0	0.0	0.0	0.0	0.0	0.0	0.0	0.0	0.0	0.0	0.0	0.0	0.0	0.0	0.0	0.0	0.0	0.0	0.0	0.0	0.0	0.0	0.0	0.00421252	0.0	0.006740676	0.0	0.0	0.0	0.0	0.0	0.00105313	0.0	0.0	0.0022855024	0.00744266	0.002170776	0.0	0.0	0.0	0.0	0.0	0.0	0.0	0.0	0.0	0.0	0.0	0.0	0.0	0.0	0.0	0.0	0.0	0.0	0.0	0.0	0.0	0.0	0.0	0.0	0.0	0.0	0.0	0.0	0.0011427512	0.0	0.0	0.0	0.0	0.0	0.008079258	0.0	0.0	0.0012035773	0.0	0.0	0.0010100589	0.0	0.0	0.002559856	0.001428439	0.004147762	0.0042295074	0.0	0.0	0.0	0.018580958	0.0	0.0	0.0	0.0	0.0	0.0	0.0070389854	0.0	0.0092334375	0.0012035773	8.0804713E-4	0.0	0.0	0.0	0.0	0.0	0.0039786007	0.0	0.0	0.0	0.0	0.0	0.0	0.0	0.0	0.0	0.0	0.0	0.0	0.0	0.0	0.0	0.0	0.0	0.0	0.0	0.0	0.0	0.0019998145	0.0024241414	0.0	0.00863946	0.0	0.0	0.0	0.0	0.0	0.010670839	0.004814309	0.00210626	0.0	0.0	0.0	0.00421252	0.00105313	0.008193962	0.0	0.0016160943	0.0	0.0	0.0	0.001428439	0.011998273	0.0	0.0	0.045782514	0.17184973	0.03236809	0.011053391	0.25583118	0.07609307	0.004341552	0.00372133	0.009653822	0.013850155	0.026616018	0.011053391	0.011053391	0.004341552	0.12150035	0.14729977	0.01488532	0.012549005	0.0	0.19789904	0.0018053658	0.11372298	0.5843456	0.006826283	0.08877524	0.011053391	0.00210626	
0.0	0.0	0.0	0.0	0.0	0.0	0.0	0.0	0.0	0.0	0.0	0.0	0.0	0.0	0.0	0.0	0.0	0.0	0.0	0.0	0.0	0.0	0.0	0.0	0.0	0.0	0.0	0.0	0.0	0.0	0.0	0.0	0.0	0.0	0.0	0.0	0.0	0.0	0.0	0.0	0.0	0.0	0.0	0.0	0.0	0.0	0.0	0.0	0.0	0.0	0.0	0.0	0.0	0.0	0.0	0.0	0.0	0.0	0.0	0.0	0.0	0.0	0.0	0.0	0.0	0.0	0.0	0.0	0.0	0.0	0.0	0.0	0.0	0.0	0.0	0.0	0.0	0.0	0.0	0.0	0.0	0.0	0.0	0.0	0.0	0.0	0.0	0.0	0.0	0.0	0.0	0.0	0.0	0.0	0.0	0.0	0.0	0.0	0.0	0.0	0.0	0.0	0.0	0.0	0.0	0.0	0.0	0.0	0.0	0.0	0.0	0.0	0.0	0.0	0.0	0.0	0.0	0.0	0.0	0.0	0.0	0.0	0.0	0.0	0.0	0.0	0.0	0.0	0.0	0.0	0.0	0.0	0.0	0.0	0.0	0.0	0.0	0.0	0.0	0.0	0.0	0.0	0.0	0.0	0.0	0.0	0.0	0.0	0.0	0.0	0.0	0.0	0.0	0.0	0.0	0.0	0.0	0.0	0.0	0.0	0.0	0.0	0.0	0.0	0.0	0.0	0.0	0.0	0.0	0.0	0.0	0.0	0.0	0.0	0.0	0.0	0.0	0.0	0.0	0.0	0.0	0.0	0.0	0.0	0.0	0.0	0.0	0.0	0.0	0.0	0.0	0.0	0.0	0.0	0.0	0.0	0.0	0.0	0.0	0.0	0.0	0.0	0.0	0.0	0.0	0.0	0.0	0.0	0.0	0.0	0.0	0.0	0.0	0.0	0.0	0.0	0.0	0.0	0.0	0.0	0.0	0.0	0.0	0.0	0.0	0.0	0.0	0.0	0.0	0.0	0.0	0.0	0.0	0.0	0.0	0.0	0.0	0.0	0.0	0.0	0.0	0.0	0.0	0.0	0.0	0.0	0.0	0.0	0.0	0.0	0.0	0.0	0.0	0.0	0.0	0.0	0.0	0.0	0.0	0.0	0.0	0.0	0.0	0.0	0.0	0.0	0.0	0.0	0.0	0.0	0.0	0.0	0.0	0.0	0.0	0.0	0.0	0.0	0.0	0.0	0.0	0.0	0.0	0.0	0.0	0.0	0.0	0.0	0.0	0.0	0.0	0.0	0.0	0.0	0.0	0.0	0.0	0.0	0.0	0.0	0.0	0.0	0.0	0.0	0.0	0.0	0.0	0.0	0.0	0.0	0.0	0.0	0.0	0.0	0.0	0.0	0.0	0.0	0.0	0.0	0.0	0.0	0.0	0.0	
