# ./makeMatrix info	read in 32 slides
# ./makeMatrix info	read in 251 paragraphs
0.0217391304347826	0.130434782608696	0.347826086956522	0.0512820512820513	0	0.0289855072463768	0	0.0263157894736842	0.0256410256410256	0.0227272727272727	0.00854700854700855	0	0.0196078431372549	0.0740740740740741	0.0363636363636364	0.0147058823529412	0.0319148936170213	0	0.0126582278481013	0.0256410256410256	0.027027027027027	0	0.037037037037037	0.03	0.0294117647058824	0.103448275862069	0.0422535211267606	0	0.0256410256410256	0.0192307692307692	0.0487804878048781	0.037037037037037	0	0.0208333333333333	0	0.0273972602739726	0.0408163265306122	0	0	0	0	0.0178571428571429	0.0120481927710843	0.0117647058823529	0.0288461538461538	0.0769230769230769	0	0	0	0	0	0.0238095238095238	0.0103092783505155	0	0.0714285714285714	0	0.0526315789473684	0.0810810810810811	0.0338983050847458	0.0476190476190476	0.0227272727272727	0.037037037037037	0.037037037037037	0.0769230769230769	0	0.0196078431372549	0.0298507462686567	0.0208333333333333	0.0491803278688525	0.0555555555555556	0.103448275862069	0.0147058823529412	0	0	0.0113636363636364	0.0166666666666667	0.0416666666666667	0	0	0	0	0	0	0	0	0	0	0	0	0.0526315789473684	0.032258064516129	0.0731707317073171	0.0344827586206897	0	0.0285714285714286	0	0	0.0113636363636364	0.0666666666666667	0	0	0.0238095238095238	0.0731707317073171	0	0	0.0512820512820513	0	0.025	0.0185185185185185	0.05	0	0.0185185185185185	0.0185185185185185	0	0.0128205128205128	0.0166666666666667	0.0178571428571429	0	0.0151515151515152	0	0	0.0144927536231884	0.0169491525423729	0.0344827586206897	0	0	0	0	0.0147058823529412	0.0576923076923077	0	0	0	0.0344827586206897	0	0.0277777777777778	0.024390243902439	0.024390243902439	0	0	0.0666666666666667	0.0163934426229508	0	0	0	0	0	0	0	0	0.0333333333333333	0	0.0333333333333333	0	0	0.0227272727272727	0	0	0	0.0131578947368421	0.0377358490566038	0	0	0	0.0294117647058824	0	0.0434782608695652	0.032967032967033	0	0.0144927536231884	0.0298507462686567	0.0317460317460317	0	0	0	0	0.0140845070422535	0.0666666666666667	0.025	0	0.0263157894736842	0.0253164556962025	0	0.04	0.0428571428571429	0	0.0294117647058824	0.0285714285714286	0.0333333333333333	0	0	0.032258064516129	0.0303030303030303	0.0163934426229508	0.0273972602739726	0.0240963855421687	0	0.0344827586206897	0.0338983050847458	0.0404040404040404	0.0481927710843374	0.0131578947368421	0.0217391304347826	0.0396039603960396	0.0149253731343284	0	0	0	0	0.024390243902439	0.05	0.0491803278688525	0.010989010989011	0.0597014925373134	0	0.0294117647058824	0	0.0303030303030303	0	0.0357142857142857	0.0909090909090909	0.0285714285714286	0	0.0303030303030303	0	0.03125	0	0.0394736842105263	0.0353982300884956	0.0101010101010101	0.0365853658536585	0.0204081632653061	0.0384615384615385	0.0481927710843374	0.0256410256410256	0	0.0253164556962025	0	0.032258064516129	0.0491803278688525	0.0166666666666667	0.0232558139534884	0.0307692307692308	0.0240963855421687	0.0416666666666667	0.0125	0.0163934426229508	0.021505376344086	0.0428571428571429	0	0.0515463917525773
0.0256410256410256	0.1875	0	0	0	0.0305343511450382	0	0.0289855072463768	0.03125	0.0246913580246914	0.018348623853211	0.0253164556962025	0.0543478260869565	0.108695652173913	0.0416666666666667	0.0508474576271186	0.0344827586206897	0.117647058823529	0.0138888888888889	0.02	0.0288461538461538	0.102040816326531	0.0294117647058824	0.0212765957446809	0.0537634408602151	0.0869565217391304	0.0634920634920635	0.0588235294117647	0.03125	0.0222222222222222	0.0285714285714286	0.05	0.0113636363636364	0.024390243902439	0	0.0303030303030303	0.0731707317073171	0.03125	0	0	0.03125	0.0638297872340425	0	0.025974025974026	0.0204081632653061	0.105263157894737	0	0	0.0454545454545455	0	0	0.0285714285714286	0.0224719101123595	0	0.0454545454545455	0	0.0428571428571429	0.03125	0.0384615384615385	0.0535714285714286	0	0.0547945205479452	0	0.105263157894737	0	0.0714285714285714	0.0163934426229508	0.024390243902439	0.0555555555555556	0.078125	0.136363636363636	0.0163934426229508	0	0.0256410256410256	0.0123456790123457	0.0188679245283019	0.0238095238095238	0	0	0	0	0	0	0	0	0	0	0	0	0.0192307692307692	0	0.0571428571428571	0	0.0232558139534884	0.015625	0.0454545454545455	0	0.0123456790123457	0.0789473684210526	0.0232558139534884	0.0232558139534884	0	0.0882352941176471	0	0.0416666666666667	0.0625	0.04	0.0303030303030303	0.0212765957446809	0.0606060606060606	0.04	0.0666666666666667	0.0212765957446809	0	0.0140845070422535	0.0188679245283019	0.0416666666666667	0	0.0169491525423729	0	0	0.0161290322580645	0.0192307692307692	0	0.0384615384615385	0	0	0	0.0163934426229508	0.0434782608695652	0	0	0	0	0	0	0	0	0	0	0.0555555555555556	0.0185185185185185	0	0	0	0	0	0	0	0	0	0	0	0	0	0.0246913580246914	0	0.0181818181818182	0.04	0.0294117647058824	0.0212765957446809	0	0	0.0333333333333333	0	0.0333333333333333	0.0317460317460317	0.0357142857142857	0	0.0161290322580645	0.0333333333333333	0.0175438596491228	0	0.0384615384615385	0	0.0454545454545455	0.015625	0.0555555555555556	0.0303030303030303	0	0.0142857142857143	0.0136986301369863	0	0	0.0153846153846154	0	0.037037037037037	0	0	0	0	0	0	0.0173913043478261	0.0303030303030303	0.0263157894736842	0	0.0392156862745098	0.0176991150442478	0.0212765957446809	0.0526315789473684	0.0447761194029851	0.0256410256410256	0.0315789473684211	0.0338983050847458	0	0.08	0	0.0769230769230769	0.0606060606060606	0.0606060606060606	0.0961538461538462	0.0365853658536585	0.0491803278688525	0	0	0	0	0	0.038961038961039	0.0740740740740741	0	0	0	0	0	0	0.0434782608695652	0.0185185185185185	0	0.0540540540540541	0.0238095238095238	0.0571428571428571	0.0526315789473684	0	0	0.0277777777777778	0.0645161290322581	0.0416666666666667	0.0555555555555556	0.0188679245283019	0.0253164556962025	0.0169491525423729	0.0263157894736842	0	0.0277777777777778	0.0377358490566038	0.0476190476190476	0.03125	0	0.0106382978723404
0.0344827586206897	0.0298507462686567	0	0	0	0.380597014925373	0	0.163461538461538	0.0246913580246914	0.064	0.175182481751825	0.271844660194175	0.185483870967742	0.147727272727273	0.19047619047619	0.131313131313131	0.147540983606557	0.0147058823529412	0.0982142857142857	0.16	0.129496402877698	0.130434782608696	0.220472440944882	0.158730158730159	0.203252032520325	0.0869565217391304	0.181818181818182	0	0.0921052631578947	0.0549450549450549	0.0238095238095238	0	0.158333333333333	0.0697674418604651	0	0.113207547169811	0.0804597701149425	0.0506329113924051	0	0	0.0506329113924051	0.0638297872340425	0.0948275862068965	0.0573770491803279	0.0869565217391304	0.0597014925373134	0.0303030303030303	0.10989010989011	0.028169014084507	0.0704225352112676	0.0138888888888889	0.0617283950617284	0.128	0	0.0138888888888889	0	0.108108108108108	0.0779220779220779	0.0505050505050505	0.101010101010101	0.0731707317073171	0.186915887850467	0.0142857142857143	0.0597014925373134	0	0.0919540229885057	0.0666666666666667	0.0454545454545455	0.114583333333333	0.11214953271028	0.0273972602739726	0.108910891089109	0.0140845070422535	0.0588235294117647	0.11864406779661	0.118279569892473	0.0568181818181818	0	0.0138888888888889	0.0133333333333333	0	0	0.0256410256410256	0	0.0253164556962025	0.0144927536231884	0	0	0.012987012987013	0.0729166666666667	0	0.0481927710843374	0.0138888888888889	0.0444444444444444	0.0952380952380952	0.028169014084507	0.0485436893203883	0.0731707317073171	0.123456790123457	0.0681818181818182	0.0930232558139535	0.0487804878048781	0.0740740740740741	0.0136986301369863	0.0416666666666667	0.05	0.0704225352112676	0.0769230769230769	0.0652173913043478	0.0365853658536585	0.027027027027027	0.0888888888888889	0.0425531914893617	0	0.12962962962963	0.0721649484536082	0.0526315789473684	0.0266666666666667	0.0679611650485437	0	0.0133333333333333	0.036697247706422	0.0618556701030928	0.028169014084507	0.0405405405405405	0	0	0.04	0.108910891089109	0.0769230769230769	0.0384615384615385	0.0705882352941176	0.0144927536231884	0	0.0470588235294118	0.0126582278481013	0.0493827160493827	0.0493827160493827	0	0.0140845070422535	0.126315789473684	0.0824742268041237	0	0.0142857142857143	0.0140845070422535	0	0.0140845070422535	0	0.0140845070422535	0	0.0136986301369863	0	0.0136986301369863	0	0.0136986301369863	0.0991735537190083	0	0.191011235955056	0.120879120879121	0.121495327102804	0.0652173913043478	0.027027027027027	0.0277777777777778	0.0945945945945946	0.0263157894736842	0.08	0.0952380952380952	0.132231404958678	0	0.0660377358490566	0.0980392156862745	0.0693069306930693	0.027027027027027	0.0131578947368421	0.0493827160493827	0.0428571428571429	0.105769230769231	0.138297872340426	0.105263157894737	0	0.0900900900900901	0.0598290598290598	0.0144927536231884	0.0147058823529412	0.115384615384615	0.0422535211267606	0.0263157894736842	0.0821917808219178	0.0277777777777778	0.0704225352112676	0.0273972602739726	0.0135135135135135	0.121212121212121	0.105960264900662	0.0925925925925926	0.153153153153153	0	0.119565217391304	0.114864864864865	0.114503816793893	0.140350877192982	0.132075471698113	0.0975609756097561	0.112781954887218	0.0776699029126214	0.0273972602739726	0.0694444444444444	0.0273972602739726	0.0684931506849315	0.118421052631579	0.118421052631579	0.16304347826087	0.0975609756097561	0.117647058823529	0.027027027027027	0	0.027027027027027	0	0.027027027027027	0.130434782608696	0.0533333333333333	0	0.027027027027027	0	0.027027027027027	0	0.027027027027027	0.12962962962963	0.0526315789473684	0.00704225352112676	0.132743362831858	0.0689655172413793	0.148148148148148	0.101694915254237	0	0.027027027027027	0.087719298245614	0.121621621621622	0.0416666666666667	0.126315789473684	0.0721649484536082	0.0916666666666667	0.0576923076923077	0.0847457627118644	0	0.137614678899083	0.166666666666667	0.15	0.137254901960784	0	0.0661764705882353
0.0217391304347826	0.0428571428571429	0	0	0	0.166666666666667	0	0.225490196078431	0.0357142857142857	0.0873015873015873	0.240601503759398	0.144067796610169	0.126865671641791	0.129032258064516	0.118279569892473	0.115384615384615	0.133858267716535	0	0.175925925925926	0.143646408839779	0.125874125874126	0.11340206185567	0.195488721804511	0.209677419354839	0.142857142857143	0.0821917808219178	0.198019801980198	0	0.0609756097560976	0.0752688172043011	0.0465116279069767	0.0135135135135135	0.108527131782946	0.0549450549450549	0	0.0990990990990991	0.101123595505618	0.0357142857142857	0	0	0.0481927710843374	0.0612244897959184	0.139130434782609	0.0991735537190083	0.0845070422535211	0.0416666666666667	0	0.0714285714285714	0.0131578947368421	0.0810810810810811	0.0266666666666667	0.0714285714285714	0.124031007751938	0	0.0131578947368421	0	0.0854700854700855	0.0740740740740741	0.0485436893203883	0.107843137254902	0.0697674418604651	0.149122807017544	0.0135135135135135	0.0416666666666667	0	0.0645161290322581	0.115384615384615	0.0434782608695652	0.0882352941176471	0.128440366972477	0.0394736842105263	0.0740740740740741	0.0133333333333333	0.0681818181818182	0.12396694214876	0.102040816326531	0.0659340659340659	0	0.0131578947368421	0	0	0	0.024390243902439	0	0.0240963855421687	0.0136986301369863	0	0	0.0379746835443038	0.0594059405940594	0	0.0581395348837209	0.0131578947368421	0.0537634408602151	0.101851851851852	0.0266666666666667	0.0467289719626168	0.088	0.130952380952381	0.0652173913043478	0.101123595505618	0.0465116279069767	0.0705882352941176	0.012987012987013	0.025974025974026	0.0602409638554217	0.038961038961039	0.0602409638554217	0.0967741935483871	0.0595238095238095	0.0256410256410256	0.0625	0.0625	0	0.0956521739130435	0.0909090909090909	0.0612244897959184	0.0125	0.0857142857142857	0	0.0126582278481013	0.0636363636363636	0.0594059405940594	0.0131578947368421	0.051948051948052	0	0	0.025	0.115384615384615	0.0967741935483871	0.0365853658536585	0.0555555555555556	0.0136986301369863	0	0.0568181818181818	0.0120481927710843	0.0595238095238095	0.0348837209302326	0	0.0133333333333333	0.13265306122449	0.0792079207920792	0	0.0135135135135135	0.0133333333333333	0	0.0133333333333333	0	0.0133333333333333	0	0.012987012987013	0	0.012987012987013	0	0.012987012987013	0.151260504201681	0	0.134020618556701	0.0927835051546392	0.107142857142857	0.0625	0.0126582278481013	0.0263157894736842	0.0897435897435897	0.025	0.0759493670886076	0.101851851851852	0.119047619047619	0	0.10377358490566	0.0740740740740741	0.0980392156862745	0.0126582278481013	0.0125	0.0113636363636364	0.0266666666666667	0.133333333333333	0.099009900990099	0.0731707317073171	0	0.0683760683760684	0.0756302521008403	0	0.028169014084507	0.0909090909090909	0.0263157894736842	0.025	0.0506329113924051	0.012987012987013	0.0256410256410256	0.025974025974026	0.0128205128205128	0.0747663551401869	0.117647058823529	0.109090909090909	0.168141592920354	0	0.07	0.0903225806451613	0.079136690647482	0.107438016528926	0.0973451327433628	0.105882352941176	0.109489051094891	0.0747663551401869	0.025974025974026	0.051948051948052	0.025974025974026	0.0379746835443038	0.0853658536585366	0.126582278481013	0.11	0.0775193798449612	0.113207547169811	0.0126582278481013	0	0.0126582278481013	0	0.0126582278481013	0.116666666666667	0.0506329113924051	0	0.0126582278481013	0	0.0126582278481013	0	0.0126582278481013	0.115044247787611	0.0379746835443038	0	0.0819672131147541	0.0543478260869565	0.163636363636364	0.107438016528926	0	0.0126582278481013	0.0491803278688525	0.0481927710843374	0.0394736842105263	0.13265306122449	0.102040816326531	0.0714285714285714	0.0754716981132075	0.0731707317073171	0	0.12280701754386	0.123711340206186	0.213675213675214	0.132075471698113	0	0.041958041958042
0.0119047619047619	0.032258064516129	0	0	0	0.208053691275168	0	0.0740740740740741	0.0263157894736842	0.0491803278688525	0.106382978723404	0.211538461538462	0.19327731092437	0.170731707317073	0.1875	0.126315789473684	0.153846153846154	0	0.0535714285714286	0.112359550561798	0.142857142857143	0.0879120879120879	0.2	0.128	0.16260162601626	0.0447761194029851	0.12	0	0.0985915492957746	0.0581395348837209	0.051948051948052	0	0.185840707964602	0.0481927710843374	0	0.107843137254902	0.0853658536585366	0.0540540540540541	0	0	0.0263157894736842	0.0555555555555556	0.0990990990990991	0.0689655172413793	0.124031007751938	0.03125	0.0161290322580645	0.129411764705882	0.0303030303030303	0.0441176470588235	0.0149253731343284	0.0657894736842105	0.133333333333333	0	0.0149253731343284	0	0.102803738317757	0.0833333333333333	0.0645161290322581	0.130434782608696	0.0921052631578947	0.184466019417476	0.03125	0.0645161290322581	0	0.111111111111111	0.0808080808080808	0.10126582278481	0.133333333333333	0.14	0.0294117647058824	0.126315789473684	0.0151515151515152	0.0759493670886076	0.104347826086957	0.112359550561798	0.0864197530864197	0	0	0.0142857142857143	0	0	0.0135135135135135	0	0.027027027027027	0.015625	0	0	0.0138888888888889	0.101123595505618	0	0.0649350649350649	0.0149253731343284	0.0470588235294118	0.1	0.0149253731343284	0.0729166666666667	0.076271186440678	0.116883116883117	0.0470588235294118	0.0853658536585366	0.0657894736842105	0.0649350649350649	0.0147058823529412	0.0294117647058824	0.0533333333333333	0.0757575757575758	0.0675675675675676	0.0333333333333333	0.0526315789473684	0.0289855072463768	0.107142857142857	0.0449438202247191	0	0.0934579439252336	0.0645161290322581	0.0674157303370786	0.0140845070422535	0.09375	0	0.0142857142857143	0.102040816326531	0.0652173913043478	0.0461538461538462	0.0285714285714286	0	0	0.0428571428571429	0.114583333333333	0.0813953488372093	0.0410958904109589	0.075	0.015625	0	0.0120481927710843	0.0135135135135135	0.0526315789473684	0.0526315789473684	0	0.0151515151515152	0.120879120879121	0.0752688172043011	0	0.0153846153846154	0.0151515151515152	0	0.0151515151515152	0	0.0151515151515152	0	0.0147058823529412	0	0.0147058823529412	0	0.0147058823529412	0.12280701754386	0	0.122222222222222	0.0659340659340659	0.0747663551401869	0.0449438202247191	0.0142857142857143	0.0147058823529412	0.0555555555555556	0.0579710144927536	0.0410958904109589	0.0784313725490196	0.1	0	0.0588235294117647	0.0808080808080808	0.0618556701030928	0.0289855072463768	0.0140845070422535	0.111111111111111	0.0303030303030303	0.1	0.0967741935483871	0.0972222222222222	0	0.0841121495327103	0.0818181818181818	0.015625	0.0158730158730159	0.0673076923076923	0.0454545454545455	0.0138888888888889	0.104477611940299	0.0454545454545455	0.0441176470588235	0.0294117647058824	0.0447761194029851	0.152173913043478	0.08	0.107843137254902	0.128440366972477	0	0.152941176470588	0.0884353741496599	0.1015625	0.0964912280701754	0.0747663551401869	0.0493827160493827	0.0916030534351145	0.115789473684211	0.0144927536231884	0.0588235294117647	0.0144927536231884	0.0428571428571429	0.111111111111111	0.0958904109589041	0.159090909090909	0.101694915254237	0.135416666666667	0.0289855072463768	0	0.0289855072463768	0	0.0289855072463768	0.136363636363636	0.0571428571428571	0	0.0289855072463768	0	0.0289855072463768	0	0.0289855072463768	0.147058823529412	0.0616438356164384	0.0147058823529412	0.149532710280374	0.0602409638554217	0.202020202020202	0.0964912280701754	0	0.0289855072463768	0.101851851851852	0.0833333333333333	0.0144927536231884	0.0851063829787234	0.0645161290322581	0.0862068965517241	0.117021276595745	0.0789473684210526	0	0.19	0.149425287356322	0.117647058823529	0.099009900990099	0	0.0606060606060606
0.0357142857142857	0.0153846153846154	0	0	0	0.189542483660131	0	0.123809523809524	0.0256410256410256	0.0655737704918033	0.161764705882353	0.219047619047619	0.133858267716535	0.166666666666667	0.154761904761905	0.135416666666667	0.170940170940171	0.03125	0.304347826086957	0.111111111111111	0.149253731343284	0.160919540229885	0.256198347107438	0.134920634920635	0.228813559322034	0.0285714285714286	0.163265306122449	0	0.0810810810810811	0.0568181818181818	0.0506329113924051	0.0149253731343284	0.152542372881356	0.0987654320987654	0	0.0849056603773585	0.123456790123457	0.0526315789473684	0	0	0.0666666666666667	0.0777777777777778	0.117117117117117	0.0956521739130435	0.15748031496063	0	0.015625	0.152941176470588	0.0447761194029851	0.0579710144927536	0.0294117647058824	0.0375	0.131147540983607	0	0	0	0.121495327102804	0.0666666666666667	0.0631578947368421	0.0816326530612245	0.0493827160493827	0.127272727272727	0.0461538461538462	0.0303030303030303	0	0.0823529411764706	0.0792079207920792	0.0987654320987654	0.106382978723404	0.104761904761905	0.0140845070422535	0.112244897959184	0.0147058823529412	0.0740740740740741	0.102564102564103	0.10989010989011	0.0843373493975904	0	0	0	0	0	0.0131578947368421	0	0.0263157894736842	0.0151515151515152	0	0	0.0273972602739726	0.0989010989010989	0	0.037037037037037	0.0144927536231884	0.0340909090909091	0.087378640776699	0.0144927536231884	0.0824742268041237	0.075	0.142857142857143	0.0705882352941176	0.0705882352941176	0.0921052631578947	0.0769230769230769	0.0142857142857143	0.0285714285714286	0.051948051948052	0.0428571428571429	0.0657894736842105	0.0555555555555556	0.0512820512820513	0.0138888888888889	0.117647058823529	0.0674157303370786	0	0.0818181818181818	0.0520833333333333	0.043010752688172	0.0136986301369863	0.07	0	0.0138888888888889	0.0476190476190476	0.0638297872340425	0.0447761194029851	0.0422535211267606	0	0	0.0563380281690141	0.112244897959184	0.0919540229885057	0.0684931506849315	0.0864197530864197	0.0151515151515152	0	0.0238095238095238	0.0131578947368421	0.0512820512820513	0.0512820512820513	0	0.0147058823529412	0.118279569892473	0.0851063829787234	0	0.0149253731343284	0.0147058823529412	0	0.0147058823529412	0	0.0147058823529412	0	0.0142857142857143	0	0.0142857142857143	0	0.0142857142857143	0.101694915254237	0	0.144444444444444	0.0760869565217391	0.158415841584158	0.0795454545454545	0.0138888888888889	0.0289855072463768	0.0833333333333333	0.0416666666666667	0.0684931506849315	0.0980392156862745	0.107438016528926	0	0.111111111111111	0.0792079207920792	0.0606060606060606	0	0	0.0512820512820513	0.0144927536231884	0.0980392156862745	0.142857142857143	0.10958904109589	0.0151515151515152	0.0925925925925926	0.0803571428571429	0.0151515151515152	0.03125	0.0865384615384615	0.0289855072463768	0.0135135135135135	0.0704225352112676	0.0289855072463768	0.028169014084507	0.0140845070422535	0.0285714285714286	0.125	0.0933333333333333	0.138613861386139	0.136363636363636	0	0.149425287356322	0.0945945945945946	0.0833333333333333	0.114035087719298	0.17	0.0740740740740741	0.0984848484848485	0.102040816326531	0.0140845070422535	0.072463768115942	0.0140845070422535	0.0416666666666667	0.123287671232877	0.0933333333333333	0.142857142857143	0.11864406779661	0.099009900990099	0.0138888888888889	0	0.0138888888888889	0	0.0138888888888889	0.144144144144144	0.0410958904109589	0	0.0138888888888889	0	0.0138888888888889	0	0.0138888888888889	0.155339805825243	0.0466666666666667	0.0144927536231884	0.136363636363636	0.0588235294117647	0.198019801980198	0.0948275862068965	0	0.0138888888888889	0.0900900900900901	0.0958904109589041	0.0140845070422535	0.130434782608696	0.10989010989011	0.0756302521008403	0.114583333333333	0.0683760683760684	0	0.174757281553398	0.133333333333333	0.153846153846154	0.141414141414141	0	0.083969465648855
0	0.142857142857143	0	0	0	0	0	0	0	0	0	0	0	0.0256410256410256	0	0.02	0	0	0	0	0	0	0.010752688172043	0	0	0	0.0181818181818182	0.166666666666667	0	0	0.0869565217391304	0.111111111111111	0	0.0333333333333333	0	0.0178571428571429	0.03125	0	0	0	0	0.0540540540540541	0	0.0303030303030303	0.0229885057471264	0	0	0	0	0	0	0	0	0	0	0	0.0163934426229508	0	0.0238095238095238	0	0	0.0153846153846154	0	0	0	0.0303030303030303	0.0408163265306122	0.0689655172413793	0	0.0357142857142857	0.166666666666667	0	0	0	0	0.0238095238095238	0	0	0	0	0	0	0	0	0	0	0	0	0	0.024390243902439	0	0	0	0	0	0	0.0217391304347826	0.0142857142857143	0	0	0	0	0	0	0	0.0454545454545455	0	0	0	0.0909090909090909	0.0714285714285714	0	0.0277777777777778	0.111111111111111	0.0166666666666667	0	0.0540540540540541	0	0	0	0	0.0196078431372549	0	0	0	0	0	0	0	0.0277777777777778	0	0	0	0	0.037037037037037	0	0	0	0	0	0	0	0	0	0	0	0	0	0	0	0	0	0	0	0	0	0	0	0	0	0	0	0	0	0	0	0	0	0	0.0196078431372549	0.02	0	0	0	0	0	0	0.0222222222222222	0	0	0	0	0	0	0	0	0	0	0	0	0	0	0	0	0.0178571428571429	0.0151515151515152	0	0	0	0	0.0147058823529412	0	0	0	0	0	0	0	0	0	0	0	0.0136986301369863	0.0192307692307692	0	0	0	0	0	0	0	0	0	0	0	0	0	0	0	0	0.0151515151515152	0	0	0.0298507462686567	0	0	0	0.0476190476190476	0	0.0222222222222222	0	0	0.0208333333333333	0	0	0	0	0.0131578947368421	0	0	0
0.0128205128205128	0.0175438596491228	0	0	0	0.10828025477707	0	0.0891089108910891	0.0140845070422535	0.0608695652173913	0.111111111111111	0.111111111111111	0.114754098360656	0.111111111111111	0.0853658536585366	0.0860215053763441	0.102564102564103	0	0.087378640776699	0.0666666666666667	0.0895522388059701	0.0941176470588235	0.133858267716535	0.10655737704918	0.113821138211382	0.032258064516129	0.115789473684211	0	0.107692307692308	0.103896103896104	0.0714285714285714	0.0169491525423729	0.163636363636364	0.173913043478261	0.0344827586206897	0.16304347826087	0.202898550724638	0.0909090909090909	0.0169491525423729	0.0172413793103448	0.0285714285714286	0.328358208955224	0.148514851485149	0.134615384615385	0.198275862068966	0.0169491525423729	0.0178571428571429	0.0975609756097561	0.0333333333333333	0.0655737704918033	0.0333333333333333	0.0714285714285714	0.150442477876106	0	0.0333333333333333	0.0169491525423729	0.131313131313131	0.0746268656716418	0.0813953488372093	0.0888888888888889	0.132352941176471	0.137254901960784	0.0526315789473684	0.0344827586206897	0	0.0769230769230769	0.174418604651163	0.157142857142857	0.116279069767442	0.161290322580645	0.0491803278688525	0.134831460674157	0.0166666666666667	0.0675675675675676	0.12037037037037	0.177215189873418	0.0649350649350649	0	0.0163934426229508	0.015625	0.05	0.0172413793103448	0.0454545454545455	0.015625	0.0294117647058824	0.0350877192982456	0.0175438596491228	0.0169491525423729	0.046875	0.15	0	0.117647058823529	0.0163934426229508	0.0506329113924051	0.142857142857143	0.0163934426229508	0.141176470588235	0.12037037037037	0.142857142857143	0.0779220779220779	0.106666666666667	0.0714285714285714	0.117647058823529	0.0327868852459016	0.032258064516129	0.158730158730159	0.0317460317460317	0.0579710144927536	0.0740740740740741	0.104477611940299	0.0317460317460317	0.0740740740740741	0.0875	0.0344827586206897	0.233333333333333	0.0689655172413793	0.126582278481013	0.03125	0.125	0.0169491525423729	0.015625	0.108695652173913	0.0823529411764706	0.0508474576271186	0.0819672131147541	0.0175438596491228	0	0.0634920634920635	0.122222222222222	0.175675675675676	0.129032258064516	0.0666666666666667	0.0350877192982456	0	0.0540540540540541	0.0298507462686567	0.072463768115942	0.0882352941176471	0.0169491525423729	0.0338983050847458	0.142857142857143	0.105882352941176	0	0.0169491525423729	0.0166666666666667	0.0178571428571429	0.0166666666666667	0.0178571428571429	0.0166666666666667	0.0178571428571429	0.0161290322580645	0.0178571428571429	0.0161290322580645	0.0178571428571429	0.0161290322580645	0.109090909090909	0	0.0919540229885057	0.0459770114942529	0.135416666666667	0.0740740740740741	0.0483870967741935	0.0161290322580645	0.0769230769230769	0.0806451612903226	0.0606060606060606	0.0947368421052632	0.0956521739130435	0	0.108695652173913	0.122222222222222	0.0898876404494382	0.015625	0	0.0571428571428571	0.0163934426229508	0.118279569892473	0.142857142857143	0.0579710144927536	0	0.1	0.0865384615384615	0.0172413793103448	0.0175438596491228	0.141304347826087	0.0327868852459016	0.0151515151515152	0.0967741935483871	0.0161290322580645	0.0483870967741935	0.0158730158730159	0.0666666666666667	0.0752688172043011	0.106382978723404	0.0918367346938776	0.0934579439252336	0	0.0952380952380952	0.0921985815602837	0.0714285714285714	0.101851851851852	0.09	0.0675675675675676	0.0703125	0.0638297872340425	0.032258064516129	0.03125	0.032258064516129	0.0151515151515152	0.0882352941176471	0.0882352941176471	0.0786516853932584	0.0689655172413793	0.0729166666666667	0.0317460317460317	0	0.0317460317460317	0	0.0317460317460317	0.0818181818181818	0.0149253731343284	0	0.0317460317460317	0	0.0317460317460317	0	0.0317460317460317	0.0776699029126214	0.0492957746478873	0.00763358778625954	0.073394495412844	0.0649350649350649	0.13	0.0917431192660551	0	0.0317460317460317	0.0761904761904762	0.0588235294117647	0.032258064516129	0.0786516853932584	0.0689655172413793	0.0810810810810811	0.125	0.0833333333333333	0	0.0970873786407767	0.105882352941176	0.133928571428571	0.117021276595745	0	0.0634920634920635
0	0.2	0	0	0	0	0	0	0	0	0	0	0	0.027027027027027	0	0.0208333333333333	0	0	0	0	0	0	0.010989010989011	0	0	0	0	0	0	0	0.0454545454545455	0.142857142857143	0	0.0357142857142857	0	0.0185185185185185	0.0333333333333333	0	0	0	0	0.0277777777777778	0	0.0153846153846154	0.0116279069767442	0	0	0	0	0	0	0	0	0	0	0	0.0169491525423729	0	0.025	0	0	0.0158730158730159	0	0	0	0.032258064516129	0.0208333333333333	0.0357142857142857	0	0.0181818181818182	0.0909090909090909	0	0	0	0	0	0	0	0	0	0	0	0	0	0	0	0	0	0	0.0256410256410256	0	0	0	0	0	0	0	0	0	0	0	0	0	0	0	0.05	0	0	0	0.0476190476190476	0	0	0	0	0	0	0.0277777777777778	0	0	0	0	0	0	0	0	0	0	0	0	0.0294117647058824	0	0	0	0	0	0	0	0	0	0	0	0	0	0	0	0	0	0	0	0	0	0	0	0	0	0	0	0	0	0	0	0	0	0	0	0	0	0	0	0	0.0208333333333333	0	0	0	0	0	0	0.0232558139534884	0	0	0	0	0	0	0	0	0	0	0	0	0	0	0	0	0.0185185185185185	0.015625	0	0	0	0	0.0151515151515152	0	0	0	0	0	0	0	0	0	0	0	0	0.02	0	0	0	0	0	0	0	0	0	0	0	0	0	0	0	0	0	0	0	0.0151515151515152	0	0	0	0	0	0.0232558139534884	0	0	0.0217391304347826	0	0	0	0	0.0135135135135135	0	0	0
0	0.2	0	0	0	0	0	0	0	0	0	0	0	0.027027027027027	0	0.0208333333333333	0	0	0	0	0	0	0.010989010989011	0	0	0	0	0	0	0	0.0454545454545455	0.142857142857143	0	0.0357142857142857	0	0.0185185185185185	0.0333333333333333	0	0	0	0	0.0277777777777778	0	0.0153846153846154	0.0116279069767442	0	0	0	0	0	0	0	0	0	0	0	0.0169491525423729	0	0.025	0	0	0.0158730158730159	0	0	0	0.032258064516129	0.0208333333333333	0.0357142857142857	0	0.0181818181818182	0.0909090909090909	0	0	0	0	0	0	0	0	0	0	0	0	0	0	0	0	0	0	0.0256410256410256	0	0	0	0	0	0	0	0	0	0	0	0	0	0	0	0.05	0	0	0	0.0476190476190476	0	0	0	0	0	0	0.0277777777777778	0	0	0	0	0	0	0	0	0	0	0	0	0.0294117647058824	0	0	0	0	0	0	0	0	0	0	0	0	0	0	0	0	0	0	0	0	0	0	0	0	0	0	0	0	0	0	0	0	0	0	0	0	0	0	0	0	0.0208333333333333	0	0	0	0	0	0	0.0232558139534884	0	0	0	0	0	0	0	0	0	0	0	0	0	0	0	0	0.0185185185185185	0.015625	0	0	0	0	0.0151515151515152	0	0	0	0	0	0	0	0	0	0	0	0	0.02	0	0	0	0	0	0	0	0	0	0	0	0	0	0	0	0	0	0	0	0.0151515151515152	0	0	0	0	0	0.0232558139534884	0	0	0.0217391304347826	0	0	0	0	0.0135135135135135	0	0	0
0.0235294117647059	0.0153846153846154	0	0	0	0.103030303030303	0	0.0825688073394495	0.0256410256410256	0.0655737704918033	0.0972222222222222	0.11304347826087	0.125	0.101123595505618	0.0659340659340659	0.09	0.0873015873015873	0	0.100917431192661	0.0989010989010989	0.1	0.0631578947368421	0.151515151515152	0.125984251968504	0.106870229007634	0.0140845070422535	0.106796116504854	0	0.0958904109589041	0.107142857142857	0.0641025641025641	0.0149253731343284	0.142857142857143	0.171052631578947	0.0461538461538462	0.161616161616162	0.1375	0.126760563380282	0.0461538461538462	0.0151515151515152	0.0526315789473684	0.127906976744186	0.319148936170213	0.188679245283019	0.225	0	0	0.113636363636364	0.0769230769230769	0.0428571428571429	0.0294117647058824	0.0641025641025641	0.210526315789474	0	0	0.0149253731343284	0.16504854368932	0.111111111111111	0.147727272727273	0.104166666666667	0.133333333333333	0.127272727272727	0.0303030303030303	0.0149253731343284	0	0.135802469135802	0.197802197802198	0.1125	0.209302325581395	0.104761904761905	0.0434782608695652	0.211111111111111	0.078125	0.16	0.194444444444444	0.174418604651163	0.111111111111111	0.0144927536231884	0	0.028169014084507	0.0289855072463768	0	0.0266666666666667	0.0138888888888889	0.04	0.0307692307692308	0.0153846153846154	0.0149253731343284	0.0416666666666667	0.176470588235294	0.0588235294117647	0.135135135135135	0.0606060606060606	0.123456790123457	0.142857142857143	0.0294117647058824	0.117021276595745	0.131578947368421	0.128205128205128	0.123456790123457	0.123456790123457	0.121621621621622	0.150684931506849	0.0289855072463768	0.0588235294117647	0.140845070422535	0.0735294117647059	0.10958904109589	0.0555555555555556	0.123287671232877	0.0428571428571429	0.117647058823529	0.0795454545454545	0.0303030303030303	0.22680412371134	0.0978260869565217	0.154761904761905	0.0136986301369863	0.138297872340426	0.0303030303030303	0.0428571428571429	0.157894736842105	0.136363636363636	0.0294117647058824	0.072463768115942	0.0153846153846154	0.0298507462686567	0.0869565217391304	0.172043010752688	0.172839506172839	0.130434782608696	0.0602409638554217	0.046875	0.0294117647058824	0.0617283950617284	0.0694444444444444	0.0933333333333333	0.0933333333333333	0.0461538461538462	0.0454545454545455	0.106382978723404	0.146067415730337	0.0147058823529412	0.0625	0.078125	0.0317460317460317	0.0615384615384615	0.0317460317460317	0.0615384615384615	0.015625	0.0597014925373134	0.015625	0.0597014925373134	0.015625	0.0597014925373134	0.160714285714286	0	0.10752688172043	0.0645161290322581	0.147058823529412	0.130952380952381	0.0428571428571429	0.0142857142857143	0.0985915492957746	0.0563380281690141	0.0985915492957746	0.108910891089109	0.135593220338983	0	0.111111111111111	0.123711340206186	0.153846153846154	0.0138888888888889	0.0136986301369863	0.0512820512820513	0.0447761194029851	0.0980392156862745	0.118279569892473	0.051948051948052	0	0.156862745098039	0.163461538461538	0.0151515151515152	0.0153846153846154	0.164948453608247	0.0757575757575758	0.0273972602739726	0.117647058823529	0.0441176470588235	0.0579710144927536	0.0285714285714286	0.0746268656716418	0.102040816326531	0.100671140939597	0.127450980392157	0.0869565217391304	0	0.0989010989010989	0.102040816326531	0.0833333333333333	0.123893805309735	0.0934579439252336	0.0609756097560976	0.082089552238806	0.08	0.0140845070422535	0.0571428571428571	0.0140845070422535	0.0563380281690141	0.0789473684210526	0.0649350649350649	0.0833333333333333	0.0819672131147541	0.0571428571428571	0.0138888888888889	0	0.0138888888888889	0	0.0138888888888889	0.0948275862068965	0.0410958904109589	0	0.0138888888888889	0	0.0138888888888889	0	0.0138888888888889	0.101851851851852	0.0466666666666667	0	0.116071428571429	0.0588235294117647	0.130841121495327	0.104347826086957	0	0.0138888888888889	0.0900900900900901	0.0810810810810811	0.0285714285714286	0.0833333333333333	0.0520833333333333	0.094017094017094	0.07	0.0964912280701754	0	0.0900900900900901	0.0967741935483871	0.115702479338843	0.0761904761904762	0	0.0518518518518519
0.0277777777777778	0.230769230769231	0	0	0	0.03125	0	0.0461538461538462	0	0.0126582278481013	0.00934579439252336	0.0263157894736842	0.0444444444444444	0.170731707317073	0.0930232558139535	0.113207547169811	0.0481927710843374	0	0.0144927536231884	0.0344827586206897	0.0196078431372549	0.0408163265306122	0.0408163265306122	0.021978021978022	0.0555555555555556	0.1	0.0847457627118644	0	0.0344827586206897	0	0.03125	0.0588235294117647	0.0117647058823529	0.0263157894736842	0	0.015625	0.0789473684210526	0	0	0	0	0.0930232558139535	0.0136986301369863	0.0133333333333333	0.0543478260869565	0.285714285714286	0	0	0	0	0.0526315789473684	0.03125	0.0232558139534884	0	0.0526315789473684	0	0.0294117647058824	0.0344827586206897	0.02	0.0566037735849057	0.0294117647058824	0.0571428571428571	0.0588235294117647	0.125	0	0.05	0.0350877192982456	0.0263157894736842	0.0588235294117647	0.1	0.157894736842105	0.0172413793103448	0	0	0.0128205128205128	0	0.0256410256410256	0	0.0526315789473684	0.0454545454545455	0	0	0.08	0	0	0	0	0	0.0416666666666667	0.0204081632653061	0	0.0625	0	0.025	0.0163934426229508	0.111111111111111	0.0185185185185185	0.0394736842105263	0.117647058823529	0.025	0.025	0.03125	0.0625	0	0	0.0333333333333333	0	0.0333333333333333	0.0714285714285714	0.032258064516129	0	0.0465116279069767	0.0227272727272727	0	0.0298507462686567	0.0408163265306122	0.0681818181818182	0	0.0363636363636364	0	0	0.0169491525423729	0.0204081632653061	0.0526315789473684	0.0434782608695652	0	0	0	0.0172413793103448	0.0227272727272727	0	0.027027027027027	0	0	0.0285714285714286	0	0	0	0	0	0.0384615384615385	0	0	0	0	0	0	0	0	0	0	0	0	0	0	0.0526315789473684	0.0625	0.06	0.0208333333333333	0.0307692307692308	0.0465116279069767	0.0454545454545455	0	0	0	0	0.0333333333333333	0.0632911392405063	0	0.0169491525423729	0.0535714285714286	0	0.0454545454545455	0	0	0	0.0508474576271186	0.0588235294117647	0.107142857142857	0	0	0.0289855072463768	0	0	0.0327868852459016	0	0	0	0	0	0	0	0	0.0363636363636364	0.015625	0.0273972602739726	0	0.0204081632653061	0.0275229357798165	0.021978021978022	0.0547945205479452	0.0307692307692308	0.0277777777777778	0.0326086956521739	0.0545454545454545	0.0476190476190476	0.0434782608695652	0.0476190476190476	0.0416666666666667	0.0666666666666667	0.0666666666666667	0.148936170212766	0.025	0.0701754385964912	0.0454545454545455	0	0.0454545454545455	0	0.0454545454545455	0.0547945205479452	0.04	0	0.0454545454545455	0	0.0454545454545455	0	0.0454545454545455	0.0454545454545455	0.019047619047619	0	0.0416666666666667	0.0256410256410256	0.0757575757575758	0.0845070422535211	0	0.0454545454545455	0.0441176470588235	0.0344827586206897	0.0476190476190476	0.08	0.0851063829787234	0.0540540540540541	0.0555555555555556	0.0273972602739726	0	0.0441176470588235	0.04	0.0365853658536585	0.0862068965517241	0	0.0337078651685393
0.0555555555555556	0.0576923076923077	0	0	0	0.117647058823529	0	0.103092783505155	0.0147058823529412	0.122641509433962	0.105263157894737	0.114285714285714	0.1875	0.16	0.0886075949367089	0.166666666666667	0.105263157894737	0	0.112244897959184	0.131736526946108	0.1	0.111111111111111	0.137096774193548	0.168141592920354	0.126050420168067	0.0517241379310345	0.119565217391304	0	0.112903225806452	0.0789473684210526	0.0909090909090909	0.0178571428571429	0.136363636363636	0.0833333333333333	0	0.168539325842697	0.142857142857143	0.0615384615384615	0	0	0.0454545454545455	0.102564102564103	0.118811881188119	0.105769230769231	0.105691056910569	0.0754716981132075	0	0.12987012987013	0.134615384615385	0.192307692307692	0.113207547169811	0.333333333333333	0.165137614678899	0	0.0172413793103448	0	0.147368421052632	0.112903225806452	0.0843373493975904	0.1875	0.138461538461538	0.177083333333333	0.0363636363636364	0.0555555555555556	0	0.0657894736842105	0.126436781609195	0.0684931506849315	0.1625	0.141304347826087	0.0517241379310345	0.126436781609195	0.0175438596491228	0.0704225352112676	0.156862745098039	0.125	0.0821917808219178	0	0.0172413793103448	0.0163934426229508	0	0	0.0476190476190476	0	0.046875	0.0181818181818182	0	0	0.032258064516129	0.0853658536585366	0	0.0579710144927536	0.0172413793103448	0.0666666666666667	0.147727272727273	0.0350877192982456	0.0681818181818182	0.123809523809524	0.149253731343284	0.0958904109589041	0.111111111111111	0.0746268656716418	0.106060606060606	0.0169491525423729	0.0701754385964912	0.09375	0.107142857142857	0.111111111111111	0.12	0.0597014925373134	0.0508474576271186	0.12	0.12	0	0.136842105263158	0.0975609756097561	0.102564102564103	0.0327868852459016	0.116279069767442	0	0.0163934426229508	0.1	0.0987654320987654	0.0172413793103448	0.0677966101694915	0	0	0.032258064516129	0.0888888888888889	0.12	0.0634920634920635	0.0547945205479452	0.0181818181818182	0	0.0563380281690141	0.0153846153846154	0.0923076923076923	0.0441176470588235	0	0.0175438596491228	0.148148148148148	0.109756097560976	0	0.0178571428571429	0.0175438596491228	0	0.0175438596491228	0	0.0175438596491228	0	0.0169491525423729	0	0.0169491525423729	0	0.0169491525423729	0.0917431192660551	0	0.108433734939759	0.0602409638554217	0.115789473684211	0.0909090909090909	0.0163934426229508	0.0344827586206897	0.0983606557377049	0.0491803278688525	0.0806451612903226	0.10989010989011	0.108108108108108	0	0.1	0.152941176470588	0.105882352941176	0.0508474576271186	0.0677966101694915	0.0142857142857143	0.0535714285714286	0.122222222222222	0.177215189873418	0.0769230769230769	0	0.103092783505155	0.0784313725490196	0	0.0185185185185185	0.0967741935483871	0.0169491525423729	0.032258064516129	0.0833333333333333	0.0344827586206897	0.0689655172413793	0.0338983050847458	0.0166666666666667	0.102272727272727	0.100719424460432	0.118279569892473	0.128712871287129	0	0.072289156626506	0.0942028985507246	0.1	0.137254901960784	0.0927835051546392	0.117647058823529	0.145299145299145	0.102272727272727	0.0338983050847458	0.0677966101694915	0.0338983050847458	0.0491803278688525	0.0757575757575758	0.0923076923076923	0.148148148148148	0.0900900900900901	0.123595505617978	0.0333333333333333	0	0.0333333333333333	0	0.0333333333333333	0.0841121495327103	0.0833333333333333	0	0.0333333333333333	0	0.0333333333333333	0	0.0333333333333333	0.08	0.0735294117647059	0	0.117647058823529	0.112676056338028	0.122448979591837	0.0943396226415094	0	0.0333333333333333	0.122448979591837	0.0615384615384615	0.0517241379310345	0.107142857142857	0.0714285714285714	0.10377358490566	0.0909090909090909	0.0961538461538462	0	0.1	0.123456790123457	0.117117117117117	0.159090909090909	0	0.0650406504065041
0	0.333333333333333	0	0	0	0.0247933884297521	0	0.0344827586206897	0	0	0	0.0144927536231884	0.036144578313253	0.0810810810810811	0.0833333333333333	0	0.025974025974026	0	0	0.0142857142857143	0.0105263157894737	0	0.0217391304347826	0.0365853658536585	0.0357142857142857	0.166666666666667	0.0566037735849057	0	0	0.0294117647058824	0	0	0.0263157894736842	0.0333333333333333	0	0	0	0.0476190476190476	0	0	0	0	0.0153846153846154	0.0149253731343284	0.0113636363636364	0.25	0	0.0256410256410256	0	0	0	0	0.038961038961039	0	0.0909090909090909	0	0.0508474576271186	0.0476190476190476	0	0.0434782608695652	0	0.0476190476190476	0.111111111111111	0.25	0	0.0303030303030303	0	0	0.0697674418604651	0.0357142857142857	0.166666666666667	0.02	0	0.0357142857142857	0.0289855072463768	0.0238095238095238	0.0666666666666667	0	0	0	0	0	0	0	0	0	0	0	0	0.024390243902439	0	0.130434782608696	0	0.03125	0	0	0	0.0142857142857143	0.111111111111111	0	0	0	0.130434782608696	0	0	0	0	0	0	0	0	0	0	0	0.0166666666666667	0	0.0263157894736842	0	0	0	0	0	0	0.0909090909090909	0	0	0	0.0625	0.02	0.0277777777777778	0.0526315789473684	0	0	0	0	0	0	0	0	0	0.0697674418604651	0.0232558139534884	0	0	0	0	0	0	0	0	0	0	0	0	0	0.0434782608695652	0	0.0227272727272727	0.025	0.0172413793103448	0	0	0	0	0	0	0.0384615384615385	0.027027027027027	0	0	0	0	0	0	0.0434782608695652	0	0.0188679245283019	0.0454545454545455	0	0	0.0169491525423729	0.0161290322580645	0.125	0	0.0377358490566038	0.0833333333333333	0	0	0	0	0	0	0	0.0192307692307692	0.0178571428571429	0	0	0	0.00970873786407767	0.0119047619047619	0.0298507462686567	0.0172413793103448	0	0.0116279069767442	0	0	0	0	0	0.0434782608695652	0.0909090909090909	0.0454545454545455	0.0136986301369863	0.0392156862745098	0	0	0	0	0	0.0298507462686567	0.0588235294117647	0	0	0	0	0	0	0.0338983050847458	0.0102040816326531	0	0.0307692307692308	0	0.05	0.0147058823529412	0	0	0.0161290322580645	0.0476190476190476	0	0.0454545454545455	0	0	0	0.0151515151515152	0	0	0.0232558139534884	0.0131578947368421	0.0377358490566038	0	0
0.0441176470588235	0.0638297872340425	0	0	0	0.0993377483443709	0	0.0967741935483871	0.0158730158730159	0.0857142857142857	0.0757575757575758	0.0769230769230769	0.12280701754386	0.154929577464789	0.0945945945945946	0.107142857142857	0.12037037037037	0.0204081632653061	0.0721649484536082	0.0823529411764706	0.104	0.0759493670886076	0.12396694214876	0.114035087719298	0.0932203389830508	0.0980392156862745	0.113636363636364	0.0208333333333333	0.142857142857143	0.1	0.0634920634920635	0.04	0.121495327102804	0.123076923076923	0.04	0.192771084337349	0.19047619047619	0.12280701754386	0.0612244897959184	0.0408163265306122	0.0491803278688525	0.125	0.161290322580645	0.134020618556701	0.18018018018018	0.0612244897959184	0.0208333333333333	0.0789473684210526	0.0588235294117647	0.0363636363636364	0.0384615384615385	0.0634920634920635	0.12962962962963	0.06	0.125	0.0612244897959184	0.350649350649351	0.163636363636364	0.39344262295082	0.232876712328767	0.131147540983607	0.125	0.0612244897959184	0.0833333333333333	0	0.101449275362319	0.134146341463415	0.0895522388059701	0.222222222222222	0.136363636363636	0.12	0.177215189873418	0.104166666666667	0.145161290322581	0.177083333333333	0.148648648648649	0.104477611940299	0	0	0	0.0185185185185185	0.02	0.0338983050847458	0.0363636363636364	0.0508474576271186	0.02	0.0204081632653061	0.0196078431372549	0.0727272727272727	0.135135135135135	0.0566037735849057	0.172413793103448	0.102040816326531	0.102941176470588	0.142857142857143	0.08	0.072289156626506	0.0660377358490566	0.161290322580645	0.136363636363636	0.136363636363636	0.116666666666667	0.172413793103448	0.0185185185185185	0.0769230769230769	0.203703703703704	0.0754716981132075	0.160714285714286	0.0972222222222222	0.11864406779661	0.0363636363636364	0.128571428571429	0.0675675675675676	0.04	0.197674418604651	0.0897435897435897	0.10958904109589	0.0357142857142857	0.109756097560976	0.04	0.0555555555555556	0.0804597701149425	0.135135135135135	0.102040816326531	0.0740740740740741	0.0204081632653061	0.0392156862745098	0.113207547169811	0.177215189873418	0.144927536231884	0.107142857142857	0.0746268656716418	0.0625	0.0588235294117647	0.0294117647058824	0.0517241379310345	0.1	0.0819672131147541	0.04	0.06	0.205479452054795	0.131578947368421	0.0192307692307692	0.0833333333333333	0.0816326530612245	0.0208333333333333	0.0816326530612245	0.0208333333333333	0.0816326530612245	0.0208333333333333	0.0784313725490196	0.0208333333333333	0.0784313725490196	0.0208333333333333	0.0784313725490196	0.128712871287129	0.0408163265306122	0.115384615384615	0.0641025641025641	0.134831460674157	0.161764705882353	0.0555555555555556	0.0377358490566038	0.127272727272727	0.0925925925925926	0.127272727272727	0.142857142857143	0.156862745098039	0	0.0930232558139535	0.134146341463415	0.0987654320987654	0	0.0175438596491228	0.03125	0.0384615384615385	0.0786516853932584	0.142857142857143	0.0483870967741935	0	0.108695652173913	0.141304347826087	0.02	0.0204081632653061	0.127906976744186	0.0784313725490196	0.0925925925925926	0.153846153846154	0.0576923076923077	0.0754716981132075	0.0181818181818182	0.0769230769230769	0.108433734939759	0.0802919708029197	0.1	0.09	0	0.150684931506849	0.131782945736434	0.0854700854700855	0.15625	0.0978260869565217	0.109375	0.102564102564103	0.0952380952380952	0.0566037735849057	0.0545454545454545	0.0566037735849057	0.0727272727272727	0.1	0.11864406779661	0.142857142857143	0.0943396226415094	0.117647058823529	0	0.0350877192982456	0	0.0357142857142857	0	0.13265306122449	0.111111111111111	0.0344827586206897	0	0.0357142857142857	0	0.0363636363636364	0	0.131868131868132	0.0763358778625954	0.00813008130081301	0.112244897959184	0.072463768115942	0.141304347826087	0.15625	0.0491803278688525	0	0.141304347826087	0.0666666666666667	0.0566037735849057	0.157894736842105	0.0897435897435897	0.108910891089109	0.109756097560976	0.123711340206186	0.0208333333333333	0.09375	0.102564102564103	0.0917431192660551	0.0777777777777778	0	0.0677966101694915
0.0405405405405405	0.037037037037037	0	0	0	0.116883116883117	0	0.08	0.0144927536231884	0.111111111111111	0.112781954887218	0.123809523809524	0.155172413793103	0.128205128205128	0.115384615384615	0.137931034482759	0.0948275862068965	0	0.0891089108910891	0.0982658959537572	0.125	0.109756097560976	0.10077519379845	0.127118644067797	0.125	0.0333333333333333	0.130434782608696	0.0185185185185185	0.129032258064516	0.0921052631578947	0.0735294117647059	0.0175438596491228	0.145454545454545	0.0533333333333333	0.0175438596491228	0.129032258064516	0.08	0.111111111111111	0.0175438596491228	0	0.0447761194029851	0.0875	0.175257731958763	0.16	0.132231404958678	0.0545454545454545	0	0.0864197530864197	0.0344827586206897	0.0677966101694915	0.0169491525423729	0.158730158730159	0.196261682242991	0.0350877192982456	0.0344827586206897	0.0357142857142857	0.182795698924731	0.111111111111111	0.3	0.627118644067797	0.0869565217391304	0.175257731958763	0.0545454545454545	0.0545454545454545	0	0.0512820512820513	0.178571428571429	0.112676056338028	0.287671232876712	0.127659574468085	0.0508474576271186	0.192771084337349	0.0925925925925926	0.149253731343284	0.22680412371134	0.1375	0.0958904109589041	0	0.0169491525423729	0	0	0.0178571428571429	0.0307692307692308	0.0161290322580645	0.0303030303030303	0.0178571428571429	0	0	0.015625	0.0975609756097561	0.0508474576271186	0.121212121212121	0.0909090909090909	0.125	0.159090909090909	0.0526315789473684	0.0555555555555556	0.122641509433962	0.130434782608696	0.0945945945945946	0.140845070422535	0.106060606060606	0.121212121212121	0.0166666666666667	0.0508474576271186	0.0923076923076923	0.05	0.126984126984127	0.103896103896104	0.0746268656716418	0.05	0.118421052631579	0.0625	0.0357142857142857	0.159574468085106	0.1375	0.115384615384615	0.0491803278688525	0.154761904761905	0.0175438596491228	0.0677966101694915	0.136363636363636	0.168831168831169	0.0526315789473684	0.0491803278688525	0	0.0350877192982456	0.0655737704918033	0.164705882352941	0.103896103896104	0.0793650793650794	0.114285714285714	0.0363636363636364	0.0344827586206897	0.0704225352112676	0.0634920634920635	0.142857142857143	0.0588235294117647	0.0175438596491228	0.0535714285714286	0.160493827160494	0.164556962025316	0.0172413793103448	0.0740740740740741	0.0727272727272727	0	0.0727272727272727	0	0.0727272727272727	0	0.0701754385964912	0	0.0701754385964912	0	0.0701754385964912	0.176470588235294	0.0363636363636364	0.107142857142857	0.126582278481013	0.188888888888889	0.118421052631579	0.0327868852459016	0.0166666666666667	0.114754098360656	0.0483870967741935	0.114754098360656	0.159090909090909	0.169811320754717	0	0.0989010989010989	0.125	0.0919540229885057	0.0161290322580645	0.032258064516129	0.0588235294117647	0.0344827586206897	0.108695652173913	0.132530120481928	0.0597014925373134	0	0.0909090909090909	0.13265306122449	0.0363636363636364	0.0181818181818182	0.131868131868132	0.0701754385964912	0.0483870967741935	0.1	0.0338983050847458	0.0862068965517241	0.0333333333333333	0.0333333333333333	0.113636363636364	0.1	0.0714285714285714	0.0849056603773585	0	0.0714285714285714	0.101449275362319	0.0813008130081301	0.135922330097087	0.0918367346938776	0.115942028985507	0.134453781512605	0.0888888888888889	0.0508474576271186	0.0491803278688525	0.0508474576271186	0.0655737704918033	0.0588235294117647	0.0746268656716418	0.160493827160494	0.0608695652173913	0.134831460674157	0.0161290322580645	0	0.0161290322580645	0	0.0161290322580645	0.10377358490566	0.0819672131147541	0	0.0161290322580645	0	0.0161290322580645	0	0.0161290322580645	0.112244897959184	0.072992700729927	0	0.0952380952380952	0.0958904109589041	0.15625	0.0934579439252336	0.0144927536231884	0.0161290322580645	0.13265306122449	0.0447761194029851	0.0508474576271186	0.132530120481928	0.0705882352941176	0.0925925925925926	0.141176470588235	0.116504854368932	0	0.121212121212121	0.135802469135802	0.106194690265487	0.0957446808510638	0.0185185185185185	0.0393700787401575
0.0222222222222222	0.0441176470588235	0	0	0	0.161490683229814	0	0.128440366972477	0.0119047619047619	0.0887096774193548	0.124137931034483	0.156521739130435	0.173228346456693	0.170454545454545	0.133333333333333	0.175257731958763	0.118110236220472	0	0.0869565217391304	0.102150537634409	0.143884892086331	0.104166666666667	0.145985401459854	0.129770992366412	0.162790697674419	0.0405405405405405	0.178217821782178	0	0.148648648648649	0.0888888888888889	0.1	0.028169014084507	0.205128205128205	0.132530120481928	0.028169014084507	0.188118811881188	0.142857142857143	0.103896103896104	0.028169014084507	0.0140845070422535	0.0240963855421687	0.146067415730337	0.216981132075472	0.190909090909091	0.216	0.0428571428571429	0.0144927536231884	0.0957446808510638	0.0416666666666667	0.0540540540540541	0.0273972602739726	0.1	0.243478260869565	0	0.0135135135135135	0.0138888888888889	0.179245283018868	0.0897435897435897	0.139784946236559	0.233333333333333	0.111111111111111	0.194444444444444	0.028169014084507	0.0579710144927536	0	0.102272727272727	0.310344827586207	0.305555555555556	0.415584415584416	0.174757281553398	0.0694444444444444	0.266666666666667	0.0571428571428571	0.15	0.207207207207207	0.177777777777778	0.117647058823529	0	0.0135135135135135	0	0.027027027027027	0	0.025	0.0263157894736842	0.0375	0.0285714285714286	0.0289855072463768	0.028169014084507	0.038961038961039	0.141304347826087	0.0266666666666667	0.126582278481013	0.0416666666666667	0.116279069767442	0.158415841584158	0.0273972602739726	0.1	0.165217391304348	0.148148148148148	0.116279069767442	0.116279069767442	0.142857142857143	0.141025641025641	0.027027027027027	0.0547945205479452	0.116883116883117	0.04	0.102564102564103	0.0989010989010989	0.10126582278481	0.0684931506849315	0.123595505617978	0.0752688172043011	0.0138888888888889	0.203883495145631	0.104166666666667	0.146067415730337	0.0394736842105263	0.142857142857143	0.028169014084507	0.04	0.161616161616162	0.117021276595745	0.0416666666666667	0.0821917808219178	0.0289855072463768	0.0136986301369863	0.0958904109589041	0.239130434782609	0.136363636363636	0.106666666666667	0.107142857142857	0.0434782608695652	0.0135135135135135	0.0705882352941176	0.0512820512820513	0.0875	0.115384615384615	0.0428571428571429	0.0422535211267606	0.184782608695652	0.188888888888889	0.0136986301369863	0.0428571428571429	0.0571428571428571	0.0294117647058824	0.0422535211267606	0.0294117647058824	0.0422535211267606	0.0144927536231884	0.0410958904109589	0.0144927536231884	0.0410958904109589	0.0144927536231884	0.0555555555555556	0.205357142857143	0.0140845070422535	0.136842105263158	0.0947368421052632	0.161904761904762	0.111111111111111	0.0684931506849315	0.027027027027027	0.0921052631578947	0.0666666666666667	0.0921052631578947	0.147058823529412	0.168067226890756	0	0.105769230769231	0.14	0.1	0.012987012987013	0.025974025974026	0.0609756097560976	0.0273972602739726	0.125	0.184782608695652	0.0617283950617284	0	0.128440366972477	0.105263157894737	0.0140845070422535	0.0142857142857143	0.145631067961165	0.0410958904109589	0.0256410256410256	0.0945945945945946	0.027027027027027	0.0540540540540541	0.0131578947368421	0.0694444444444444	0.13	0.126666666666667	0.111111111111111	0.092436974789916	0	0.09375	0.105960264900662	0.0962962962962963	0.137931034482759	0.0892857142857143	0.0697674418604651	0.111111111111111	0.0660377358490566	0.0405405405405405	0.0533333333333333	0.0405405405405405	0.0526315789473684	0.10126582278481	0.10126582278481	0.159574468085106	0.0703125	0.137254901960784	0.012987012987013	0	0.012987012987013	0	0.012987012987013	0.1	0.0657894736842105	0	0.012987012987013	0	0.012987012987013	0	0.012987012987013	0.0973451327433628	0.0728476821192053	0.00694444444444444	0.092436974789916	0.0795454545454545	0.188679245283019	0.109243697478992	0	0.012987012987013	0.105263157894737	0.0625	0.0405405405405405	0.09	0.0816326530612245	0.108333333333333	0.142857142857143	0.0743801652892562	0	0.135135135135135	0.16304347826087	0.147540983606557	0.113207547169811	0	0.0575539568345324
0.05	0.05	0	0	0	0.0896551724137931	0.025	0.105882352941176	0.037037037037037	0.0927835051546392	0.0894308943089431	0.106382978723404	0.111111111111111	0.15625	0.106060606060606	0.103896103896104	0.0970873786407767	0	0.0666666666666667	0.0666666666666667	0.092436974789916	0.1	0.094017094017094	0.0917431192660551	0.1	0.0909090909090909	0.139240506329114	0	0.191489361702128	0.0952380952380952	0.0535714285714286	0.0232558139534884	0.108910891089109	0.0655737704918033	0.0476190476190476	0.166666666666667	0.135593220338983	0.0769230769230769	0.0476190476190476	0.0238095238095238	0.0566037735849057	0.0579710144927536	0.149425287356322	0.0851063829787234	0.149532710280374	0.0476190476190476	0.025	0.0882352941176471	0.0454545454545455	0.0652173913043478	0.0454545454545455	0.0925925925925926	0.14	0.0465116279069767	0.0454545454545455	0.0476190476190476	0.185185185185185	0.166666666666667	0.149253731343284	0.154929577464789	0.12962962962963	0.111111111111111	0.0232558139534884	0.1	0	0.0793650793650794	0.164383561643836	0.0655737704918033	0.290322580645161	0.121951219512195	0.0666666666666667	0.26865671641791	0.0975609756097561	0.211538461538462	0.193181818181818	0.149253731343284	0.137931034482759	0.0222222222222222	0.0222222222222222	0.0208333333333333	0.0217391304347826	0	0.0392156862745098	0.0208333333333333	0.0588235294117647	0.0487804878048781	0	0.0232558139534884	0.0408163265306122	0.1875	0.116279069767442	0.132075471698113	0.0952380952380952	0.155172413793103	0.23943661971831	0.0454545454545455	0.08	0.09375	0.185185185185185	0.135593220338983	0.0983606557377049	0.204081632653061	0.176470588235294	0.0217391304347826	0.0666666666666667	0.14	0.0888888888888889	0.163265306122449	0.109375	0.0943396226415094	0.0425531914893617	0.163934426229508	0.0923076923076923	0	0.158536585365854	0.1	0.0895522388059701	0.0416666666666667	0.152777777777778	0.0232558139534884	0.0888888888888889	0.131578947368421	0.134328358208955	0.0454545454545455	0.111111111111111	0	0.0714285714285714	0.0851063829787234	0.197183098591549	0.163934426229508	0.102040816326531	0.12280701754386	0.0487804878048781	0.0697674418604651	0.0508474576271186	0.127659574468085	0.137254901960784	0.115384615384615	0.0731707317073171	0.0714285714285714	0.176470588235294	0.164179104477612	0.0227272727272727	0.0731707317073171	0.0975609756097561	0.025	0.0975609756097561	0.025	0.0975609756097561	0	0.119047619047619	0	0.119047619047619	0	0.119047619047619	0.139784946236559	0	0.0972222222222222	0.0416666666666667	0.134146341463415	0.145161290322581	0.0652173913043478	0.0681818181818182	0.125	0.0851063829787234	0.125	0.142857142857143	0.134020618556701	0	0.116883116883117	0.103896103896104	0.10958904109589	0	0.0204081632653061	0.0175438596491228	0.0454545454545455	0.113924050632911	0.111111111111111	0.0754716981132075	0.0238095238095238	0.132530120481928	0.102272727272727	0	0.024390243902439	0.0853658536585366	0.0444444444444444	0.0408163265306122	0.155555555555556	0.0444444444444444	0.0652173913043478	0.0212765957446809	0.0909090909090909	0.12	0.0769230769230769	0.109756097560976	0.074468085106383	0	0.101449275362319	0.0952380952380952	0.0625	0.131868131868132	0.0813953488372093	0.0677966101694915	0.110091743119266	0.105263157894737	0.0212765957446809	0.0869565217391304	0.0212765957446809	0.0851063829787234	0.16	0.16	0.159420289855072	0.0909090909090909	0.115384615384615	0	0.02	0	0.0204081632653061	0	0.0957446808510638	0.0833333333333333	0.0196078431372549	0	0.0204081632653061	0	0.0208333333333333	0	0.0919540229885057	0.0725806451612903	0.00869565217391304	0.10989010989011	0.1	0.141176470588235	0.10752688172043	0	0	0.0898876404494382	0.0980392156862745	0.0434782608695652	0.0958904109589041	0.0845070422535211	0.0833333333333333	0.0641025641025641	0.0978260869565217	0	0.114942528735632	0.114285714285714	0.0882352941176471	0.1125	0	0.0630630630630631
0.021505376344086	0.0277777777777778	0	0	0	0.137724550898204	0	0.115044247787611	0.0352941176470588	0.078125	0.0849673202614379	0.114754098360656	0.16030534351145	0.152173913043478	0.153846153846154	0.135922330097087	0.141732283464567	0	0.0666666666666667	0.112299465240642	0.125	0.0792079207920792	0.126760563380282	0.143939393939394	0.150375939849624	0.0666666666666667	0.173076923076923	0	0.0864197530864197	0.0631578947368421	0.0833333333333333	0.0133333333333333	0.133858267716535	0.0898876404494382	0	0.0982142857142857	0.0760869565217391	0.0602409638554217	0	0	0.0602409638554217	0.105263157894737	0.157894736842105	0.135593220338983	0.192307692307692	0.0410958904109589	0.0138888888888889	0.0707070707070707	0	0.0384615384615385	0.0263157894736842	0.0581395348837209	0.123076923076923	0	0.012987012987013	0	0.11304347826087	0.1	0.0686274509803922	0.117647058823529	0.0689655172413793	0.168141592920354	0.0555555555555556	0.0555555555555556	0	0.0869565217391304	0.125	0.102272727272727	0.154639175257732	0.180952380952381	0.0526315789473684	0.147058823529412	0.0131578947368421	0.0919540229885057	0.122950819672131	0.184782608695652	0.101123595505618	0	0.012987012987013	0.051948051948052	0.025974025974026	0	0.0759493670886076	0	0.036144578313253	0.0273972602739726	0	0	0.0779220779220779	0.0909090909090909	0	0.108433734939759	0.012987012987013	0.0879120879120879	0.153846153846154	0.04	0.4125	0.245454545454545	0.246753246753247	0.112359550561798	0.1	0.0833333333333333	0.121951219512195	0.0533333333333333	0.0126582278481013	0.0470588235294118	0.0125	0.0853658536585366	0.144444444444444	0.0714285714285714	0.051948051948052	0.144444444444444	0.144444444444444	0.027027027027027	0.165137614678899	0.147368421052632	0.141304347826087	0.0379746835443038	0.185567010309278	0	0.0125	0.102803738317757	0.136842105263158	0.0540540540540541	0.0649350649350649	0	0	0.0506329113924051	0.135922330097087	0.119565217391304	0.0617283950617284	0.116279069767442	0.0135135135135135	0	0.0681818181818182	0.0365853658536585	0.0843373493975904	0.0588235294117647	0	0.0131578947368421	0.154639175257732	0.145833333333333	0	0.0133333333333333	0.0131578947368421	0	0.0131578947368421	0	0.0131578947368421	0	0.0128205128205128	0	0.0128205128205128	0	0.0128205128205128	0.169491525423729	0.0135135135135135	0.13265306122449	0.0594059405940594	0.179245283018868	0.0842105263157895	0.0253164556962025	0.0128205128205128	0.036144578313253	0.0375	0.0238095238095238	0.111111111111111	0.163934426229508	0	0.156862745098039	0.10377358490566	0.141414141414141	0.0384615384615385	0.025	0.0588235294117647	0.012987012987013	0.16504854368932	0.0769230769230769	0.0595238095238095	0	0.105263157894737	0.194444444444444	0.0135135135135135	0.0136986301369863	0.141509433962264	0.0533333333333333	0.0375	0.05	0.025974025974026	0.0384615384615385	0.038961038961039	0.038961038961039	0.137254901960784	0.154362416107383	0.108108108108108	0.0991735537190083	0	0.0909090909090909	0.156462585034014	0.110294117647059	0.134453781512605	0.106194690265487	0.0919540229885057	0.125	0.0841121495327103	0.0526315789473684	0.025	0.0526315789473684	0.0246913580246914	0.125	0.153846153846154	0.166666666666667	0.09375	0.155339805825243	0.0253164556962025	0	0.0253164556962025	0	0.0253164556962025	0.144067796610169	0.037037037037037	0	0.0253164556962025	0	0.0253164556962025	0	0.0253164556962025	0.133928571428571	0.0645161290322581	0	0.127118644067797	0.0769230769230769	0.194444444444444	0.134453781512605	0	0.0253164556962025	0.0840336134453782	0.0731707317073171	0.0256410256410256	0.12	0.123711340206186	0.12396694214876	0.138613861386139	0.136752136752137	0	0.112068965517241	0.145833333333333	0.108527131782946	0.141509433962264	0	0.0344827586206897
0.0975609756097561	0	0	0	0	0.0687022900763359	0	0.134328358208955	0	0.0731707317073171	0.0943396226415094	0.0886075949367089	0.0967741935483871	0.0980392156862745	0.122448979591837	0.175438596491228	0.0795454545454545	0	0.0540540540540541	0.0604026845637584	0.0769230769230769	0.0925925925925926	0.0891089108910891	0.122222222222222	0.0842105263157895	0.0344827586206897	0.125	0	0.1875	0.0851063829787234	0.0512820512820513	0	0.105882352941176	0.175	0.04	0.123076923076923	0.13953488372093	0.0857142857142857	0.04	0.0416666666666667	0.0555555555555556	0.0784313725490196	0.0933333333333333	0.0769230769230769	0.09375	0.04	0	0.0980392156862745	0.037037037037037	0.107142857142857	0.0769230769230769	0.0789473684210526	0.103448275862069	0	0.037037037037037	0	0.130434782608696	0.0857142857142857	0.0727272727272727	0.0666666666666667	0.131578947368421	0.0933333333333333	0	0.04	0	0.0638297872340425	0.116666666666667	0.0681818181818182	0.127272727272727	0.072463768115942	0	0.135593220338983	0.0384615384615385	0.0975609756097561	0.144736842105263	0.134615384615385	0.116279069767442	0	0.037037037037037	0.0333333333333333	0	0	0.0606060606060606	0.0333333333333333	0.0588235294117647	0	0.0434782608695652	0.04	0.03125	0.137254901960784	0	0.105263157894737	0.037037037037037	0.0888888888888889	0.129032258064516	0.0769230769230769	0.0862068965517241	0.0875	0.15	0.225	0.195121951219512	0.108108108108108	0.0769230769230769	0.0740740740740741	0.111111111111111	0.0833333333333333	0.107142857142857	0.147058823529412	0.177777777777778	0.0810810810810811	0.0689655172413793	0.152173913043478	0.127659574468085	0	0.166666666666667	0.0925925925925926	0.1	0.0666666666666667	0.140350877192982	0.04	0.0333333333333333	0.0967741935483871	0.0943396226415094	0.037037037037037	0.142857142857143	0.0434782608695652	0	0.0645161290322581	0.0983606557377049	0.127659574468085	0.0909090909090909	0.121951219512195	0.0869565217391304	0	0.128205128205128	0.0294117647058824	0.0810810810810811	0.111111111111111	0.04	0.08	0.107142857142857	0.111111111111111	0	0.04	0.0384615384615385	0.0454545454545455	0.0384615384615385	0.0454545454545455	0.0384615384615385	0.0454545454545455	0.0357142857142857	0.0454545454545455	0.0357142857142857	0.0454545454545455	0.0357142857142857	0.0731707317073171	0.0416666666666667	0.173076923076923	0.0754716981132075	0.136363636363636	0.177777777777778	0.148148148148148	0.0740740740740741	0.161290322580645	0.1	0.125	0.129032258064516	0.108433734939759	0	0.133333333333333	0.196428571428571	0.125	0.0689655172413793	0.0666666666666667	0.0526315789473684	0.037037037037037	0.129032258064516	0.107142857142857	0.0540540540540541	0	0.134328358208955	0.0821917808219178	0	0	0.109375	0.0357142857142857	0.03125	0.0303030303030303	0	0.0333333333333333	0	0.0344827586206897	0.1	0.0990990990990991	0.0895522388059701	0.106666666666667	0	0.0740740740740741	0.0714285714285714	0.074468085106383	0.0897435897435897	0.0869565217391304	0.125	0.0618556701030928	0.0819672131147541	0.0344827586206897	0.103448275862069	0.0714285714285714	0.1	0.0810810810810811	0.0810810810810811	0.127272727272727	0.0714285714285714	0.078125	0.0333333333333333	0	0.0333333333333333	0	0.0333333333333333	0.0897435897435897	0.0303030303030303	0	0.0333333333333333	0	0.0333333333333333	0	0.0333333333333333	0.0845070422535211	0.0454545454545455	0	0.0641025641025641	0.0909090909090909	0.128571428571429	0.103896103896104	0	0.0333333333333333	0.0972222222222222	0.0555555555555556	0.0714285714285714	0.127272727272727	0.113207547169811	0.116883116883117	0.101694915254237	0.0641025641025641	0	0.0675675675675676	0.0909090909090909	0.0689655172413793	0.109375	0	0.0526315789473684
0.0277777777777778	0	0	0	0	0.0476190476190476	0	0.0149253731343284	0.0344827586206897	0.0256410256410256	0.0285714285714286	0.0540540540540541	0.032967032967033	0.0909090909090909	0.0444444444444444	0.0535714285714286	0.0609756097560976	0	0.0294117647058824	0.0204081632653061	0.0505050505050505	0.0408163265306122	0.0408163265306122	0.0449438202247191	0.0555555555555556	0	0.0847457627118644	0	0.0714285714285714	0.0487804878048781	0.03125	0	0.036144578313253	0.0263157894736842	0	0.0317460317460317	0.0512820512820513	0.0714285714285714	0	0	0.0344827586206897	0.0217391304347826	0.0277777777777778	0.027027027027027	0.0319148936170213	0	0	0.0434782608695652	0.0526315789473684	0	0	0.0645161290322581	0.0352941176470588	0	0	0	0.0447761194029851	0.0344827586206897	0.0408163265306122	0.037037037037037	0.0294117647058824	0.0422535211267606	0.125	0	0	0.0769230769230769	0.0172413793103448	0	0.0588235294117647	0.03125	0	0.0535714285714286	0	0.0571428571428571	0.0394736842105263	0.0625	0.0256410256410256	0	0	0	0	0	0	0	0	0	0	0	0	0.0416666666666667	0	0.0625	0	0.025	0.0333333333333333	0.0526315789473684	0	0.025974025974026	0.0857142857142857	0.025	0.025	0.03125	0.0967741935483871	0	0.0476190476190476	0.0689655172413793	0.0454545454545455	0.0689655172413793	0.0465116279069767	0.0666666666666667	0.0454545454545455	0.0714285714285714	0.0465116279069767	0	0.0454545454545455	0.0408163265306122	0.0444444444444444	0	0.0363636363636364	0	0	0.0344827586206897	0.0416666666666667	0.111111111111111	0.0434782608695652	0	0	0.0416666666666667	0.0535714285714286	0.0714285714285714	0.037037037037037	0	0	0	0	0	0.032258064516129	0.032258064516129	0	0	0.0588235294117647	0.0612244897959184	0	0	0	0	0	0	0	0	0	0	0	0	0	0.038961038961039	0	0.0392156862745098	0.0425531914893617	0.0634920634920635	0.0465116279069767	0	0	0.037037037037037	0.0416666666666667	0.037037037037037	0.0333333333333333	0.037037037037037	0.0714285714285714	0.0344827586206897	0.0535714285714286	0.0576923076923077	0	0.0434782608695652	0.032258064516129	0.0526315789473684	0.0689655172413793	0.08	0.148148148148148	0	0.0461538461538462	0.0441176470588235	0.214285714285714	0.230769230769231	0.0677966101694915	0.05	0.0416666666666667	0.04	0.05	0	0.0476190476190476	0.0476190476190476	0.0740740740740741	0.0555555555555556	0.120689655172414	0.0714285714285714	0.0714285714285714	0.0638297872340425	0.0181818181818182	0.021978021978022	0.0694444444444444	0.116666666666667	0.0571428571428571	0.043956043956044	0.0545454545454545	0	0.0909090909090909	0	0.0869565217391304	0.0666666666666667	0.032258064516129	0.0588235294117647	0.0512820512820513	0	0	0	0	0	0	0.0694444444444444	0.04	0	0	0	0	0	0	0.078125	0.019047619047619	0	0.0714285714285714	0.0526315789473684	0.0597014925373134	0.0405405405405405	0	0	0.0597014925373134	0.0714285714285714	0.0476190476190476	0.0588235294117647	0.0408163265306122	0.0684931506849315	0.0363636363636364	0.0273972602739726	0	0.0597014925373134	0.155555555555556	0.0625	0.0327868852459016	0	0.0222222222222222
0.043956043956044	0.0136986301369863	0	0	0	0.137724550898204	0	0.0956521739130435	0	0.078125	0.121621621621622	0.114754098360656	0.134328358208955	0.0927835051546392	0.09375	0.135922330097087	0.106870229007634	0	0.0666666666666667	0.0947368421052632	0.140845070422535	0.101010101010101	0.159420289855072	0.126865671641791	0.0928571428571429	0.0126582278481013	0.0990990990990991	0	0.1	0.0631578947368421	0.0833333333333333	0.0133333333333333	0.133858267716535	0.0898876404494382	0	0.138888888888889	0.1	0.0476190476190476	0	0	0.0602409638554217	0.105263157894737	0.109243697478992	0.145299145299145	0.165413533834586	0	0	0.06	0.0263157894736842	0.08	0.0263157894736842	0.0705882352941176	0.114503816793893	0	0	0	0.12280701754386	0.0864197530864197	0.09	0.117647058823529	0.0689655172413793	0.147826086956522	0	0	0	0.0869565217391304	0.17	0.114942528735632	0.087378640776699	0.117117117117117	0.0526315789473684	0.135922330097087	0	0.0674157303370786	0.141666666666667	0.159574468085106	0.0888888888888889	0.0263157894736842	0.012987012987013	0.0253164556962025	0.025974025974026	0.0135135135135135	0.0493827160493827	0	0.036144578313253	0.0273972602739726	0	0	0.0506329113924051	0.0909090909090909	0	0.0337078651685393	0	0.0645161290322581	0.121495327102804	0.0540540540540541	0.177083333333333	0.122950819672131	0.0909090909090909	0.178571428571429	0.164705882352941	0.0705882352941176	0.0574712643678161	0.0394736842105263	0.0526315789473684	0.072289156626506	0.08	0.126582278481013	0.157303370786517	0.0714285714285714	0.0945945945945946	0.183908045977011	0.170454545454545	0.027027027027027	0.19811320754717	0.159574468085106	0.153846153846154	0.0379746835443038	0.185567010309278	0.0133333333333333	0	0.134615384615385	0.125	0.012987012987013	0.0789473684210526	0	0	0.0506329113924051	0.0934579439252336	0.131868131868132	0.0238095238095238	0.0786516853932584	0	0	0.0930232558139535	0.0365853658536585	0.0714285714285714	0.0588235294117647	0	0	0.0980392156862745	0.122448979591837	0	0	0	0	0	0	0	0	0	0	0	0	0	0.121951219512195	0.0273972602739726	0.121212121212121	0.0490196078431373	0.136363636363636	0.0842105263157895	0.0384615384615385	0.025974025974026	0.075	0.0246913580246914	0.075	0.111111111111111	0.126984126984127	0.0138888888888889	0.296703296703297	0.56	0.153061224489796	0.0253164556962025	0.0512820512820513	0.0588235294117647	0.04	0.132075471698113	0.131313131313131	0.0595238095238095	0	0.145454545454545	0.131578947368421	0	0	0.1	0.025974025974026	0.0375	0.0632911392405063	0.025974025974026	0.051948051948052	0.0256410256410256	0.0256410256410256	0.148514851485149	0.170068027210884	0.128440366972477	0.108333333333333	0	0.0693069306930693	0.156462585034014	0.0942028985507246	0.115702479338843	0.0964912280701754	0.0795454545454545	0.141791044776119	0.0943396226415094	0.0666666666666667	0.0789473684210526	0.0526315789473684	0.0779220779220779	0.0588235294117647	0.0588235294117647	0.108910891089109	0.0687022900763359	0.0917431192660551	0.0125	0	0.0125	0	0.0125	0.0975609756097561	0.0632911392405063	0	0.0125	0	0.0125	0	0.0125	0.104347826086957	0.0645161290322581	0.0136986301369863	0.0901639344262295	0.0652173913043478	0.112068965517241	0.194690265486726	0	0.0125	0.112068965517241	0.0602409638554217	0.0256410256410256	0.108910891089109	0.123711340206186	0.142857142857143	0.15	0.108333333333333	0	0.0932203389830508	0.0891089108910891	0.125984251968504	0.0803571428571429	0	0.0204081632653061
0.0512820512820513	0.0338983050847458	0	0	0	0.127388535031847	0	0.118811881188119	0.0135135135135135	0.0683760683760684	0.116788321167883	0.108108108108108	0.120967741935484	0.0941176470588235	0.0952380952380952	0.106382978723404	0.137931034482759	0	0.0648148148148148	0.0714285714285714	0.0797101449275362	0.0786516853932584	0.130769230769231	0.15	0.102362204724409	0.0151515151515152	0.123711340206186	0	0.102941176470588	0.0731707317073171	0.0540540540540541	0.0161290322580645	0.110169491525424	0.0769230769230769	0.0161290322580645	0.134020618556701	0.102564102564103	0.0714285714285714	0.0161290322580645	0	0.0273972602739726	0.108433734939759	0.0917431192660551	0.1	0.0923076923076923	0.0327868852459016	0	0.0689655172413793	0.0483870967741935	0.0793650793650794	0.0317460317460317	0.114285714285714	0.117647058823529	0	0.0317460317460317	0	0.116504854368932	0.0869565217391304	0.0666666666666667	0.122222222222222	0.111111111111111	0.144230769230769	0.0327868852459016	0.0327868852459016	0	0.0609756097560976	0.118279569892473	0.0769230769230769	0.137931034482759	0.0882352941176471	0.0307692307692308	0.106382978723404	0.032258064516129	0.0512820512820513	0.127272727272727	0.0786516853932584	0.0493827160493827	0.015625	0.015625	0	0	0	0.0285714285714286	0	0.0138888888888889	0.0163934426229508	0	0	0.0144927536231884	0.0674157303370786	0	0.0533333333333333	0.015625	0.0487804878048781	0.114583333333333	0.0317460317460317	0.0309278350515464	0.0782608695652174	0.0921052631578947	0.075	0.075	0.0540540540540541	0.0821917808219178	0.03125	0.0634920634920635	0.0857142857142857	0.0461538461538462	0.0704225352112676	0.0714285714285714	0.0547945205479452	0.0303030303030303	0.0714285714285714	0.0588235294117647	0	0.117647058823529	0.0786516853932584	0.0952380952380952	0.0298507462686567	0.0851063829787234	0	0.0149253731343284	0.0606060606060606	0.0674157303370786	0.0317460317460317	0.0454545454545455	0	0	0.0294117647058824	0.0947368421052632	0.111111111111111	0.0895522388059701	0.0641025641025641	0.0163934426229508	0	0.0253164556962025	0.0140845070422535	0.0845070422535211	0.0547945205479452	0.0161290322580645	0.0158730158730159	0.137931034482759	0.102272727272727	0	0.0161290322580645	0.032258064516129	0.0169491525423729	0.0158730158730159	0.0169491525423729	0.0158730158730159	0	0.0153846153846154	0	0.0153846153846154	0	0.0153846153846154	0.106194690265487	0	0.0888888888888889	0.0561797752808989	0.0980392156862745	0.0843373493975904	0.0303030303030303	0.0153846153846154	0.0735294117647059	0.0447761194029851	0.0579710144927536	0.103092783505155	0.112068965517241	0.0169491525423729	0.129032258064516	0.130434782608696	0.0752688172043011	0.0149253731343284	0.0298507462686567	0.0405405405405405	0.0317460317460317	0.114583333333333	0.455882352941176	0.0857142857142857	0.0163934426229508	0.13	0.0943396226415094	0.0163934426229508	0.0166666666666667	0.125	0.03125	0.0447761194029851	0.0597014925373134	0.0476190476190476	0.0625	0.0151515151515152	0.0307692307692308	0.0618556701030928	0.135714285714286	0.1	0.100917431192661	0	0.104651162790698	0.0680272108843537	0.0952380952380952	0.12962962962963	0.087378640776699	0.0649350649350649	0.102362204724409	0.0729166666666667	0.0307692307692308	0.0298507462686567	0.0307692307692308	0.0294117647058824	0.0547945205479452	0.0547945205479452	0.1	0.0948275862068965	0.0816326530612245	0.0303030303030303	0	0.0303030303030303	0	0.0303030303030303	0.0990990990990991	0.0757575757575758	0	0.0303030303030303	0	0.0303030303030303	0	0.0303030303030303	0.117647058823529	0.0704225352112676	0.0150375939849624	0.111111111111111	0.0759493670886076	0.104761904761905	0.109090909090909	0	0.0303030303030303	0.0740740740740741	0.0563380281690141	0.046875	0.125	0.0549450549450549	0.0789473684210526	0.0967741935483871	0.100917431192661	0	0.0943396226415094	0.102272727272727	0.120689655172414	0.0909090909090909	0	0.0458015267175573
0.0212765957446809	0.0135135135135135	0	0	0	0.179012345679012	0	0.154545454545455	0.0229885057471264	0.053030303030303	0.128378378378378	0.141666666666667	0.159090909090909	0.0808080808080808	0.127659574468085	0.0825688073394495	0.123076923076923	0	0.0573770491803279	0.148351648351648	0.124137931034483	0.0679611650485437	0.158273381294964	0.178294573643411	0.107913669064748	0.051948051948052	0.118181818181818	0	0.126582278481013	0.0967741935483871	0.0697674418604651	0	0.228813559322034	0.126436781609195	0.0405405405405405	0.180952380952381	0.0989010989010989	0.0853658536585366	0.0405405405405405	0.0133333333333333	0.0470588235294118	0.0927835051546392	0.209090909090909	0.062992125984252	0.122302158273381	0.0266666666666667	0.0136986301369863	0.0918367346938776	0.025974025974026	0.0789473684210526	0.0128205128205128	0.0952380952380952	0.176	0	0.0394736842105263	0.0131578947368421	0.151785714285714	0.141025641025641	0.0891089108910891	0.127450980392157	0.146341463414634	0.166666666666667	0.0266666666666667	0.0405405405405405	0	0.0631578947368421	0.113207547169811	0.0652173913043478	0.164948453608247	0.116071428571429	0.0125	0.191919191919192	0.0540540540540541	0.0786516853932584	0.15	0.134020618556701	0.0879120879120879	0	0.0128205128205128	0	0	0	0.0238095238095238	0.0123456790123457	0.0357142857142857	0.0133333333333333	0.0135135135135135	0.0131578947368421	0.0120481927710843	0.112244897959184	0.0253164556962025	0.107142857142857	0.0394736842105263	0.0526315789473684	0.163461538461538	0.0128205128205128	0.0754716981132075	0.0866141732283465	0.102272727272727	0.0989010989010989	0.123595505617978	0.0697674418604651	0.107142857142857	0.0256410256410256	0.051948051948052	0.125	0.0789473684210526	0.0975609756097561	0.0947368421052632	0.0705882352941176	0.025	0.0833333333333333	0.0721649484536082	0	0.230769230769231	0.1	0.104166666666667	0.0375	0.137254901960784	0.0266666666666667	0.025	0.0818181818181818	0.123711340206186	0.0394736842105263	0.0375	0.0135135135135135	0.0263157894736842	0.0769230769230769	0.168316831683168	0.130434782608696	0.0875	0.102272727272727	0.0410958904109589	0.025974025974026	0.0795454545454545	0.0487804878048781	0.109756097560976	0.1375	0.0405405405405405	0.04	0.153061224489796	0.099009900990099	0.012987012987013	0.0405405405405405	0.0540540540540541	0.0277777777777778	0.04	0.0277777777777778	0.04	0.0136986301369863	0.038961038961039	0.0136986301369863	0.038961038961039	0.0136986301369863	0.038961038961039	0.130081300813008	0	0.108910891089109	0.08	0.145454545454545	0.118279569892473	0.0512820512820513	0.038961038961039	0.115384615384615	0.0769230769230769	0.10126582278481	0.152380952380952	0.134920634920635	0	0.0917431192660551	0.168316831683168	0.106796116504854	0.025	0.0121951219512195	0.0459770114942529	0.025974025974026	0.12037037037037	0.177083333333333	0.0714285714285714	0	0.175925925925926	0.111111111111111	0.0410958904109589	0.0416666666666667	0.435294117647059	0.111111111111111	0.024390243902439	0.180555555555556	0.0958904109589041	0.123287671232877	0.125	0.125	0.329545454545455	0.20979020979021	0.148148148148148	0.126050420168067	0	0.09	0.117647058823529	0.125925925925926	0.20353982300885	0.145454545454545	0.0909090909090909	0.140740740740741	0.0833333333333333	0.0253164556962025	0.0246913580246914	0.0253164556962025	0.037037037037037	0.109756097560976	0.109756097560976	0.107843137254902	0.1015625	0.0810810810810811	0.0379746835443038	0	0.0379746835443038	0	0.0379746835443038	0.142857142857143	0.0493827160493827	0	0.0379746835443038	0	0.0379746835443038	0	0.0379746835443038	0.142857142857143	0.0641025641025641	0.00675675675675676	0.135593220338983	0.0879120879120879	0.101694915254237	0.133333333333333	0	0.0379746835443038	0.101694915254237	0.126582278481013	0.0253164556962025	0.177083333333333	0.0784313725490196	0.104838709677419	0.0841121495327103	0.116666666666667	0	0.0743801652892562	0.121212121212121	0.116279069767442	0.150943396226415	0	0.0633802816901408
0.0266666666666667	0	0	0	0	0.139072847682119	0	0.0909090909090909	0.0144927536231884	0.0619469026548673	0.121212121212121	0.0925925925925926	0.0983606557377049	0.113924050632911	0.115384615384615	0.151162790697674	0.295918367346939	0	0.0476190476190476	0.0795454545454545	0.116279069767442	0.0963855421686747	0.109375	0.108333333333333	0.115702479338843	0.0333333333333333	0.0947368421052632	0	0.129032258064516	0.152777777777778	0.0579710144927536	0	0.135135135135135	0.0533333333333333	0	0.117021276595745	0.125	0.0606060606060606	0	0	0.0294117647058824	0.0875	0.0857142857142857	0.0841121495327103	0.0873015873015873	0	0.0185185185185185	0.0731707317073171	0.0344827586206897	0.0862068965517241	0.0169491525423729	0.0735294117647059	0.0756302521008403	0.0172413793103448	0	0	0.122448979591837	0.0769230769230769	0.0705882352941176	0.0909090909090909	0.102941176470588	0.106796116504854	0.0175438596491228	0.0357142857142857	0	0.0789473684210526	0.0879120879120879	0.0675675675675676	0.0930232558139535	0.164835164835165	0.0163934426229508	0.112359550561798	0.0172413793103448	0.0694444444444444	0.101851851851852	0.109756097560976	0.038961038961039	0	0	0.0161290322580645	0	0	0.0634920634920635	0	0.0149253731343284	0.0178571428571429	0	0	0.0317460317460317	0.111111111111111	0.0163934426229508	0.0571428571428571	0.0169491525423729	0.0384615384615385	0.120879120879121	0.0526315789473684	0.0555555555555556	0.0625	0.130434782608696	0.10958904109589	0.140845070422535	0.0735294117647059	0.0422535211267606	0.0338983050847458	0.0689655172413793	0.0923076923076923	0.05	0.109375	0.0897435897435897	0.0909090909090909	0.0677966101694915	0.118421052631579	0.118421052631579	0	0.135416666666667	0.109756097560976	0.0875	0.0491803278688525	0.102272727272727	0	0.0161290322580645	0.0869565217391304	0.0843373493975904	0.0526315789473684	0.0666666666666667	0	0.0172413793103448	0.015625	0.1	0.133333333333333	0.0461538461538462	0.0833333333333333	0.0178571428571429	0	0.0133333333333333	0.0307692307692308	0.0909090909090909	0.0746268656716418	0	0.0172413793103448	0.105882352941176	0.108433734939759	0	0.0175438596491228	0.0172413793103448	0	0.0172413793103448	0	0.0172413793103448	0	0.0166666666666667	0	0.0166666666666667	0	0.0166666666666667	0.0810810810810811	0.0178571428571429	0.107142857142857	0.0348837209302326	0.114583333333333	0.0897435897435897	0.0327868852459016	0.0166666666666667	0.0793650793650794	0.0483870967741935	0.0625	0.0851063829787234	0.087719298245614	0	0.111111111111111	0.112359550561798	0.144578313253012	0.0161290322580645	0.0491803278688525	0.0434782608695652	0.0344827586206897	0.108695652173913	0.0930232558139535	0.126984126984127	0.0363636363636364	0.0693069306930693	0.0776699029126214	0	0.0181818181818182	0.0957446808510638	0.0338983050847458	0.101694915254237	0.0645161290322581	0.0166666666666667	0.05	0.0163934426229508	0.0508474576271186	0.0769230769230769	0.0921985815602837	0.117021276595745	0.0849056603773585	0.0377358490566038	0.451612903225806	0.206349206349206	0.209090909090909	0.135922330097087	0.150537634408602	0.1	0.163793103448276	0.13953488372093	0.0689655172413793	0.12280701754386	0.0689655172413793	0.0833333333333333	0.142857142857143	0.107692307692308	0.160493827160494	0.173076923076923	0.074468085106383	0.0161290322580645	0.015625	0.0161290322580645	0.0158730158730159	0.0161290322580645	0.231578947368421	0.0819672131147541	0.0153846153846154	0.0161290322580645	0.0158730158730159	0.0161290322580645	0.0161290322580645	0.0161290322580645	0.224719101123595	0.105263157894737	0.0317460317460317	0.236559139784946	0.159420289855072	0.180851063829787	0.193877551020408	0	0.0161290322580645	0.121212121212121	0.0606060606060606	0.087719298245614	0.0930232558139535	0.109756097560976	0.134615384615385	0.102272727272727	0.15	0	0.321428571428571	0.135802469135802	0.168224299065421	0.0729166666666667	0	0.0645161290322581
0.0441176470588235	0.0204081632653061	0	0	0	0.121621621621622	0	0.133333333333333	0	0.0458715596330275	0.0757575757575758	0.12	0.12280701754386	0.154929577464789	0.140845070422535	0.177215189873418	0.174757281553398	0	0.04	0.0887573964497041	0.104	0.103896103896104	0.133333333333333	0.0948275862068965	0.131578947368421	0.0566037735849057	0.152941176470588	0	0.0666666666666667	0.0845070422535211	0.0634920634920635	0	0.111111111111111	0.0895522388059701	0	0.0760869565217391	0.119402985074627	0.0847457627118644	0	0	0.0491803278688525	0.0945945945945946	0.11340206185567	0.134020618556701	0.11965811965812	0.0196078431372549	0	0.123287671232877	0.0188679245283019	0.0961538461538462	0.0188679245283019	0.046875	0.0990990990990991	0	0.0188679245283019	0	0.130434782608696	0.0847457627118644	0.0897435897435897	0.0843373493975904	0.0615384615384615	0.125	0.0196078431372549	0.04	0	0.117647058823529	0.120481927710843	0.106060606060606	0.0864197530864197	0.136363636363636	0.0181818181818182	0.120481927710843	0.0192307692307692	0.0757575757575758	0.13	0.118421052631579	0.104477611940299	0	0	0.0178571428571429	0	0	0.0517241379310345	0	0.0163934426229508	0.02	0	0	0.0172413793103448	0.0909090909090909	0	0.0793650793650794	0.0188679245283019	0.0416666666666667	0.103448275862069	0.0588235294117647	0.0853658536585366	0.0560747663551402	0.161290322580645	0.136363636363636	0.153846153846154	0.0983606557377049	0.0625	0.0377358490566038	0.0566037735849057	0.0833333333333333	0.0555555555555556	0.120689655172414	0.0821917808219178	0.0645161290322581	0.0555555555555556	0.128571428571429	0.0972222222222222	0	0.10752688172043	0.103896103896104	0.125	0.0357142857142857	0.0963855421686747	0	0.0178571428571429	0.0930232558139535	0.0769230769230769	0.0384615384615385	0.0740740740740741	0	0	0.0535714285714286	0.120481927710843	0.161764705882353	0.0689655172413793	0.0746268656716418	0.02	0	0.0447761194029851	0.0338983050847458	0.0645161290322581	0.0819672131147541	0	0.0192307692307692	0.1	0.102564102564103	0	0.0196078431372549	0.0192307692307692	0	0.0192307692307692	0	0.0192307692307692	0	0.0185185185185185	0	0.0185185185185185	0	0.0185185185185185	0.117647058823529	0.0625	0.144736842105263	0.0641025641025641	0.160919540229885	0.112676056338028	0.0363636363636364	0.0576923076923077	0.148148148148148	0.0535714285714286	0.127272727272727	0.116279069767442	0.168316831683168	0	0.132530120481928	0.120481927710843	0.1125	0.0178571428571429	0.0545454545454545	0.0819672131147541	0.0588235294117647	0.103448275862069	0.1	0.101694915254237	0	0.0851063829787234	0.09375	0.02	0	0.127906976744186	0.0377358490566038	0.0350877192982456	0.0526315789473684	0.0185185185185185	0.0363636363636364	0.0181818181818182	0	0.0574712643678161	0.104477611940299	0.112359550561798	0.09	0.0208333333333333	0.183098591549296	0.0977443609022556	0.104347826086957	0.15625	0.160919540229885	0.109375	0.141592920353982	0.243243243243243	0.0769230769230769	0.183673469387755	0.0769230769230769	0.113207547169811	0.2	0.137931034482759	0.23943661971831	0.208333333333333	0.0919540229885057	0.117647058823529	0	0.117647058823529	0	0.117647058823529	0.405063291139241	0.0526315789473684	0	0.117647058823529	0	0.117647058823529	0	0.117647058823529	0.450704225352113	0.110236220472441	0.0598290598290598	0.224719101123595	0.072463768115942	0.235294117647059	0.261363636363636	0	0.0754716981132075	0.193181818181818	0.103448275862069	0.037037037037037	0.128205128205128	0.197183098591549	0.166666666666667	0.0963855421686747	0.0792079207920792	0	0.129032258064516	0.116883116883117	0.0917431192660551	0.0777777777777778	0	0.0327868852459016
0	0	0	0	0	0.0163934426229508	0	0	0	0	0	0	0	0	0	0.02	0.0128205128205128	0	0	0	0	0	0	0.0119047619047619	0	0	0.0181818181818182	0	0	0	0	0	0.012987012987013	0	0	0	0	0	0	0	0	0	0	0	0	0	0	0.0256410256410256	0	0	0	0	0	0	0	0	0	0	0	0	0	0.0153846153846154	0	0	0	0	0	0	0	0	0	0	0	0	0	0	0	0	0	0	0	0	0	0	0	0	0	0	0	0	0	0	0	0	0	0	0.0217391304347826	0	0	0	0	0	0	0	0	0	0	0	0	0	0	0	0	0	0	0	0	0	0	0	0	0	0	0	0	0	0	0	0	0	0	0	0	0	0	0	0	0	0	0	0	0	0	0	0	0	0	0	0	0	0	0	0	0	0	0	0	0	0	0.0172413793103448	0	0	0	0	0	0	0	0	0	0	0	0.0217391304347826	0	0	0	0	0.0188679245283019	0	0	0	0	0	0	0	0	0	0.0625	0	0	0	0	0	0	0.00952380952380952	0.0178571428571429	0.0151515151515152	0.166666666666667	0	0.0196078431372549	0	0.0147058823529412	0	0	0.0116279069767442	0	0	0	0	0	0	0	0	0.0277777777777778	0.0192307692307692	0.153846153846154	0	0.0714285714285714	0	0.0714285714285714	0.0298507462686567	0.0588235294117647	0	0.153846153846154	0	0.0714285714285714	0	0.0714285714285714	0	0.0206185567010309	0.0123456790123457	0.0307692307692308	0.032258064516129	0.0161290322580645	0	0	0.0714285714285714	0	0	0.0769230769230769	0	0	0.0294117647058824	0.0208333333333333	0	0	0.0161290322580645	0.0232558139534884	0	0	0	0
0	0	0	0	0	0.0163934426229508	0	0	0	0	0	0	0	0	0	0.02	0.0128205128205128	0	0	0	0	0	0	0.0119047619047619	0	0	0.0181818181818182	0	0	0	0	0	0.012987012987013	0	0	0	0	0	0	0	0	0	0	0	0	0	0	0.0256410256410256	0	0	0	0	0	0	0	0	0	0	0	0	0	0.0153846153846154	0	0	0	0	0	0	0	0	0	0	0	0	0	0	0	0	0	0	0	0	0	0	0	0	0	0	0	0	0	0	0	0	0	0	0.0217391304347826	0	0	0	0	0	0	0	0	0	0	0	0	0	0	0	0	0	0	0	0	0	0	0	0	0	0	0	0	0	0	0	0	0	0	0	0	0	0	0	0	0	0	0	0	0	0	0	0	0	0	0	0	0	0	0	0	0	0	0	0	0	0	0.0172413793103448	0	0	0	0	0	0	0	0	0	0	0	0.0217391304347826	0	0	0	0	0.0188679245283019	0	0	0	0	0	0	0	0	0	0.0625	0	0	0	0	0	0	0.00952380952380952	0.0178571428571429	0.0151515151515152	0.166666666666667	0	0.0196078431372549	0	0.0147058823529412	0	0	0.0116279069767442	0	0	0	0	0	0	0	0	0.0277777777777778	0.0192307692307692	0.0714285714285714	0	0.153846153846154	0	0.0714285714285714	0.0298507462686567	0.0588235294117647	0	0.0714285714285714	0	0.153846153846154	0	0.0714285714285714	0	0.0206185567010309	0.0123456790123457	0.0307692307692308	0.032258064516129	0.0161290322580645	0	0	0.153846153846154	0	0	0.166666666666667	0	0	0.0447761194029851	0.0208333333333333	0	0	0.0161290322580645	0.0232558139534884	0	0	0	0
0	0	0	0	0	0.0245901639344262	0	0	0	0	0.01	0.0142857142857143	0	0	0	0.0196078431372549	0.0256410256410256	0	0	0	0.0104166666666667	0	0	0.0238095238095238	0	0	0.0178571428571429	0	0	0	0	0	0.0128205128205128	0	0	0	0	0	0	0	0	0	0	0.0147058823529412	0	0	0	0.025	0	0	0	0	0	0	0	0	0	0	0	0	0	0.0151515151515152	0	0	0	0	0.0196078431372549	0	0	0	0	0	0	0	0.0140845070422535	0	0	0	0	0	0	0	0	0	0	0	0	0	0	0	0	0	0	0	0	0	0.0212765957446809	0	0	0	0	0	0	0	0	0	0	0	0	0	0	0	0	0	0	0	0	0	0	0	0	0	0	0	0	0	0	0	0	0	0	0	0	0	0	0	0	0	0	0	0	0	0	0	0	0	0	0	0	0	0	0	0	0	0	0	0	0	0	0.0169491525423729	0	0	0	0	0	0	0	0	0	0.0192307692307692	0	0.0434782608695652	0	0	0	0	0.0185185185185185	0.0217391304347826	0	0	0	0	0	0	0	0	0	0	0	0	0	0	0	0.019047619047619	0.0357142857142857	0.0303030303030303	0.142857142857143	0.0238095238095238	0.00961538461538462	0.0117647058823529	0.0144927536231884	0.0169491525423729	0	0.0232558139534884	0	0	0	0	0	0	0	0	0.0416666666666667	0.0188679245283019	0.142857142857143	0	0.0666666666666667	0	0.0666666666666667	0.0144927536231884	0	0	0.142857142857143	0	0.0666666666666667	0	0.0666666666666667	0.0163934426229508	0.0101010101010101	0.0246913580246914	0.0303030303030303	0.03125	0.0158730158730159	0.0144927536231884	0	0.0666666666666667	0	0	0	0	0	0.0441176470588235	0.0416666666666667	0.0149253731343284	0	0.032258064516129	0.0227272727272727	0.012987012987013	0	0	0
0	0	0	0	0	0.0245901639344262	0	0	0	0	0.01	0.0142857142857143	0	0	0	0.0196078431372549	0.0256410256410256	0	0	0	0.0104166666666667	0	0	0.0238095238095238	0	0	0.0178571428571429	0	0	0	0	0	0.0128205128205128	0	0	0	0	0	0	0	0	0	0	0.0147058823529412	0	0	0	0.025	0	0	0	0	0	0	0	0	0	0	0	0	0	0.0151515151515152	0	0	0	0	0.0196078431372549	0	0	0	0	0	0	0	0.0140845070422535	0	0	0	0	0	0	0	0	0	0	0	0	0	0	0	0	0	0	0	0	0	0.0212765957446809	0	0	0	0	0	0	0	0	0	0	0	0	0	0	0	0	0	0	0	0	0	0	0	0	0	0	0	0	0	0	0	0	0	0	0	0	0	0	0	0	0	0	0	0	0	0	0	0	0	0	0	0	0	0	0	0	0	0	0	0	0	0	0.0169491525423729	0	0	0	0	0	0	0	0	0	0.0192307692307692	0	0.0434782608695652	0	0	0	0	0.0185185185185185	0.0217391304347826	0	0	0	0	0	0	0	0	0	0	0	0	0	0	0	0.019047619047619	0.0357142857142857	0.0303030303030303	0.142857142857143	0.0238095238095238	0.00961538461538462	0.0117647058823529	0.0144927536231884	0.0169491525423729	0	0.0232558139534884	0	0	0	0	0	0	0	0	0.0416666666666667	0.0188679245283019	0.0666666666666667	0	0.142857142857143	0	0.0666666666666667	0.0144927536231884	0	0	0.0666666666666667	0	0.142857142857143	0	0.0666666666666667	0.0163934426229508	0.0101010101010101	0.0246913580246914	0.0303030303030303	0.03125	0.0158730158730159	0.0144927536231884	0	0.142857142857143	0	0	0.0714285714285714	0	0	0.0597014925373134	0.0416666666666667	0.0149253731343284	0	0.032258064516129	0.0227272727272727	0.012987012987013	0	0	0
0.0384615384615385	0.0526315789473684	0	0	0	0.205479452054795	0	0.108910891089109	0.0277777777777778	0.0973451327433628	0.1875	0.207920792079208	0.210526315789474	0.243243243243243	0.197368421052632	0.170454545454545	0.18018018018018	0	0.14	0.141176470588235	0.193548387096774	0.172839506172839	0.216666666666667	0.191304347826087	0.263636363636364	0.0645161290322581	0.241379310344828	0	0.104477611940299	0.0875	0.0694444444444444	0.0163934426229508	0.160714285714286	0.106666666666667	0	0.101010101010101	0.133333333333333	0.072463768115942	0	0	0.0571428571428571	0.0963855421686747	0.123809523809524	0.0909090909090909	0.119047619047619	0.0508474576271186	0.0172413793103448	0.121951219512195	0.0158730158730159	0.0806451612903226	0.032258064516129	0.115942028985507	0.178571428571429	0	0.0158730158730159	0	0.128712871287129	0.104477611940299	0.0674157303370786	0.149425287356322	0.0821917808219178	0.25531914893617	0.0333333333333333	0.0689655172413793	0	0.146666666666667	0.0957446808510638	0.0779220779220779	0.166666666666667	0.182795698924731	0.0476190476190476	0.157303370786517	0.0161290322580645	0.08	0.149532710280374	0.1875	0.0909090909090909	0	0.0158730158730159	0.0151515151515152	0	0	0.0289855072463768	0	0.0434782608695652	0.0166666666666667	0	0	0.0298507462686567	0.105882352941176	0	0.0684931506849315	0.0158730158730159	0.0759493670886076	0.177777777777778	0.032258064516129	0.1	0.0982142857142857	0.171428571428571	0.0897435897435897	0.103896103896104	0.0845070422535211	0.0985915492957746	0.015625	0.03125	0.0714285714285714	0.046875	0.0869565217391304	0.0987654320987654	0.0857142857142857	0.046875	0.126582278481013	0.072289156626506	0	0.13	0.130952380952381	0.109756097560976	0.0303030303030303	0.147727272727273	0	0.0151515151515152	0.106382978723404	0.0930232558139535	0.0491803278688525	0.0625	0	0	0.0615384615384615	0.131868131868132	0.126582278481013	0.0746268656716418	0.0789473684210526	0.0166666666666667	0	0.0526315789473684	0.0142857142857143	0.0704225352112676	0.0704225352112676	0	0.0161290322580645	0.180722891566265	0.170731707317073	0	0.0163934426229508	0.0161290322580645	0	0.0161290322580645	0	0.0161290322580645	0	0.015625	0	0.015625	0	0.015625	0.148148148148148	0	0.154761904761905	0.0941176470588235	0.193548387096774	0.072289156626506	0.0151515151515152	0.0317460317460317	0.0909090909090909	0.0454545454545455	0.0746268656716418	0.115789473684211	0.163636363636364	0	0.118279569892473	0.0957446808510638	0.137931034482759	0.0307692307692308	0.0303030303030303	0.0857142857142857	0.0491803278688525	0.164835164835165	0.152941176470588	0.102941176470588	0	0.087378640776699	0.0952380952380952	0.0166666666666667	0.0344827586206897	0.103092783505155	0.0483870967741935	0.0298507462686567	0.0447761194029851	0.015625	0.046875	0.03125	0.03125	0.120879120879121	0.136690647482014	0.135416666666667	0.202020202020202	0	0.132530120481928	0.122302158273381	0.113821138211382	0.152380952380952	0.144329896907216	0.0945945945945946	0.158333333333333	0.0967741935483871	0.03125	0.0625	0.03125	0.078125	0.117647058823529	0.134328358208955	0.152941176470588	0.145454545454545	0.166666666666667	0.0307692307692308	0	0.0307692307692308	0	0.0307692307692308	0.163461538461538	0.0606060606060606	0	0.0307692307692308	0	0.0307692307692308	0	0.0307692307692308	0.164948453608247	0.0633802816901408	0.0075187969924812	0.166666666666667	0.12	0.185567010309278	0.130841121495327	0	0.0307692307692308	0.127450980392157	0.104477611940299	0.0645161290322581	0.126436781609195	0.0919540229885057	0.14018691588785	0.134831460674157	0.122641509433962	0	0.161616161616162	0.548387096774194	0.277227722772277	0.16304347826087	0	0.0625
0	0	0	0	0	0	0	0	0	0	0	0	0	0	0	0	0	0	0	0	0	0	0	0	0	0	0	0	0	0	0	0	0	0	0	0	0	0	0	0	0	0	0	0	0	0	0	0	0	0	0	0	0	0	0	0	0	0	0	0	0	0	0	0	0	0	0	0	0	0	0	0	0	0	0	0	0	0	0	0	0	0	0	0	0	0	0	0	0	0	0	0	0	0	0	0	0	0	0	0	0	0	0	0	0	0	0	0	0	0	0	0	0	0	0	0	0	0	0	0	0	0	0	0	0	0	0	0	0	0	0	0	0	0	0	0	0	0	0	0	0	0	0	0	0	0	0	0	0	0	0	0	0	0	0	0	0	0	0	0	0	0	0	0	0	0	0	0	0	0	0	0	0	0	0	0	0	0	0	0	0	0	0	0	0	0	0	0	0	0	0	0	0	0	0	0	0	0	0	0	0	0	0	0	0	0	0	0	0	0	0	0	0	0	0	0	0	0	0	0	0	0	0	0	0	0	0	0	0	0	0	0	0	0	0	0	0	0	0	0	0	0	0	0	0	0	0	0	0	0	0
