0.25528204	0.18399504	0.07931743	0.0	0.013746687	0.0	0.018037297	0.02424932	0.0	0.10584963	0.07482654	0.0012121147	0.0	0.0075573414	9.997354E-4	0.0	0.0	0.0	0.0	0.0070220777	0.02628234	0.0	7.9978834E-4	0.0	0.025560182	0.0011310715	6.998148E-4	9.896875E-4	0.0	0.0074157785	0.0013996296	0.02515882	0.018728254	0.0	0.0	0.0013996296	0.0	0.0	0.0	0.0	0.006761517	0.0	0.0072397236	0.008078345	0.0074480376	0.008689377	0.0	0.0	0.006761517	5.9984124E-4	0.007157848	0.0117318835	0.0	0.0	0.0074480376	0.0	0.008225352	0.0013412858	0.0	0.0015995767	9.997354E-4	0.0012121147	7.9978834E-4	0.0071403156	0.0	0.0011310715	0.0	0.0	0.0	0.0013996296	0.0	0.0064400625	0.010466033	7.9978834E-4	0.0	0.0	0.0	0.0	0.0	7.9978834E-4	0.004998221	0.024151262	0.018459193	0.007620537	0.0	0.009035393	5.9984124E-4	5.9984124E-4	0.0	0.0	0.0	0.0	0.0	0.014137103	0.0	0.0	0.0016966072	0.0015995767	0.0	0.0	0.0	0.0012121147	7.9978834E-4	0.00702697	0.0	0.007400602	0.0071403156	0.0	0.0	0.01745141	0.0	0.0	0.023667859	0.009543798	0.0029632966	0.0	0.0013996296	0.001385274	0.0	0.0011177382	0.0011310715	0.010777068	0.004781114	0.0	0.011155933	0.001385274	0.025259046	0.0	0.0016966072	0.0	0.0	0.0070391297	0.008212318	9.997354E-4	0.0	0.0011310715	0.0	9.997354E-4	0.0	7.9978834E-4	0.0	0.0	9.896875E-4	0.0	0.0	0.0011996825	0.0	0.0	0.014044155	0.002399365	0.0	0.0	0.0071403156	0.009149928	0.0019994709	0.0	0.0	0.0	0.0	7.9978834E-4	0.0	0.0011996825	0.002399365	0.002399365	0.0	0.0011996825	0.0	0.010533117	0.002399365	7.9978834E-4	0.0013412858	0.0115213115	0.0	0.001385274	0.0012121147	0.0076659233	0.0	0.0012121147	0.0	0.010533117	0.002399365	0.002056338	0.0042841895	0.007326223	0.0	0.0012121147	0.0	0.0	0.0	0.0	0.0053981007	0.0	0.0	0.0	0.0	0.0	0.0015995767	0.0	0.0	0.0063748183	0.0	0.10222416	0.14006612	0.0	
0.038296085	0.10642574	0.0	0.0	0.09983571	0.03203396	0.05873494	0.11987835	0.034272444	0.042456098	0.22471689	0.08195996	0.02215721	0.064349964	0.028333895	0.039930165	0.011078605	0.0	0.0	0.0055393027	0.031862635	0.0	0.02151637	0.10410175	0.012042585	0.018599506	0.0842453	0.02870267	0.0	0.123039946	0.028750626	0.14072803	0.59459114	0.0	0.0	0.0048870887	0.0	0.0	0.0	0.0	0.15874574	0.11464602	0.043122206	0.06978076	0.018174145	0.0	0.0	0.0054986845	0.011995147	0.03809406	0.31569612	0.019064113	0.0	0.0	0.0	0.0054986845	0.0071801175	0.023354642	0.0070032463	0.028319096	0.039641365	0.046515647	0.008908807	0.06971027	0.0038936974	0.07113547	0.00222497	0.0031465825	0.0	0.0048870887	0.0	0.17154221	0.089417174	0.009160432	0.0	0.014280184	0.0	0.0	0.0	0.0027926222	0.069078945	0.02549901	0.082433835	0.024000622	0.0	0.10274122	0.04198729	0.007265713	0.0032075662	0.0	0.0	0.004001855	0.00444994	0.049763717	0.0	0.0	0.035349365	0.0055852444	0.01533529	0.01533529	0.0	0.043966938	0.026287623	0.022147175	0.04097319	0.07713339	0.04442637	0.027912177	0.1454264	0.2561124	0.0	0.0	0.12890296	0.18636946	0.19190206	0.021125767	0.032387383	0.04347515	0.0	0.003902808	0.019680249	0.01495656	0.03446833	0.0	0.055964056	0.068753175	0.09786118	0.0	0.005924046	0.0	0.026699957	0.029450309	0.013344879	0.020178566	0.0	0.010895545	0.0	0.0034907777	0.0	0.062352262	0.0	0.0	0.08128935	0.0	0.0	0.0041889334	0.0	0.0	0.00800371	0.008377867	0.009340238	0.021125767	0.0372562	0.014336187	0.01881597	0.0	0.00444994	0.046723057	0.008006457	0.03954527	0.0	0.036322996	0.008377867	0.008377867	0.0	0.0041889334	0.0	0.026699957	0.008377867	0.0027926222	0.07189012	0.046112172	0.0	0.0048369635	0.0042323433	0.03385493	0.0	0.01743954	0.0	0.026699957	0.008377867	0.007591914	0.02235372	0.09419922	0.0	0.0274543	0.0	0.0	0.0	0.0	0.041818153	0.0	0.01267546	0.0	0.0	0.00489813	0.023072256	0.0	0.06555711	0.011309134	0.037204236	0.20478083	0.12828197	0.0	
0.04072494	0.0042358483	0.0	0.0	0.017377434	0.0	0.009695523	3.49302	0.0	0.00695813	0.11222779	0.0034111403	0.0	0.12921427	0.0028134612	0.0027415347	0.0024755616	0.0	0.0	0.0	0.04794698	0.009648058	0.15265474	0.0	0.11154641	0.06122499	0.0404877	0.03263132	0.0038351803	0.052464917	0.15606114	0.102574065	0.06521269	0.0	0.0	0.003938846	0.026205407	0.026205407	0.0	0.0	0.0695204	0.0	0.16188708	0.14216271	0.0	0.039933372	0.026205407	0.018505359	0.17729452	0.05919095	0.13344912	0.1737323	0.0	0.0	0.040741384	0.018505359	0.010287926	0.06872708	0.021589587	0.09601299	0.0028134612	0.12319804	0.050102696	0.115607485	0.0	0.019097082	0.0	0.0	0.0018531836	0.003938846	0.0	0.031447303	0.023849897	0.07783283	0.0	0.0	0.0054830695	0.0	0.0	0.0022507692	0.017821519	0.028723737	0.01618139	0.006396553	0.0	0.045498624	0.011263738	0.0016880768	0.0	0.0	0.0	0.0025892241	0.0	0.11447257	0.0	0.0	0.018238427	0.0144737465	0.0	0.0054830695	0.0	0.00888042	0.010605119	0.054752775	0.0016182652	0.10579252	0.024981445	0.0059765344	0.0	0.14242329	0.0	0.0	0.0040355143	0.08582582	0.02329743	0.0	0.01431408	0.0038984462	0.0054333108	0.09416118	0.03797286	0.0028134612	0.072535776	0.0	0.020536367	0.013351248	0.037688684	0.0	0.0665533	0.0	0.0	0.04069487	0.21858841	0.036446594	0.0	0.0072483174	0.0	0.024156941	0.0	0.026819935	0.0	0.037596438	0.008045812	0.0	0.0015021135	0.009007879	0.0	0.0	0.0	0.006752307	0.0025172168	0.0	0.012726544	0.0	0.0056269225	0.003883836	0.0	0.0036200376	0.019791773	0.10226386	0.0	0.021359883	0.006752307	0.023856444	0.002648602	0.0033761535	0.0	0.0022531701	0.006752307	0.014983701	0.18236065	0.027214762	0.0	0.009433776	0.08307977	0.015007711	0.0	0.017652519	0.0	0.0022531701	0.006752307	0.007571315	0.08265799	0.09231091	0.0	0.0034111403	0.0011265851	0.0	0.0	0.0026553865	0.13621607	0.0	0.0	0.0	0.0	0.008995128	0.0045015384	0.0	0.010482163	0.026024468	0.0	0.05142564	0.09884819	0.0	
0.03430176	0.07934686	0.0	0.0	0.16112563	0.011280481	0.08023812	0.2439479	0.0032378067	0.011225248	2.054629	0.054141518	0.016404724	0.10525049	0.021899177	0.034782603	0.017647056	0.0	0.0	0.0122549115	0.06083019	8.247353E-4	0.0698462	0.0	0.013071154	0.010123606	0.021753319	0.013408826	0.05150552	0.031175155	0.027166637	0.0975273	0.1411853	0.0	0.0	0.0038721277	0.0	0.0	0.0025164648	0.0053412793	0.10449076	0.0	0.026219152	0.081333585	0.0022317762	0.0011791051	0.0	0.0020213232	0.045364223	0.021844985	0.093127064	0.030961145	0.0	0.0	0.0010106616	0.0020213232	0.0033552865	0.009467439	0.0023582103	0.020553669	0.025178667	0.034143593	0.028223725	0.05290332	0.005484526	0.06379293	0.0031340148	0.032017633	0.0	0.0038721277	0.0	0.07506753	0.071575545	0.031390645	0.0	0.0010485271	0.0	0.0	0.0	0.00857544	0.030535767	0.02158833	0.051337857	0.011622141	0.0	0.03576076	0.03329207	0.00643158	0.0	0.0	0.0	0.002545367	0.0062680296	0.038955994	0.0	0.0	0.026787294	0.0044252886	0.0	0.0	0.0	0.010436617	0.0022126443	0.04343415	0.0010485271	0.040420145	0.03638875	0.042473786	0.0	0.101329125	0.0	0.0	0.016262518	0.09051996	0.025512056	0.0	0.07753108	0.00846517	0.0	0.04118112	0.009132772	0.0107193	0.025908329	0.0	0.005476015	0.09808019	0.030958066	0.0	0.0046937275	0.0	0.0	0.020464301	0.06953902	0.033071667	0.0	0.021268185	0.0	0.0027658055	0.0	0.022287142	0.0	0.0011910761	0.050069146	0.0	0.0	0.0033189664	0.0	0.0	0.0	0.0066379327	0.018171825	0.0	0.015784563	0.026775494	0.035398103	0.0	0.0062680296	0.0050747953	0.040507328	0.082470044	0.0	0.0182883	0.0066379327	0.0066379327	0.0	0.0033189664	0.0	0.0	0.0066379327	0.0022126443	0.049027715	0.024576632	0.0	0.0038324124	0.003353361	0.019325135	0.0	0.003353361	0.0	0.0	0.0066379327	0.0012168147	0.017277127	0.104752064	0.0	0.01358741	0.0	0.0	0.0	0.0	0.027426187	0.0	0.0	0.0	0.0	0.0	0.012610958	0.0	0.0	0.0031291516	0.0	0.2036398	0.12108404	0.0	
0.046750005	0.0	0.0	0.0	0.11945368	0.0	0.045063023	0.1674764	0.0	0.074282154	0.07950483	0.08529304	0.049026113	3.160499	0.16637544	0.051861122	0.041252345	0.0	0.0	0.05591076	0.050108485	0.0015536277	0.19189996	0.0	0.1159646	0.037941094	0.060060434	0.030747011	0.0	0.13501164	0.09423307	0.05476539	0.13916282	0.0	0.0	0.011256135	0.047928214	0.047928214	0.0	0.0	0.082017995	0.0	0.17834397	0.109078385	0.0	0.027138302	0.047928214	0.0021153288	0.12439902	0.105732575	0.1635986	0.16471809	0.0	0.0	0.030706096	0.0021153288	0.002646005	0.11066515	0.0024678835	0.119271554	0.025163287	0.15783688	0.039923955	0.17814039	0.012914089	0.11216866	0.0073794797	0.025688602	0.0	0.011256135	0.0	0.10154946	0.03494198	0.040903106	0.0	0.0017467769	0.003551149	0.0	0.0	0.016548786	0.045634508	0.1512697	0.024588568	0.025430035	0.0	0.016833937	0.01815465	0.012411588	0.0	0.0	0.0	0.0	0.014758959	0.11757525	0.0	0.0028698717	0.23460343	0.032206044	0.0	0.0	0.0	0.038777456	0.057641875	0.14327145	0.0	0.0802519	0.10432932	0.08671512	0.0	0.10422689	0.0	0.0	0.0	0.07106828	0.015570454	0.0	0.074325435	0.021360053	0.0	0.07553333	0.065347075	0.020685982	0.09632106	0.0046921833	0.042108048	0.097548895	0.08498452	0.0	0.07482524	0.0	0.0	0.19037265	0.07915168	0.038489107	0.003826496	0.089948505	0.0	0.052598834	0.0	0.11384619	0.0	0.0054255533	0.19850942	0.0	0.0015453456	0.018531794	0.0	0.0	0.0	0.019296233	0.016209772	0.0	0.06048932	0.033516645	0.050326575	0.0	0.014758959	0.03560407	0.02245556	0.077788584	0.0046921833	0.07308653	0.019296233	0.04607677	0.0	0.009648116	0.0	0.0023180183	0.019296233	0.060438465	0.0891457	0.018531794	0.0	0.021753348	0.10225583	0.08551454	0.0	0.02178557	0.0	0.0023180183	0.019296233	6.6150125E-4	0.14020383	0.025368828	0.0028698717	0.0547079	0.0011590092	0.0	0.0033481838	0.0027318108	0.10315234	0.0	0.0	0.0	0.0	0.0021854488	0.012864155	0.0	0.019171285	0.02766738	0.0	0.09102899	0.0643016	0.0	
0.0013780495	0.0	0.0	0.0	0.019522848	0.0	0.063817345	0.013014211	0.0	0.004251555	0.005083945	0.027339272	0.043734863	0.21713018	1.4909648	0.032165	0.0725899	0.0	0.0	0.13752213	0.02484845	0.016887149	0.07027802	0.0	0.011874285	0.01766565	0.022940993	0.02708405	0.0	0.64257234	0.03770546	0.0027886014	0.13765526	0.0	0.0	0.0077451156	0.0	0.0	0.0	0.0	0.11767462	0.015134729	0.12252482	0.08791579	0.0013566926	0.0	0.0	0.0027133853	0.010025687	0.041415982	0.051750924	6.090176E-4	0.0	0.0	0.0	0.0027133853	0.0	0.037366904	0.0034558277	0.044560596	0.070762314	0.07991544	0.03402671	0.040976934	0.031201562	0.047817472	0.029737987	0.0062108603	0.0	0.0074477987	0.0	0.028264385	0.053768996	0.0059400178	0.0	0.022166666	0.012490724	0.0023509066	0.001303952	0.012598755	0.07289825	0.21233614	0.07242416	0.030979324	0.0	0.07769062	0.10087835	0.0057139914	0.001582808	0.0	0.0	0.0019747587	0.008783483	0.008254461	0.0	0.0	0.1291938	0.008862863	0.027927676	0.02418071	0.007915233	0.099513024	0.047518924	0.0345423	0.0014693167	0.16109562	0.04495196	0.09844047	0.0	0.023666695	0.0	0.0	0.012090355	0.035956696	0.004838008	0.0	0.030911312	0.009890305	0.0	0.016782803	0.02453238	0.004059036	0.032814413	0.0	0.008494299	0.06419878	0.03433298	0.0	0.028291445	0.0	0.0	0.08057487	0.041577354	0.06207532	0.0	0.08348872	0.0	0.0055322256	0.045268554	0.08259455	0.009045982	0.026674746	0.16122212	0.0	0.004522991	5.1676854E-4	0.0	0.0	0.0	0.0010335371	0.016182324	0.0	0.019237135	0.028297389	0.033136513	0.0	0.008783483	0.019666621	0.033726864	0.03433536	0.0	0.1416382	0.0010335371	0.0010335371	0.001303952	0.00663867	0.0	0.006784486	0.009119795	0.009180942	0.14547929	0.012227316	0.00352636	0.09662356	0.17926985	0.10550047	0.00352636	0.003101291	0.0	0.006784486	0.009119795	0.008723844	0.051581804	0.11977141	0.0	0.013884096	0.0	0.0	0.0	0.0	0.15026273	0.0	0.0022353462	0.0	0.0	0.0	6.8902475E-4	0.0	0.0	0.003325335	0.0	0.030108476	0.08013426	0.0	
9.4909786E-4	0.0	0.0	0.0	0.021595174	0.0	0.005093661	0.0028255803	0.00291195	0.010313309	0.0124289775	0.07067519	0.0015123523	0.0054811025	0.028154993	0.16970807	7.5617613E-4	0.0	0.0	0.95396245	0.3623403	0.18819413	0.005530969	0.0	0.109173715	3.3555678E-4	0.0066912593	0.007997561	0.0	0.0015439434	0.01549991	0.010472902	0.14404608	0.0	0.0	0.007938083	0.0	0.0	0.0	0.0	0.0042558173	0.0	0.011025364	0.01731638	0.035353936	0.14479396	0.0	0.0	0.001709069	1.7795585E-4	0.016649764	0.0062824083	0.0	0.0	0.12410911	0.0	0.0	0.010432977	0.0	0.017195698	0.006913711	0.04259788	0.045677923	0.006867048	0.010219352	0.019024758	0.0150091965	0.18964086	0.009133863	0.0051294887	0.0	0.0766119	0.0091123525	0.056227364	0.0	0.01715529	0.0021636386	0.0	0.0011634532	2.3727446E-4	0.012556497	0.31519023	0.008914697	0.13337508	0.02237889	0.006488141	0.0036640773	0.04534602	0.02237889	0.0	0.0	0.0	0.0015123523	0.0042622476	0.0	0.0	0.018377643	0.004375126	0.001713014	0.0	0.0	0.00970489	0.006535723	0.006931324	0.0050306884	0.12595552	0.025021913	0.039286695	0.02518445	0.009696569	0.0	0.0	0.0049970117	0.041179653	0.020898473	0.0	0.0091487635	0.0035673557	0.0	0.037672527	0.0444406	0.0962443	0.048316333	0.0	5.872244E-4	0.032961987	0.0047204406	0.0	0.009732211	0.0	0.0	0.069592625	0.019446738	0.046319827	0.0	0.006488141	0.0	0.019575875	0.0	0.004663299	0.0	0.026166478	0.082880996	0.0	0.0	0.008173272	0.0	0.004697495	0.066664025	7.118234E-4	5.671321E-4	0.0	0.010410289	0.019346096	0.011895094	0.0	0.0015123523	0.0027824086	0.114518456	0.021428324	0.0	0.033086386	7.118234E-4	7.118234E-4	0.0	0.0032813444	0.0	0.04999802	7.118234E-4	0.006098556	0.018466871	0.051480073	0.0	0.0032785304	0.0024178373	0.07005189	0.0	0.010550082	0.0	0.04999802	7.118234E-4	0.0429856	0.019654477	0.0010768845	0.0	0.005859709	0.00430787	0.0035231214	0.0	0.0	0.013316443	0.0	0.0	0.001713014	0.0	0.0	4.7454893E-4	0.0	0.0019413	0.0023841276	0.0	0.01010439	0.30322486	0.0	
0.0011381521	0.0	0.0	0.0	0.106877066	0.0	0.04979224	0.030710874	0.0034919917	0.017639378	0.032534108	0.016461262	0.0027015575	0.049227227	0.0030992073	0.11868152	0.017142918	0.0	0.0	0.008571459	0.06883675	0.632737	1.0551108	0.0	0.010084524	0.0021299308	0.019108737	0.0056265844	0.05018151	0.07512112	0.09142878	0.015991034	0.04737045	0.0	0.0	4.979415E-4	0.0033128392	0.0033128392	0.0	0.024727285	0.1339934	0.0	0.06313598	0.052157667	0.0	0.0011594936	0.0033128392	0.0	0.034335025	0.00809613	0.021015182	0.0033485247	0.0	0.0	0.0014055185	0.0	0.0	0.032461423	0.0	0.017432649	3.5567253E-4	0.0025022316	0.0018694384	0.026715137	0.0	0.014992635	0.0118844025	0.0	0.0	0.0064049773	0.0	0.038437378	0.047682144	0.0019198548	0.0	0.0014549966	0.0030909106	0.0	0.0	0.016431175	0.001679873	0.05028249	0.013866677	0.0016523658	0.0	0.036018226	0.019848924	0.0014020788	0.0	0.0	0.0	0.0	0.0	0.0037273786	0.0	0.0	0.026658135	0.0076486296	0.0	0.0	0.0	4.3123E-4	0.028489877	0.016518127	0.011487332	0.03465325	0.00708699	0.0077240434	0.030201029	0.054048806	0.0	0.0	0.033170942	0.0104670795	0.01986047	0.0	0.023015454	4.928343E-4	0.0	0.011427499	0.0021299308	3.5567253E-4	0.022613721	0.0	7.0419564E-4	0.033893805	0.0026232717	0.0	0.0031948958	0.0	0.0	0.017324816	0.026722107	0.005183836	0.0	0.002155574	0.0	0.0030538759	0.0032726456	0.0019198548	0.0	0.024808085	0.041426685	0.0	0.0	4.2680703E-4	0.0	0.0056332056	0.0	8.5361407E-4	0.0	0.0	0.046936825	0.022540169	0.019593997	0.0	0.0	6.7538937E-4	0.019030541	0.03990119	0.0	0.045665164	0.008252519	8.5361407E-4	0.0	0.009869421	0.0	0.0	8.5361407E-4	0.0018942116	0.03149427	0.0155799175	0.0	4.928343E-4	0.003181447	0.045558717	0.0	4.3123E-4	0.0	0.0	8.5361407E-4	0.0015454553	0.011205443	0.0016357588	0.0	0.005863981	0.0	0.0042249043	0.0	0.0	0.04537694	0.0	0.0	0.0	0.0	0.0	5.6907604E-4	0.0	0.0073062605	0.008040594	0.0	0.09655564	0.01922264	0.0	
0.001235881	0.005233216	0.0	0.0	0.12014649	0.0	0.021193793	0.015459725	0.0	2.7034897E-4	0.010932279	1.2294576	0.009805722	0.020547252	0.008245781	0.01890475	0.004902861	0.0	0.0	0.028083842	0.046549734	0.022363566	0.023428496	0.015754832	0.038816758	0.016573071	0.03146307	0.019518191	0.0	0.04773241	0.027337827	0.053591553	0.17678191	0.0	0.0	5.4069795E-4	0.0	0.0	0.0	0.0	0.06811158	0.0	0.019585982	0.0018585651	0.0	0.0	0.0	0.0	0.021999301	0.014549688	0.10621884	0.0032092833	0.0	0.0	0.0	0.0	0.0	0.0020386844	0.0	0.01745132	0.017941019	0.011396096	0.029682893	0.029542286	0.0017231645	0.09331755	0.012810648	0.024252899	0.0017054289	5.4069795E-4	0.0	0.027267296	0.04623122	0.008881638	0.0	0.0	0.014937232	0.0	0.0011694279	0.037482083	0.0018241175	0.12002592	0.21237214	0.015962508	0.0	0.01889719	0.03715898	0.0064003463	0.0	0.0	0.0	0.0	0.036242686	7.6466234E-4	0.0	0.0	0.049905248	0.0534849	0.004264561	0.06876096	0.0	0.019370537	0.0069395015	0.0060462626	0.0	0.029577797	0.017255496	0.03454077	0.0	0.025195023	0.0	0.0	0.054765202	0.059490006	0.17017259	0.0	0.046493944	0.014004035	0.0	4.3179907E-4	0.014019925	3.8621284E-4	3.2771242E-4	0.0	7.6466234E-4	0.049388587	0.023508403	0.0	0.010162098	0.0	0.07901264	0.0037409968	0.005123889	0.022883467	0.0	0.002340665	0.0	3.8621284E-4	0.0	0.017371932	0.0	0.0	0.027332576	0.0	0.0	4.634554E-4	0.0	0.0	0.0035420593	9.269108E-4	0.0041335425	0.0	0.082840234	0.061035383	0.03329194	0.0	0.0019693307	0.08773618	0.01813644	0.01295959	0.0	0.034686718	9.269108E-4	9.269108E-4	0.0075568096	0.0053994427	0.0	0.011816124	9.269108E-4	0.016906114	0.07632144	0.019174406	0.0	0.0031786761	0.010865211	0.045766402	0.0	0.010229243	0.0	0.011816124	9.269108E-4	0.026882047	0.015558097	0.04193477	0.0	0.0071728122	0.0	0.0	0.0	0.0	0.035301246	0.0	0.0020047335	0.0	0.0	0.0021676784	0.0055712378	0.0	0.0	0.01588047	0.0	0.17229511	0.07926065	0.0	
0.020526249	0.0	0.0	0.0	0.02212506	0.0	0.032964442	0.033163097	0.0	0.0018134225	0.013839601	0.0425055	0.0	0.044047922	0.0053436486	0.005062422	0.0067805205	0.0	0.0	0.09610821	0.040259033	0.0060010995	0.015876627	0.034336362	1.2665521	0.14408012	0.09749448	0.0126336245	0.0	0.051007986	0.02888311	0.024095336	0.09344504	0.0	0.0	0.018196775	0.0107242875	0.0107242875	0.057098124	0.0	0.051357966	0.0	0.4388922	0.049869552	0.05871657	0.066908345	0.0107242875	0.0	0.07639571	0.019040551	0.09936586	0.02639328	0.0	0.0	0.04354152	0.0	0.0023682516	0.027949173	0.0	0.06833212	0.0067268666	0.022942225	0.005786528	0.017664894	0.0013226575	0.006045648	0.0035037817	0.0	0.0025948836	0.010829237	0.0	0.06682204	0.027364407	0.0020724828	0.0	0.016201086	0.018794997	0.0324691	0.005915377	0.034511294	0.06466985	0.13810313	0.008202975	0.12312592	0.0	0.0076759905	0.014427432	0.030480353	0.0	0.0025272546	0.0025272546	0.0020218038	0.0	0.06241314	0.0	0.0	0.016583147	0.0041449657	0.0055625625	0.007442771	0.008638759	0.08425092	0.103327624	0.092026286	0.0	0.024071079	0.006414452	0.021023432	0.0	0.024304457	0.0	0.0	0.0032572702	0.0067783673	0.005160238	0.0	0.011429933	0.28668803	0.0	0.49409467	0.08173281	0.09639027	0.09811908	0.0	0.017035749	0.03720187	0.02527517	0.0	0.041301183	0.0	0.0088065695	0.08007912	0.052034285	0.04789412	0.0	0.014305087	0.0	0.12277501	0.0011337063	0.013722024	0.0015116085	0.008847383	0.0739896	0.0	7.5580424E-4	0.012506576	0.0	0.0	0.059082888	0.07942629	0.0035832284	0.0	0.006414452	0.0	0.048063286	0.0	0.0	0.010932854	0.02861351	0.00653139	0.0	0.114146896	0.03684785	0.0062174485	0.00635345	0.017894682	0.0	0.08781064	0.018884106	0.1198616	0.1786046	0.16565241	0.0026485433	0.01670073	0.2867916	0.18569206	0.0026485433	0.0103678545	0.0	0.08781064	0.018884107	0.022258619	0.24993697	0.015155299	0.0	0.028174568	0.0015163526	0.0	0.0	0.0	0.09278187	0.0	0.0014941299	0.0	0.0	0.0016155728	0.061420992	0.0	0.004289715	0.07811424	0.0	0.09389864	0.1283181	0.0	
0.0010104912	0.0	0.0	0.0	0.007126143	0.0	0.0429528	0.041101016	0.0	0.0040641474	0.005975475	0.018256541	0.0	0.027806861	0.00405665	0.0014450573	0.036204677	0.0	0.0	0.0016583011	0.0057427585	0.005003267	0.018315826	0.037668504	2.5499418	0.26178294	0.068130106	0.014583245	0.0	0.029483434	0.03651853	0.0026338564	0.025324892	0.0	0.0	0.0056793103	0.011765016	0.011765016	0.017590076	0.0	0.009204682	0.0	0.03897874	0.022485537	0.003104621	0.009811405	0.011765016	0.0020770128	0.08537547	0.060494404	0.07511749	0.016101254	0.0	0.0	0.010602728	0.0020770128	0.0	0.014231199	0.0024231814	0.031069804	0.014078021	0.039282538	0.013182396	0.01060731	0.005804054	0.041584484	0.009755726	0.0	0.0062881666	4.4208986E-4	0.0	0.009288319	0.0026235664	0.0067581227	0.0	0.006033951	0.0015936077	0.0	0.0	0.013852028	0.015156087	0.038842104	0.02385548	0.006641773	0.0	0.0024383892	0.011854943	0.0020692104	0.0	0.0	0.0	0.0032533733	0.0	0.029710723	0.0	0.0	0.005338859	0.011932336	0.0046903836	0.010610679	0.005804054	0.0042266473	0.00312074	0.04166369	0.0	0.008812809	0.005348283	0.021130001	0.0	0.026488824	0.0	0.0	0.0066037793	4.3755549E-4	0.020535652	0.0	4.4208986E-4	0.17383173	0.0	0.19443916	0.04293585	0.0031310949	0.027523566	0.0	0.0062286686	0.017367052	0.030477103	0.0	0.023943746	0.0	0.009661196	0.039312854	0.026179522	0.045200467	0.0	0.002651571	0.0	0.017159985	0.004974903	0.0138960425	0.0066332044	0.01675188	0.052412953	0.0	0.0033166022	3.7893417E-4	0.0	0.0	0.0028960877	7.5786834E-4	0.05931526	0.0	0.0039524697	0.0	0.0055727735	0.0	0.0	0.003815638	0.05267734	0.0029431572	0.0	0.013259439	7.5786834E-4	7.5786834E-4	0.0	0.017810782	0.0	0.029272199	7.5786834E-4	0.14124013	0.2399892	0.030554235	0.0	0.012613585	0.111673966	0.01644792	0.0	0.00872566	0.0	0.029272199	7.5786834E-4	9.3929603E-4	0.12731664	0.06371397	0.0	0.0063787503	0.0	0.0	0.0	0.0	0.06983099	0.0	0.0	0.0	0.0	0.008339378	0.012004393	0.0	0.0047060065	3.5726256E-4	0.0	0.09563982	0.046056986	0.0	
0.020654395	0.0	0.0	0.0	0.056378346	0.014214318	0.048044693	0.10696239	0.0	0.017203312	0.024774153	0.04444968	0.013006779	0.12016809	0.060385086	0.0	0.08841326	0.0	0.0	0.008473901	0.038061637	0.003475363	0.057998322	0.19248565	0.23433319	0.23492028	0.40425777	0.03962981	0.0	0.23237745	0.21392837	0.009036298	0.16001453	0.0	0.0	0.04773125	0.2372146	0.24539119	0.008528591	0.0	0.06177771	0.0	1.0637761	0.22197706	0.0	0.083025105	0.24539119	0.009755084	0.39956492	0.47056487	0.5130943	0.102527514	0.0	0.0	0.14135809	0.0	0.0	0.47776628	0.0	0.39179966	0.12718762	0.1852805	0.07153697	0.07249791	0.029658653	0.06714706	0.016947802	0.0056857276	0.0056904657	0.009036298	0.0	0.0067077116	0.0064544985	0.019104127	0.0	0.0050255205	0.1439738	0.0065033897	0.008047534	0.005163599	0.046396844	0.09210184	0.07109941	0.107276306	0.007035729	0.023014896	0.081433475	0.06488795	0.0	0.007107159	0.030472793	0.03447603	0.0	0.11085446	0.0	0.0	0.047328994	0.032547977	0.055461884	0.04247888	0.029658653	0.08693117	0.019104129	0.25091404	0.0	0.051076207	0.02388016	0.0	0.0	0.09305504	0.0	0.0	0.008473901	0.056437034	0.05595166	0.0	0.009036298	0.034835033	0.0	0.35667032	0.22280033	0.024758307	0.5496166	0.0	0.055217158	0.024514653	0.069637485	0.0	0.09501811	0.0	0.04936861	0.43486592	0.14648512	0.18205348	0.0	0.007302431	0.0	0.17125444	0.025421701	0.09032879	0.033895604	0.014979882	0.2941219	0.0	0.016947802	0.0077453977	0.0	0.0	0.014798976	0.0154907955	0.043612633	0.0	0.0064544985	0.0	0.012908997	0.0	0.0	0.029642403	0.0	0.05177145	0.0	0.08648222	0.048821963	0.0154907955	0.0	0.040912498	0.0	0.14958061	0.0154907955	0.057998322	0.18931296	0.16009685	0.009755084	0.034835033	0.22729932	0.11895688	0.0	0.007825663	0.0	0.14958061	0.0154907955	0.0037862435	0.06825451	0.06220479	0.0	0.07639679	0.0	0.0	0.0	0.01597305	0.39096877	0.0	0.0	0.0	0.0	0.009056714	0.042660937	0.0	0.05410719	0.007302431	0.0	0.16097549	0.15333275	0.0	
7.283557E-4	0.0	0.0	0.0	0.040081125	0.0020050127	0.064181715	0.092549056	0.0	0.00146893	0.0168633	0.019599427	0.0018346821	0.07298156	0.013337883	0.002979581	0.015962955	0.0	0.0	0.015059354	0.0047726794	0.046579324	0.029164623	0.027151221	0.16998312	0.12596391	0.0867615	0.008252034	0.0	0.06863072	0.7925502	0.017194279	0.10878812	0.0	0.0	0.012052092	0.033460498	0.03461386	0.005103168	0.0	0.021873549	0.007999324	0.23449422	0.18074316	0.0071319165	0.08080998	0.03461386	0.09315371	0.28463003	0.43901384	0.2918525	0.07175444	0.0	0.0	0.092453994	0.0718774	0.0	0.15627632	0.08493068	0.22848833	0.03710983	0.31832778	0.13960792	0.055341493	0.016734103	0.026301466	0.018525926	0.014311239	0.004904503	3.186556E-4	0.0	0.0073874323	2.2761115E-4	0.059132453	0.0	0.00812632	8.0200506E-4	0.004463881	0.022945147	0.0024473544	0.014560947	0.020287625	0.041724596	0.039900124	9.924306E-4	0.0390257	0.03318802	0.019853806	8.36579E-4	0.0010025064	0.004298365	0.01042579	0.0	0.010706745	0.0	0.0	0.010896042	0.0023323658	0.0440858	0.036346953	0.016734103	0.03500771	0.03434886	0.048158854	0.0	0.052433938	0.002811762	0.0026291988	0.0	0.18341815	0.0	0.0	0.09615232	0.032372415	0.04789147	0.0	0.008777367	0.021774169	0.0	0.19799519	0.06257944	0.012334192	0.16395842	0.0	0.012712049	0.0016745153	0.011790324	0.0	0.08839427	0.0	0.0069637294	0.12886924	0.13208708	0.06443717	0.0	0.023997916	0.0	0.03176293	0.014343516	0.047238573	0.019124689	0.13709907	0.13950345	0.0	0.009562344	2.731334E-4	0.0	0.0	0.0020874818	5.462668E-4	0.09120798	0.0	2.2761115E-4	0.0018852319	0.012539095	0.0	0.0	0.0017193462	0.015905323	0.010201981	0.0	0.061803885	0.0034985486	5.462668E-4	0.0	0.059669524	0.0	0.04240646	5.462668E-4	0.03873963	0.08614175	0.014032487	0.0013760115	0.0075534014	0.06986068	0.060577452	0.0	2.7596383E-4	0.0	0.04240646	5.462668E-4	0.012604362	0.054074463	0.12918825	0.0	0.001843491	6.742882E-4	0.0	0.0	0.0015893125	0.19313924	0.0	0.0	0.0	0.0	0.0050979047	0.02532681	0.0	0.007632135	2.575126E-4	0.0	0.14655322	0.14240088	0.0	
0.038245756	0.0	0.0	0.0	0.08833432	0.0	0.106347136	0.07738312	0.0	0.0011713832	0.055258315	0.0020288953	0.0	0.046712946	0.008839204	0.0	0.004393916	0.0	0.0	0.013529187	0.06423572	0.023160001	0.16430804	0.0	0.050723124	0.011396968	0.0011713832	0.046003338	0.12880561	0.21074438	0.13953108	0.12348666	0.23993206	0.0	0.0	0.012374886	0.0	0.0	0.0	0.0	1.3937088	0.23524518	0.13926958	0.4323556	0.02108762	0.0	0.0	0.04217524	0.3121006	0.08122135	0.14442699	0.05327643	0.0	0.0	0.0	0.04217524	0.013767984	0.20456833	0.053715315	0.16385941	0.21362622	0.16218165	0.14162761	0.13446003	0.0076893535	0.010000418	0.004393916	0.0	0.0	0.0023427664	0.0	0.039913595	0.0016734046	0.015381636	0.0	0.0	0.0	0.0	0.0	0.022370404	0.2632958	0.099187344	0.2999722	0.15633447	0.0	0.25032893	0.23487173	0.054322533	0.024602223	0.0	0.0	0.030694464	0.0	0.023663355	0.0	0.0	0.012270598	0.0026774474	0.17809792	0.16899781	0.05984337	0.15045239	0.19113754	0.100722745	0.08935981	0.2760729	0.054493982	0.012236156	0.0	0.02271155	0.0	0.0	0.47307047	0.0023187373	0.06255187	0.0	0.0023427664	0.009031391	0.0	0.0084984	0.14269981	0.04229821	0.2644269	0.0	0.16875322	0.0397154	0.012870946	0.0	0.0028398617	0.0	0.0	0.08567135	0.081830785	0.027481208	0.0	0.0018932412	0.0	0.008839204	0.0065908744	0.011812719	0.008787832	0.01918651	0.009972347	0.0	0.004393916	0.0020080854	0.0	0.0	0.0	0.0040161707	0.004660452	0.0	0.011951799	0.04701554	0.0033468092	0.0	0.0	0.0	0.028299805	0.033116557	0.0	0.100891724	0.0040161707	0.035438154	0.0	0.010607046	0.0	0.0065908744	0.0040161707	0.0013387237	0.059535556	0.0020080854	0.0	0.009031391	0.0094949845	0.010607046	0.0	0.012051153	0.0	0.0065908744	0.0040161707	0.06987083	0.0210338	0.03378816	0.0	0.13991414	0.0	0.0	0.0	0.0	0.11517282	0.0	0.0	0.0	0.0	0.0	0.0026774474	0.0	0.0	0.089564644	0.0	0.35817093	0.06918283	0.0	
0.0	0.0	0.0	0.0	0.0114525305	0.0	0.00843708	0.0018121963	0.0	0.009517284	0.028248098	0.0	0.0	0.0020470934	0.013596119	0.0015330459	0.0030660918	0.0	0.0	0.0	0.0	0.009517284	0.007879045	0.0	0.030241892	0.001046272	0.007527137	0.0027132533	0.0	0.040125255	0.069988556	0.00412865	0.02400622	0.0	0.0	0.026918942	0.0052313604	0.0052313604	0.0	0.0	0.045856904	0.17232053	0.024293981	0.114431046	0.0070776856	0.03404478	0.0052313604	0.014155371	0.0074043446	1.0443544	0.05689112	0.0075317454	0.0	0.0	0.031131448	0.014155371	0.0061321836	0.057628296	0.018028595	0.04267114	0.056778528	0.04386758	0.0015330459	0.012770627	0.0	0.0052714576	0.0	0.0	0.0	0.0	0.0	0.0	0.0019163074	0.0052714576	0.0	0.0019163074	0.0	0.0	0.0	0.0	0.03974497	0.0026357288	0.06565237	0.08911399	0.0	0.019738968	0.00772654	0.06757862	0.0082573	0.0	0.0	0.010302054	0.0	0.001830976	0.0	0.0	0.0	0.0	0.039477937	0.039477937	0.0	0.027290806	0.05578527	0.0012946955	0.0019163074	0.015757492	0.0065893214	0.0036812848	0.0	6.5392005E-4	0.0	0.0	0.019738968	0.0	0.0046125255	0.0	0.0	0.0	0.0	0.033895906	0.010216502	0.008341133	0.14480397	0.0	0.0	0.0015330459	0.0	0.0	0.0015694081	0.0	0.0	0.0015694081	0.005625071	0.0	0.0	0.0015330459	0.0	0.051151466	0.0	0.003100861	0.0	0.0	0.010943033	0.0	0.0	0.028259002	0.0	0.0	0.0	0.0	0.0022995688	0.0	0.0	0.0	0.0	0.0	0.0	0.0052714576	0.0	0.0015330459	0.0	0.016027922	0.0	0.0	0.0	0.0	0.0	0.0	0.0	0.001046272	0.008284502	0.003953593	0.0	0.015382254	0.03404478	0.0011497844	0.0	0.0	0.0	0.0	0.0	0.020844968	0.0013591473	0.0	0.0	0.0046125255	0.03263069	0.0	0.0	0.0	0.059155338	0.0	0.0	0.0	0.0	0.0	0.0	0.0	0.002092544	0.0	0.0	0.0	0.04025091	0.0	
0.0015349599	0.0	0.0	0.0	0.033835597	0.0042254273	0.020329453	0.07016431	0.0	0.0077428217	0.026014134	0.0035188678	0.01546587	0.10291766	0.0030720637	0.0013092953	0.020010436	0.0	0.0	0.0028659273	0.012798157	0.017101837	0.019790038	0.0053844983	0.12695867	0.13938242	0.19652642	0.029266527	0.0	0.06627391	0.36425638	0.01291217	0.028389437	0.0	0.0	6.715449E-4	0.110483825	0.16522503	0.0025352563	0.0	0.03278264	0.06301498	0.21457572	0.1532321	0.0071779857	0.07990316	0.16522503	0.07566054	0.31142896	2.261613	0.23894708	0.105498806	0.0	0.0	0.13414207	0.027997216	0.005237181	0.27774397	0.033633187	0.1992029	0.0416231	0.1623496	0.046997864	0.07068809	0.0	0.0033364198	0.0027704288	0.0016901708	0.006766318	6.715449E-4	0.0	0.0030748073	0.0042325878	0.057735216	0.0	0.014586153	0.0016901708	0.019910688	0.009569018	3.8373997E-4	0.012657797	0.0196433	0.023401534	0.038748074	0.0020914797	0.0153803015	0.036748365	0.021627855	0.0017630332	0.0021127136	0.020837395	0.04023154	0.0	0.03602338	0.0	0.0	8.1403536E-4	0.0049153017	0.0323239	0.017714035	0.0	0.0607394	0.017416066	0.026227007	0.0016366191	0.01154859	0.0037731489	0.0031439948	0.0	0.22897476	0.0	0.0	0.0042145075	0.09048433	0.049837492	0.0	6.715449E-4	0.004099743	0.0	0.17404449	0.09287939	0.011263563	0.21087073	0.0	9.49708E-4	0.003947905	0.015698254	0.0	0.12443707	0.0	0.0040383735	0.12674648	0.09770566	0.06840927	0.0	0.04052392	0.0	0.033990733	0.005697885	0.012638151	0.0	0.018277077	0.046887603	0.0	0.0	5.7560997E-4	0.0	0.0	0.0	0.0011512199	0.028928502	0.0	4.7967496E-4	0.0	9.593499E-4	0.0	0.0	0.015615355	0.0	0.008621181	0.0	0.013448478	0.0073729525	0.0011512199	0.0	5.7560997E-4	0.0	0.0040383735	0.0011512199	0.019790038	0.06984373	0.013259449	0.011599403	6.6465716E-4	0.09145575	0.016083851	0.0	5.81575E-4	0.0	0.0040383735	0.0011512199	0.0044506523	0.024654573	0.03294543	0.0	0.0077985306	0.0	0.0	0.0	0.0	0.117887616	0.0	0.0	0.0	0.0	0.0026922491	0.03150808	0.0	0.02859414	0.006027332	0.0	0.028809868	0.061518505	0.0	
0.0017516305	0.0	0.0	0.0	0.12704669	0.0048218756	0.028767813	0.014830011	0.0	3.8316916E-4	0.003917214	0.07703865	0.0	0.009028308	0.016591469	0.0	0.0019287503	0.0	0.0	0.0	0.004577777	0.0013073474	0.002877089	0.06529626	0.008287158	0.010740743	0.059297156	0.05477495	0.0	0.05175868	0.043236963	0.018525552	0.10860531	0.0	0.0	0.030845148	0.0048218756	0.0	0.012272662	0.0	0.03885689	0.07191	0.06680625	0.10504733	0.006692173	0.017039256	0.0	0.06512917	0.049857926	0.083768286	0.8308415	0.049700003	0.0	0.0	0.053177748	0.08422373	0.0	1.0851151	0.037130617	0.24550392	0.024195964	0.083329804	0.33617467	0.018941646	0.0	0.003400727	0.0	0.0019287503	0.0	7.663383E-4	0.0	0.0026386727	5.4738455E-4	0.008157315	0.0	0.0017047905	0.0019287503	0.0	0.0	0.002877089	0.018716397	0.04740603	0.081910096	0.032183416	0.0023867066	0.042031996	0.016856985	0.029897014	0.0020118975	0.0024109378	0.0024109378	0.010475537	0.0	0.001083766	0.0	0.0	9.2894235E-4	0.005609131	0.009618831	0.3911439	0.0	0.03289608	0.018739434	0.043951873	0.0012507961	0.030831095	0.0035963613	0.009176858	0.0	0.026873535	0.0	0.0	0.121294305	0.009610137	0.112803936	0.0	7.663383E-4	0.0065268097	0.0	0.039755933	0.12055145	0.012853496	0.35833174	0.0	0.033103567	0.010522924	0.028354676	0.049317427	0.018923806	0.0	0.016747149	0.036444597	0.12254699	0.10151177	0.0	0.029050747	0.0	0.01606013	0.0	0.023348939	0.0	0.026754742	0.036479667	0.0	0.0	6.568614E-4	0.0	0.0	0.0050202073	0.0013137228	0.0018825778	0.0	5.4738455E-4	0.0	0.0010947691	0.036988076	0.0	0.007972968	7.504777E-4	4.379076E-4	0.0	0.07808483	0.008413697	0.0013137228	0.003697737	0.007652701	0.0	0.016747149	0.0013137228	4.379076E-4	0.033885214	0.16765381	0.0	0.01355849	0.0039420314	0.06925254	0.0	0.0039420314	0.0	0.016747149	0.0013137228	0.020303184	0.0022784641	0.0751362	0.0	0.062161025	0.022166379	0.0	0.0	0.0038221544	0.038649414	0.0	0.0	0.024658713	0.0	0.012260005	0.060838327	0.0033683882	0.0	0.051328305	0.0	0.1638116	0.04024403	0.0	
8.897293E-4	0.0	0.0	0.0	0.010906985	0.002449241	0.0035412298	0.080627166	0.0	1.9462829E-4	0.02651383	0.00820422	0.0014177505	0.03280648	0.033718646	0.004092377	0.038540848	0.0	0.0	0.029779308	0.006195783	8.5441035E-4	0.003255411	0.0	0.09374466	0.023115767	0.005606464	0.015680509	0.0	0.035846826	0.09448798	0.012524035	0.06150084	0.0	0.0	0.04283364	0.002449241	0.0	0.014292825	0.0	0.05171331	0.036526214	0.22089416	0.22793399	0.007569916	0.06490512	0.0	0.20275468	0.18181793	0.058720235	0.11731319	0.06489204	0.0	0.0	0.09883527	0.11352462	0.0	0.40250733	0.13394436	0.6017263	0.11692188	0.98745286	0.6028772	0.07811141	0.020293392	0.034744654	0.019306073	0.011805406	0.0	3.8925657E-4	0.0	0.02409867	2.7804042E-4	0.07790803	0.0	8.659374E-4	0.0038837097	0.0	8.4188866E-4	0.003635336	0.038472265	0.07526156	0.09403444	0.075419724	0.0012123124	0.008915089	0.036349785	0.021926546	0.0010219304	0.0012246205	0.0012246205	0.005320981	0.0014177505	0.005329443	0.0	0.0	0.05399712	0.0028491223	0.027701475	0.0980612	0.011498449	0.08657019	0.024559358	0.015669921	0.0041493196	0.0645063	0.011917054	0.013702584	0.0	0.06529956	0.0	0.0	0.040509135	0.018070646	0.09219873	0.0	0.00253289	0.009807169	0.0	0.1724189	0.036291827	0.014930001	0.15966377	0.0	0.022905648	0.0069563966	0.012193195	0.0	0.013758836	0.0	0.0	0.05049741	0.12053395	0.074289866	0.0	0.0042384304	0.0	0.043152172	0.009855815	0.014576956	0.013141086	0.107763365	0.032807186	0.0	0.006570543	3.3364847E-4	0.0	0.0	0.0	6.6729693E-4	0.011418777	0.0	0.0069346162	0.0012278081	0.0028843498	0.0034543825	0.0014177505	0.0044165337	0.007485734	0.0014473656	0.0	0.040421944	0.004273683	6.6729693E-4	0.006137042	0.007905138	0.0	0.009855815	6.6729693E-4	0.001407023	0.1104746	0.016027093	0.0	0.0059214183	0.010565779	0.030142276	0.0	3.371061E-4	0.0	0.009855815	6.6729693E-4	0.014109312	0.013936188	0.07941634	0.0	0.009865986	0.018307088	0.0	0.0	0.007765754	0.06114849	0.0	0.0014432376	0.0	0.0	0.0062126033	0.0059791743	0.0	0.0024162624	0.0016456678	0.0	0.07083291	0.12620713	0.0	
0.0047119786	0.0	0.0	0.0	0.08250118	0.0	0.043960277	0.014213804	0.006097225	0.004420487	0.035332598	0.07375717	0.033709608	0.065220304	0.074049085	0.033460926	0.03688134	0.0	0.0	0.06791667	0.054718904	0.0057691727	0.0401559	0.0	0.06752481	0.017851157	0.0043366854	0.001457694	0.0	0.043771587	0.00890738	0.12282474	0.045422893	0.0	0.0	0.01088914	0.0	0.0	0.0	0.0	0.22402717	0.0	0.026578823	0.043719474	0.0	0.0	0.0	0.0	0.028812744	0.0037171587	0.02375607	0.0061502643	0.0	0.0	0.0	0.0	0.0	0.019426197	0.0	0.05934542	0.28116298	0.07957608	0.06741517	0.1032356	0.15018438	0.59160084	0.06504431	0.011945733	0.046274114	0.0020614907	0.0	0.4636557	0.19385087	0.046636306	0.0	0.0121871075	0.053640306	0.0013715236	0.005776188	0.019016003	0.7879853	0.24230346	0.07664127	0.13399227	0.0	0.0215135	0.037540603	0.065941095	0.020119816	0.0	0.0	0.0	0.016893817	0.0966651	0.0	0.0020572855	0.17314053	0.11015224	0.0140207065	0.01064218	0.0067661596	0.13538204	0.08624047	0.043561235	0.01107891	0.20136562	0.04297351	0.06439009	0.0	0.0012752166	0.0	0.0	0.017577993	0.03265083	0.052898496	0.0	0.034429345	0.015249203	0.0	0.070198804	0.46157357	0.11938748	0.10223955	0.0	0.03967069	0.096570514	0.05523571	0.0	0.081016384	0.0	0.0	0.04892509	0.0721584	0.02013388	0.0027430472	0.010879098	0.0	0.007777958	0.005799565	0.1119698	0.0077327536	0.008894176	0.0550252	0.0	0.0038663768	0.001766992	0.0	0.0	0.0	0.003533984	0.020810915	0.0	0.050662056	0.044302817	0.053945575	0.0	0.016893817	0.04924454	0.10964805	0.08842165	0.0	0.14294867	0.003533984	0.014344263	0.0	0.06903358	0.0	0.005799565	0.003533984	0.0011779947	0.2569453	0.01053578	0.0	0.017931616	0.0675872	0.060573783	0.0	0.044189125	0.0	0.005799565	0.003533984	0.0033006785	0.09791343	0.032536045	0.0020572855	0.08904608	0.0	0.0	0.0024001664	0.0	0.124491185	0.0	0.0	0.0	0.0	0.0	0.0023559893	0.0	0.0	0.03922198	0.0	0.104973964	0.11219364	0.0	
0.0	0.0	0.0	0.0	0.03816751	0.0	0.0	0.0	0.0	0.0067117205	0.02301788	0.048691943	0.030474061	0.02139217	0.060448393	0.09797835	0.08294893	0.0	0.0	0.09973089	0.15480371	0.06798319	0.055268127	0.0	0.036263473	0.006040006	0.0023006431	0.009922808	0.0	0.05686765	0.04671548	0.0022055656	0.2356319	0.0	0.0	0.0061025983	0.0	0.0	0.0	0.0	0.13099635	0.0	0.01357957	0.067350194	0.0028764515	0.0	0.0	0.0	0.009862777	0.0	0.0057138866	0.0	0.0	0.0	0.0	0.0	0.0	0.0	0.0	0.057161886	0.09011415	0.09722564	0.056464184	0.043754853	0.5009061	0.19127856	0.5814956	0.35958368	0.6795524	0.0	0.07703435	0.2359459	0.008377892	0.003298082	0.0	0.04667663	0.10617416	0.0038352688	0.004411131	0.0067023137	0.0030512991	0.33947632	0.28724107	0.08349427	0.0	0.009093882	0.12343962	0.016334768	0.0	0.0	0.0	0.0	0.030474061	0.0	0.0	0.0	0.040012516	0.060145993	0.026300738	0.0069743977	0.012205197	0.06495051	0.011000113	0.07540175	0.00291512	0.11033913	0.05452501	0.088977784	0.0	0.008080351	0.0	0.0	0.04882151	0.03353299	0.1786438	0.0	0.018854862	0.03708835	0.0	0.03570549	0.093297705	0.0	0.013517653	0.0	0.0061025983	0.050522245	0.023840891	0.0	0.010053471	0.0	0.0	0.041587513	0.0030512991	0.007641929	0.0	0.0	0.0	0.0043589985	0.010461598	0.0076185153	0.013948795	0.018699257	0.17095362	0.0	0.0069743977	0.0	0.0	0.0	0.0	0.0	0.037539955	0.0	0.009523144	0.14676845	0.019046288	0.0	0.030474061	0.038792472	0.14629814	0.010774207	0.0	0.07797607	0.0	0.0	0.0	0.019189104	0.0	0.010461598	0.0	0.0	0.13780302	0.0	0.0	0.011979172	0.011506573	0.03574953	0.0	0.01016841	0.0	0.010461598	0.0	0.009705485	0.0057138866	0.034295954	0.0	0.0	0.0	0.0	0.0	0.0	0.034980223	0.0	0.0	0.0038352688	0.0	0.0	0.0	0.0	0.0	0.0019176344	0.0	0.023340635	0.2073447	0.0	
0.0	0.0	0.0	0.0	0.0049144467	0.017132478	0.007296061	0.0	0.0	0.0	0.0	0.0049144467	0.0	0.0	0.0042831195	0.0	0.0068529914	0.0	0.0	0.0056165103	0.0049144467	0.0027885567	0.003186922	0.0	0.011389565	0.032675628	0.01573734	0.001761919	0.0	0.024166372	0.040374752	0.016977314	0.039400224	0.0	0.0	0.049336277	0.017132478	0.0	0.010279488	0.0	0.061626032	0.06835282	0.03894838	0.026762981	0.0061272173	0.2637519	0.0	0.012254435	0.005139744	0.066812515	0.04054061	0.0	0.0	0.0	0.104461595	0.012254435	0.0	0.034283243	0.015607519	0.023841795	0.23838922	0.025897933	0.0026844437	0.024253305	0.0	0.037133466	0.0	0.0068529914	0.0	0.02277913	0.0	0.0042123827	0.0	0.0	0.0	0.006057246	0.0068529914	0.0	0.0	0.003186922	0.15983273	0.0059348647	0.049124893	1.469751	0.24365894	0.10285588	0.022280172	1.4128029	0.22976531	0.1314193	0.08545075	0.31262597	0.0	0.0	0.0	0.0	0.019524967	0.0068529914	0.120553076	0.07182358	0.04555826	0.26767185	0.14724517	0.0	0.0	0.02052665	0.0	0.0	0.0	0.0012585137	0.0	0.0	0.017088205	0.004845797	0.003123368	0.0	0.0	0.0056165103	0.0	0.7879205	0.78962445	1.3623486	1.2046673	0.0	0.0	0.0	0.0056165103	0.0	0.020782968	0.0	0.0	0.16776384	0.33881176	0.0021415597	0.0	0.0	0.0	0.035240196	0.0	0.019594371	0.0	0.07279201	0.0818298	0.0	0.0	0.0	0.0	0.0	0.0	0.039049935	0.0	0.0	0.0025170273	0.0	0.0	0.0	0.0	0.0034264957	0.0042123827	0.0	0.0	0.08592918	0.010279488	0.0	0.0	0.006760482	0.0	0.0	0.0	0.0	0.0	0.0	0.0	0.003186922	0.011389565	0.0	0.0	0.0027885567	0.0	0.0	0.0	0.0044592908	0.0	0.0	0.0	0.017145075	0.042288236	0.0	0.0	0.0	0.05452055	0.0	0.0	0.0	0.0	0.0	0.0	0.0	0.0	0.0056165103	0.0	0.001761919	0.2911254	0.0	
0.0	0.0	0.0	0.0	0.0	0.0	0.0	0.0033945646	0.0	0.0015136941	0.0	8.790243E-4	0.0	0.0	0.0	0.0	0.0	0.0	0.0	0.0	0.0016688948	0.0	0.0	0.0	8.790243E-4	0.01106466	0.0022833198	0.0011800868	0.0	0.019787854	0.03443031	0.0120623475	0.032261603	0.0	0.0	0.044139482	0.0	0.0	0.0	0.0	0.04224057	0.055968504	0.027731592	0.058420796	0.101081274	0.11564851	0.0	0.029890327	0.0016485525	0.014503551	0.01484089	0.0	0.0	0.0	0.0991273	0.010034148	0.0	0.10602168	0.012779714	0.03344762	0.07669908	0.055628058	0.00219807	0.004180895	0.0	0.0017400167	0.0020091983	0.0	0.008236445	0.0	0.0	7.534494E-4	0.001255749	0.0	0.0	0.0	0.0020091983	0.0	0.0	0.0010045992	0.012243111	5.022996E-4	0.07593041	1.8114166	0.9238567	0.41386038	0.14858885	0.91628	1.0869817	0.34454662	0.06305641	0.007302693	0.0	0.0	0.0	0.005189808	0.0	0.009413079	0.13750401	0.027984252	0.0	0.34401232	0.04860605	0.0	0.0	0.0022820916	0.0	0.0010045992	0.0	0.0010812101	0.0	0.0	0.030537698	0.021582944	8.790243E-4	0.0	0.0	0.0	0.0	0.27657276	0.21974465	0.21056436	0.30219138	0.0	0.0	0.0	0.0	0.0	0.0015068988	0.0	0.0	0.1716935	0.10015454	0.0	0.0	0.0	0.0	0.031528205	0.0	0.0	0.0	0.11682262	0.08177585	0.0	0.0	0.0	0.0	0.0	0.0	0.0	0.0	0.0	0.0	0.0	0.0	0.0	0.0	0.0013486706	0.0010655383	0.0	0.0	0.011055227	0.0	0.0	0.0	0.0	0.0	0.0	0.0	0.0017299361	0.011176781	0.0014456577	0.0	0.0013486706	0.0	0.0016485525	0.0	0.0016688948	0.0	0.0	0.0	0.0036513465	0.0	0.0011800868	0.0	0.0	0.037833843	0.0	0.0	0.0	0.015145944	0.0	0.0	0.0	0.0	0.0	0.0	0.0	0.0	0.0	0.0	0.0	0.12252803	0.0	
5.676563E-4	0.0	0.0	0.0	0.0019331364	0.056255054	1.8435178E-4	0.0017228194	0.0	0.007858104	0.001579765	2.1507709E-4	0.0057195616	3.512194E-4	0.017649472	0.0	0.022502022	0.0	0.0	0.010759984	0.010143741	0.007101244	0.011939199	0.0	2.4834965E-4	0.03953517	1.2417483E-4	0.0013033596	0.0021763204	0.01197207	0.02715628	0.0011487012	0.03598558	0.0	0.0011233178	0.06773956	0.056255054	0.0071494523	0.033753034	0.0	0.036422264	0.02548413	0.05663304	0.03489351	0.28843942	0.25309446	0.0071494523	0.00978766	0.060461443	0.063551664	0.06809899	2.5087103E-4	0.0	0.0011233178	0.23218174	0.0011177176	0.0	0.37490958	0.012811948	0.08145558	0.034290016	0.031178905	0.0073449733	0.0040355455	0.0	0.0019429933	0.001717694	0.036537364	0.007610342	2.4834965E-4	0.0	0.0012111919	0.0022817848	0.0018724395	0.0	0.029632159	0.037043553	0.0028597808	0.008256907	0.0018254278	0.0075891907	0.029212942	0.034841232	1.5040201	2.3160076	1.7427853	1.098262	1.6993055	1.518832	1.5573398	0.7420889	0.22550982	0.0	3.512194E-4	0.0	0.009249597	3.0104522E-4	0.028239153	0.04601922	0.06935853	0.0	0.928957	0.048363596	0.0058930404	7.020736E-4	0.01670874	1.7739259E-4	0.0	0.0	0.02281924	0.0	0.0	0.017228892	0.020283839	0.0	0.0	2.4834965E-4	2.458024E-4	0.0	0.6136618	0.36466324	0.42912304	0.5444493	0.0	3.512194E-4	0.0022092988	3.1732954E-4	0.0	3.0104522E-4	0.0	0.0	0.37331352	0.19725507	0.0136032775	0.0	2.0069681E-4	0.0014041472	0.048385404	0.0	1.4191408E-4	0.0	0.12457456	0.1876816	0.0	0.0011233178	2.1287112E-4	0.0	0.0	0.0	4.2574224E-4	0.0	0.0	1.7739259E-4	0.0014692873	3.5478518E-4	0.0	0.0	0.02072091	0.0	0.0037429594	0.0	0.036233734	0.042358737	4.2574224E-4	0.0	0.002110719	0.0	0.0	4.2574224E-4	0.005050541	2.3799716E-4	0.0012682307	0.0042896713	0.0016149225	2.1507709E-4	2.1287112E-4	0.0	0.0022849306	0.0	0.0	4.2574224E-4	0.007127377	1.0643556E-4	0.0012312527	0.0	0.0014130572	0.0372147	0.0	0.0	0.0	0.006231724	0.0	0.0	0.0	0.0	0.0	2.8382815E-4	0.0	0.0	0.0015247114	0.0	0.0017766838	0.24158205	0.0	
0.0680923	0.0	0.0	0.0	0.054648116	0.0	0.04462774	0.08364078	0.0	0.0032928847	0.03918818	0.08481096	0.079678684	0.4009755	0.13628261	0.053771794	0.12602182	0.0	0.0	0.12170853	0.09842011	0.009560706	0.19939059	0.0	0.106490806	0.019681323	0.026228754	0.027633797	0.0	0.18906663	0.022600261	0.17279117	0.15734175	0.0	0.0	0.013584493	0.004868397	0.004868397	0.004280039	0.0	0.17126645	0.0	0.19931224	0.14299656	0.0	0.0017039388	0.004868397	0.0	0.07893815	0.010294937	0.07919492	0.08748357	0.0	0.0	0.0020654858	0.0	0.01720146	0.0606154	0.0	0.113108166	0.03886639	0.18942344	0.12656555	0.37996742	0.037591413	0.10332296	0.021480808	0.016961155	0.0028960842	0.019664159	0.0	0.37696013	0.076173134	0.026466552	0.0	0.0014645219	0.0	0.0	0.0020503306	0.011859958	0.20386879	0.13667397	0.052384235	0.034710497	0.0	0.024901278	0.026521627	0.010359473	0.0	0.0	0.0	0.0	0.1366464	1.2922355	0.0	0.0046642004	1.0146518	0.0075265933	0.010100721	0.0013724193	0.015686601	0.09441312	0.037622206	0.22546378	0.0055706543	0.17262632	0.11298437	0.08842324	0.0	0.05771172	0.0	0.0	0.0059146807	0.025029788	0.0052470895	0.0	0.13364549	0.038701363	0.0	0.07853358	0.12494378	0.031925395	0.15426908	0.0076258746	0.11810809	0.15101461	0.111218035	0.0	0.016486285	0.0	0.0	0.13624251	0.060990185	0.037125733	0.006218934	0.035746817	0.0	0.020735204	0.002058629	0.10985988	0.0027448386	0.0071922885	0.13694844	0.0	0.0013724193	0.005644945	0.0	0.0	0.0	0.033709988	0.01781603	0.0	0.26015437	0.08589337	0.27332056	0.0	0.023986693	0.10415372	0.03089451	0.087968536	0.0076258746	0.13185963	0.01128989	0.01128989	0.0	0.011643852	0.0	0.002058629	0.01128989	0.008912446	0.22510955	0.023187794	0.0	0.0114358	0.07952971	0.1216039	0.0	0.025624143	0.0	0.002058629	0.01128989	0.0099654	0.24700333	0.06869586	0.0046642004	0.018487724	0.0	0.0	0.005441567	0.0	0.14611444	0.0	0.0	0.0	0.0	0.0	0.021448895	0.0	0.01297924	0.019621091	0.0	0.2365979	0.10013138	0.0	
0.0013644402	0.0	0.0	0.0	0.008203986	0.0037560218	4.4311496E-4	0.004762549	0.0	0.007359896	0.0022687323	0.11427255	0.002174185	0.01542532	0.09032083	9.414497E-4	0.029741213	0.0	0.0	0.008891668	0.018427877	0.0022291057	0.025754634	0.0	0.07670336	0.046752837	2.9847128E-4	0.011613112	0.0	0.06468046	0.029957833	0.0027610618	0.0806583	0.0	0.0	0.014143365	0.0037560218	0.0	0.0022536132	0.0	0.17757657	0.014985261	0.0298194	0.072914906	0.0013432942	0.0013146077	0.0	0.0026865883	0.042771403	0.021592956	0.09683227	0.023360087	0.0	0.0	0.0011268066	0.0026865883	0.0	0.07758312	0.0034216982	0.047235914	0.109709084	0.05619902	0.16348802	0.017867565	0.031120837	0.13770065	0.032988206	0.031860437	0.028762301	0.0151080545	0.0	0.029753549	0.033498116	0.0039192787	0.0	0.026888734	0.027325664	0.006354399	0.0	0.038113564	0.1781458	0.13582827	0.27512336	0.32312825	0.0018591359	0.057642672	0.22746606	0.086307414	0.014786479	0.0018780109	0.0018780109	0.008159965	0.05383823	8.4420433E-4	0.0	0.009531599	0.08235004	0.6291129	0.5536476	0.76221746	0.23201549	0.21113914	0.05357152	0.07751659	0.0	0.17767309	0.017862301	0.025006883	0.0	0.0027616862	0.0	0.0	0.050886985	0.036622718	0.047377285	0.0	0.016186947	0.028840834	0.0	0.05196044	0.22875382	0.06865125	0.33742335	0.0	0.082261264	0.03861995	0.002612583	0.017003456	0.018881436	0.0	0.0	0.050880384	0.10617056	0.035391115	0.012708798	0.026796848	0.0	0.010102405	0.015114339	0.017747493	0.020152451	0.00890621	0.08527626	0.0	0.010076226	5.116651E-4	0.0	0.0	0.0	0.025899524	0.017511213	0.0	0.045454286	0.009347494	0.017100602	0.012752593	0.002174185	0.12757735	0.030817522	0.002219601	0.0	0.09641934	0.006553887	0.0010233301	0.0	0.012122886	0.0	0.015114339	0.0010233301	0.011785276	0.10031097	0.011099439	0.0	0.056804027	0.04505028	0.08240965	0.0	0.0046086344	0.0	0.015114339	0.0010233301	0.020531088	0.018495176	0.08948096	0.009531599	0.027424553	0.0	0.0	0.011120199	0.0	0.1585957	0.0	0.0	0.036704734	0.0	0.0	0.014799252	0.0026238207	0.0	0.027526114	0.0	0.059879452	0.068495974	0.0	
0.01929278	0.0	0.0	0.0	0.021593276	0.0	0.006265514	0.12345313	0.0	0.0042202957	0.02244486	0.007309766	0.0	0.09342325	0.016464056	0.0	0.0039576343	0.0	0.0	0.0087915035	0.0059683993	0.005905342	0.023181494	0.0	0.34789863	0.049723253	0.041511193	0.052497614	0.0	0.042397894	0.103592634	0.03493106	0.02170365	0.0	0.0	0.043102358	0.031587653	0.031587653	0.002232579	0.0	0.027542269	0.0	0.15104297	0.17398801	0.0011162895	0.09943014	0.031587653	0.021568485	0.13538645	0.06222972	0.117988825	0.084884	0.0	0.0	0.06983622	0.021568485	0.0	0.09114128	0.02516323	0.1842742	0.04030902	0.12942119	0.06787507	0.055844408	0.00692586	0.078881525	0.0039576343	0.0	0.008351415	0.02035812	0.0090053985	0.020135805	0.019668072	0.025216078	0.0	0.0	0.0	0.0	0.0	0.014215546	0.11302856	0.025410134	0.001731465	0.17075141	0.0031590746	0.016712837	0.011722653	0.08321548	0.0031590746	0.00330838	0.00330838	0.002646704	0.0	0.097606204	0.0	0.0	0.040062837	0.00964639	0.01512047	0.0039576343	0.022157643	0.058581747	0.021118207	0.0874349	0.002894383	0.048783846	0.006028994	0.0067489627	0.0	0.089612655	0.0	0.0	0.007880158	0.022428071	0.028623668	0.009121686	0.008440591	0.08751105	0.006549241	1.2021654	0.20760244	0.14652333	0.21328478	0.0	0.055357784	0.008354018	0.032789648	0.0	0.099805	0.0	0.0	0.09238159	0.1655708	0.04959446	0.0	0.020128585	0.0	0.11303916	0.0059364513	0.06012834	0.007915269	0.058924794	0.031997908	0.0	0.011368335	0.015833346	0.0	0.0	0.0	0.03489963	0.004197705	0.0	0.006028994	0.0041607586	0.012057988	0.0	0.008321517	0.0054593026	0.016982216	0.025148954	0.0	0.05497992	0.014469584	0.014469584	0.0	0.088948466	0.0	0.017052505	0.014469584	0.040288005	0.19049877	0.025697755	0.0	0.01846748	0.14708725	0.03808906	0.0	0.023491772	0.0	0.017052505	0.014469584	0.0038557812	0.10872687	0.026932586	0.0	0.0300134	0.013377867	0.0	0.0	0.011663775	0.07932561	0.0	0.0	0.0	0.0	0.0093310205	0.00964639	0.0	0.0126350615	0.006821028	0.0	0.033111528	0.08630602	0.0	
0.0	0.0	0.0	0.0	0.0	0.008736572	5.7035615E-4	0.088153586	0.0	5.340171E-4	9.817543E-4	0.0	0.00799438	0.05783763	0.0044969167	0.0016251457	0.02944128	0.0	0.0025813414	3.255205E-4	0.0042252075	5.340171E-4	0.04010027	0.0	0.20428233	0.19421178	0.0997493	0.0075812754	0.0	0.052309398	0.11643924	0.0035150233	3.255205E-4	0.0	0.016338024	0.01040206	0.22843836	0.2347204	0.005241943	0.033882547	0.004352846	0.0	0.20758164	0.07967427	0.0011775679	0.13943958	0.2347204	0.005995785	0.1600012	0.13691609	0.15119354	0.052256756	0.0	0.0015700904	0.16183174	0.02541191	0.0	0.21720928	0.0	0.11958403	0.0058616833	0.06434629	0.0049510156	0.036951106	0.0011393217	0.004171002	6.51041E-4	0.003494629	0.0034975412	0.014823613	0.0	8.509837E-4	0.0	0.0	0.0	0.003088845	0.003494629	0.00399719	0.037071697	0.0	2.8483043E-4	0.017400315	2.8483043E-4	0.03595328	0.010608062	0.0060617495	0.05843576	0.017875623	0.0	0.013083273	0.052931685	0.035195373	0.0	0.051731553	0.0	0.0	4.8828073E-4	0.003494629	0.008757917	0.048272677	0.0011393217	0.02727889	0.0	0.060936894	0.0	3.523863E-4	0.0	0.0013884102	0.0	0.07622795	0.0	0.0	0.021319618	0.0062959194	0.007448617	0.019379588	0.0	0.08873251	0.0	1.2134333	0.1882849	0.011164111	0.1930945	0.0	0.0053408355	0.0	0.0	0.0	0.08564843	0.0	0.011781053	0.30488655	0.14825562	0.042833254	0.0	7.3752616E-4	0.0019626128	0.1237506	0.018244594	0.0031029743	0.010133618	0.0107507305	0.02773571	0.0	0.024388194	0.0018006489	0.0	0.0029501047	0.0	0.0	6.905332E-4	0.019635085	0.0	0.0	0.0	0.0	0.0	0.015366936	0.0041667228	6.103053E-4	0.0	0.01709706	0.005241943	0.0	0.0019856286	0.003331697	0.0	9.7656145E-4	0.0	0.0565862	0.15150772	0.018319225	0.005995785	0.002704702	0.09372959	0.015383533	0.02541191	0.0	0.0	9.7656145E-4	0.0	7.850452E-4	0.038400717	0.007650203	0.0	0.0055988007	0.006213635	0.0	0.0	0.0030010815	0.18261984	0.0	0.0	0.0	0.0	0.0	0.00226929	0.0	0.059121773	0.0010268305	0.0	0.0023666143	0.084506296	0.0	
0.02238802	0.0	0.0	0.0	0.0024742421	0.01797658	0.04124698	0.09464353	0.0	0.0014285044	0.0028277051	0.0024742421	0.004112357	0.10922942	0.04045425	0.0033439386	0.03807054	0.0	0.0	0.006028189	0.042453583	0.0	0.06060155	0.0	0.1717404	0.16451062	0.13840121	0.020444414	0.0	0.1553794	0.108949505	0.010445037	0.023250388	0.0	0.0032306558	0.046630632	0.16797695	0.120741576	0.0107859485	0.0	0.06059022	0.0	0.31061652	0.08449423	0.002422992	0.12678012	0.120741576	0.0030842677	0.31713757	0.11573682	0.25438777	0.1394736	0.0	0.0032306558	0.15738943	0.0	0.004197521	0.2347328	0.0	0.18321401	0.03993565	0.12971227	0.103476174	0.049588375	0.02109866	0.044040352	0.012056378	0.007190632	0.0017991562	0.0028570087	0.0	0.018725518	0.0020407205	0.008258658	0.0	0.020096159	0.007190632	0.0020561784	0.002544391	0.0016325763	0.02034409	0.11521922	0.005274665	0.13719377	0.07915091	0.040227395	0.097248934	0.07646055	0.01710876	0.00898829	0.04441075	0.02397726	0.0	0.07889034	0.0	0.0	0.023728516	0.02091157	0.059826355	0.13276704	0.05524392	0.13385075	0.007824073	0.18081312	0.0	0.04458234	0.0069962563	0.0	0.0	0.10483921	0.0	0.0	0.016904851	0.03386414	0.0021612842	0.012350195	0.0028570087	0.08178349	0.0	0.4296035	0.24550997	0.07009034	0.57219815	0.0	0.08186947	0.021853127	0.008623968	0.0	0.06665967	0.0	0.0	1.1697782	0.3388941	0.0475173	0.0	0.008838425	0.00403832	0.12271563	0.08266148	0.0082586575	0.06313591	0.11096415	0.22110043	0.0	0.028997796	0.0024488645	0.0	0.0	0.0	0.004897729	0.012787718	0.0	0.019892497	0.0	0.004081441	0.0	0.0	0.021183144	0.0016626122	0.01830961	0.0	0.035443768	0.031367354	0.004897729	0.0	0.039969113	0.0	0.018084567	0.004897729	0.027707174	0.15709007	0.0071940324	0.0030842677	0.017116245	0.12099582	0.06423285	0.0	0.0024742421	0.0	0.018084567	0.004897729	0.030597972	0.08541389	0.022145785	0.0	0.007951598	0.0	0.0	0.0	0.0	0.26567242	0.0	0.0	0.0	0.0	0.0	0.0032651527	0.0	0.030412594	0.006611358	0.0	0.038586628	0.09258666	0.0	
0.14713044	0.0	0.0	0.0	0.017969444	0.0	0.13156429	0.056940146	0.0	0.0017466467	0.020536507	0.0030252808	0.0	0.06843545	0.0024952095	0.00681079	0.01362158	0.0	0.0	0.0	0.09135905	0.0030564368	0.017613916	0.0	0.07373741	0.019267596	0.04612139	0.0024701313	0.0	0.101102985	0.01890547	0.09645505	0.03678261	0.0	0.0	0.0034932934	0.0	0.0	0.0	0.0	0.041644838	0.0	0.0638047	0.052018464	0.0	0.0	0.0	0.0	0.084422186	0.12626444	0.068472505	0.13706392	0.0	0.0	0.0	0.0	0.20490591	0.029462542	0.0	0.0039923354	0.0024952095	0.0030252808	0.052710157	0.04597826	0.0	0.0028230073	0.0	0.0	0.0	0.0034932934	0.0	0.040441375	0.022017395	0.0019961677	0.0	0.008513488	0.0	0.0	0.0	0.0019961677	0.032184787	0.0546875	0.0	0.0017643796	0.0	0.019267596	0.0014971257	0.0014971257	0.0	0.0	0.0	0.0	0.0	0.09103232	0.0	0.0	0.016590664	0.0039923354	0.0	0.0	0.0	0.02138598	0.038274713	0.03978003	0.008513488	0.0017643796	0.04597826	0.0	0.0	0.09155016	0.0	0.0	0.0	0.0034574638	0.0	0.0	0.023321	0.0034574638	0.013776048	0.020680167	0.0028230073	0.0024952095	0.068158865	0.04575458	0.06871048	0.020536507	0.044184808	0.0	0.028901393	0.0	0.0	0.29097566	0.91115755	0.06877485	0.0	0.090478465	0.0	0.16704726	0.007409922	0.013326287	0.0	0.030709863	0.08634819	0.0	0.0	0.0029942514	0.0	0.0	0.0	0.005988503	0.010216185	0.0	0.04597826	0.0	0.004990419	0.0	0.0	0.0	0.0	0.10880787	0.009101244	0.007904343	0.005988503	0.005988503	0.0	0.0029942514	0.0	0.0	0.005988503	0.0019961677	0.03423843	0.0029942514	0.0	0.0034574638	0.043915194	0.07283795	0.0	0.0030252808	0.0	0.0	0.005988503	0.020529406	0.1541563	0.07909663	0.0	0.0030252808	0.0	0.0	0.0	0.030201416	0.17119315	0.0	0.0	0.0	0.0	0.0	0.0039923354	0.0	0.0	0.03926313	0.0	0.115507975	0.004779673	0.0	
0.003160593	0.0	0.0	0.0	0.037904833	0.0	0.017795376	0.07288019	0.0	0.016167872	0.032340597	0.007536353	0.0	0.083624944	9.876854E-4	0.0	0.0048622605	0.0	0.0	0.0	0.006209995	0.013933177	0.010163606	0.0	0.092893	0.051629696	0.022364844	0.13627721	0.0	7.901483E-4	0.017786311	0.119871415	0.018303098	0.0	0.0	0.0013827594	0.0	0.0	0.005851949	0.0	0.015636008	0.0	0.033941165	0.016497653	0.0029259745	0.0034136372	0.0	0.005851949	0.086310156	0.076864704	0.0199123	0.001396798	0.0	0.0	0.0029259745	0.005851949	0.0	0.035623148	0.0068272743	0.009917842	9.876854E-4	0.009222283	0.007097568	9.876854E-4	0.0	0.03351589	0.0	0.0	0.0	0.0013827594	0.0	0.006459731	9.876854E-4	0.005481596	0.0	0.0	0.0	0.0	0.0	7.901483E-4	0.0065241028	0.013331436	0.0	6.98399E-4	0.0	0.0011174383	5.9261115E-4	0.004831917	0.0	0.0	0.0	0.0	0.0	0.014193722	0.0	0.0	0.014160022	0.0015802965	0.0	0.0	0.0	0.0011975048	0.008785435	0.010230929	0.0	6.98399E-4	9.876854E-4	0.0	0.0	0.017603518	0.0	0.0	0.0042916546	0.09815942	0.007668115	0.0	0.021851053	0.0013685769	0.021812038	0.044098273	0.0011174383	9.876854E-4	0.0053228526	0.072444625	0.001955517	0.028183213	0.056447733	0.0	0.0583963	0.0	0.0	0.042665865	0.025751527	1.3077003	0.0	0.038930867	0.0	9.876854E-4	0.011732355	0.04418905	0.0	0.19164458	0.070158176	0.0	0.004745948	0.009489367	0.0	0.0	0.0	0.0023704446	0.067031525	0.0	9.876854E-4	0.0	0.0019753708	0.0	0.0	0.002372974	0.0	0.062214736	0.014410276	0.04094997	0.0023704446	0.0023704446	0.0	0.0011852223	0.0	0.007118922	0.0023704446	7.901483E-4	0.0348634	0.06654971	0.0	0.0013685769	0.073625654	0.13299009	0.0	0.0011975048	0.0	0.007118922	0.0023704446	0.0	0.014272575	0.12798822	0.0	0.017686246	0.012970871	0.0	0.0	0.26601133	0.101122394	0.0	0.0	0.0	0.0	0.20086567	0.0015802965	0.0	0.0	0.016736846	0.0	0.008699506	0.034490995	0.0	
0.0092432555	0.0	0.006627007	0.0	0.010866385	0.0035625931	0.027113726	0.010305226	0.007952408	0.0038049945	0.004774509	0.05276537	0.021589	0.04328459	0.062935606	0.019821486	0.0673953	0.0	0.0	0.052231215	0.06416413	0.027068775	0.046528053	0.0	0.057849705	0.047960237	2.8310055E-4	0.010700497	0.0	0.05619166	0.022797378	0.037897132	0.0677969	0.0	0.0	0.007273705	0.0035625931	0.0	0.002137556	0.0	0.058661513	0.0	0.052760158	0.022362152	0.0	0.0012469076	0.0	0.0	0.041930746	0.006598245	0.040793978	0.0047459733	0.0	0.0	0.001068778	0.0	0.0033274537	0.02321478	0.0	0.027150936	0.03223401	0.07424066	0.053249545	0.067627855	0.029302465	0.044514865	0.016744265	0.03217173	0.0	5.662011E-4	0.0	0.092331395	0.00874478	0.0021830352	0.0	0.0012595669	0.0014250373	0.0	0.0026865609	0.004348565	0.01306071	0.13065499	0.015819263	0.015842155	0.0017633936	0.025665537	0.04226527	0.016364302	0.0	0.0017812966	0.0017812966	0.002015307	0.008248873	0.005718973	0.0	0.0	0.14921114	0.0134343235	0.00600715	0.023819475	0.0074334685	0.02222277	3.235435E-4	0.07651468	0.0021266087	0.04090856	0.045870375	0.019881051	0.0	0.011135531	0.0	0.0	0.018721841	0.058113035	0.0018044409	0.0	0.017848082	0.035918083	0.0	0.018697176	0.022217851	0.01193226	0.05562893	0.0	0.01645943	0.051827587	0.030334195	0.0	0.024528129	0.0	0.0	0.08069805	0.06286857	0.084793516	0.0	0.029177232	0.0	0.0051955036	0.023969524	0.040271625	0.008495392	0.054580558	0.4535119	0.0	0.004247696	4.8531522E-4	0.0	0.0	0.0	9.7063044E-4	0.086687915	0.009790232	0.77334374	0.037098125	0.025576444	0.0	0.008248873	0.077861324	0.06677801	0.07047312	0.0	0.19788091	0.006216373	0.0085647125	0.0	0.017523872	0.0	0.006371544	9.7063044E-4	0.0096834665	0.30048802	0.021455051	0.0	0.0048669535	0.07581071	0.066530526	0.0	0.009508666	0.0	0.006371544	9.7063044E-4	0.020979654	0.03134473	0.21838936	0.0	0.011037902	0.0	0.0	0.0	0.0040033907	0.09680214	0.0	0.005874139	0.0	0.0	0.0030703552	6.47087E-4	0.0	0.0	0.052913804	0.0	0.042901892	0.10120335	0.0	
0.0023951824	0.0	0.0	0.0	0.013448518	0.0	0.0043030004	0.011114873	0.0	5.2394613E-4	0.0010371443	0.029527647	0.0	0.0040874644	0.0020439986	0.0	0.004407915	0.0	0.0	0.0038904306	0.003007567	0.012045927	0.009565075	0.0	0.029098524	0.007019529	0.020929921	7.4097177E-4	0.0	0.013201957	0.019981947	0.0034363877	0.010397918	0.0	0.02084438	0.015137541	0.0	0.0	0.0	0.0	0.0052398997	0.0	0.043373033	0.0020072428	0.0035548152	0.0049721315	0.0	0.0	0.043936558	0.0049933787	0.01836233	0.001058531	0.0	0.02084438	0.004261827	0.0	0.0	0.02131857	0.0	0.009700336	0.006178353	0.0066217417	0.0053244545	7.4849447E-4	8.598396E-4	0.0023125203	0.012828112	0.0	0.0	0.0010478923	0.0	0.0068425266	0.00723625	0.0030291069	0.0	0.0	0.002590164	0.0	0.007128689	0.0037877553	0.013760697	0.01826919	0.002344675	0.015718494	0.004147284	0.0064334027	0.0048538744	0.017410127	0.0	0.0	0.005924692	0.0	0.0	0.0014819435	0.0	0.0	0.003010864	0.0011975912	6.9485535E-4	4.913369E-4	8.598396E-4	0.0066217417	0.016716199	0.02722263	0.0	0.045556385	7.4849447E-4	0.0075928983	0.0	0.008705675	0.0	0.0	0.04770177	0.008532461	0.014125604	0.0	0.0010478923	0.020255413	0.0	0.07255771	0.0023125203	7.4849447E-4	0.008959745	0.0	0.0035126747	0.021506697	0.004139335	0.0	0.004337061	0.0	0.008891094	0.002058186	0.011668553	0.037783355	0.0	0.0077109253	0.026055472	0.030122967	7.3700544E-4	0.019972475	9.826738E-4	0.0058818553	0.0054572946	0.0	0.02851216	0.01032004	0.0	0.0	0.0	0.028387394	5.211415E-4	0.014818489	7.4849447E-4	0.0	0.0014969889	0.0	0.0	0.0048344424	0.0057307426	0.011153846	0.0	0.19167534	0.017367002	0.05927822	0.4329425	0.8298467	0.0	7.3700544E-4	0.017367002	0.35786963	0.0469452	0.07345607	0.0068871137	0.24256618	0.18448466	0.061362974	0.0068871137	0.097386695	0.0	7.3700544E-4	0.017367002	0.13524559	0.06601596	0.009990287	0.0	0.07159376	0.004261827	0.0	0.0	0.0	0.009472807	0.0	0.003885246	0.0	0.0	0.0	0.0069342474	0.0	0.0	0.008601049	0.0	0.0020061317	0.01957076	0.0	
0.003516699	0.0	0.0	0.0	0.006131987	0.0	0.0011420815	0.029589614	0.018202208	0.01033943	0.039415065	0.06266116	0.0056037293	0.023744779	0.025883313	0.002426486	0.0028018646	0.0	0.0	0.009994977	0.017501133	0.036822103	0.028687589	0.0	0.17642976	0.06007657	0.011017331	0.0010879233	0.0	0.034016687	0.037546087	0.025283966	0.004560214	0.0	0.0	0.0015385557	0.010236116	0.010236116	0.0	0.0	0.0056093507	0.0	0.05376352	0.029080559	0.0	0.0035826406	0.010236116	0.0	0.022543559	0.0654883	0.03234878	0.010346379	0.0	0.0	0.0043428163	0.0	0.0	0.020525103	0.0	0.037135277	0.054630768	0.04728984	0.023668388	0.05190977	0.0049032634	0.017409604	0.0028018646	0.003962435	0.0	0.0015385557	0.0	0.046263337	0.010624541	0.0234277	0.0	0.0	0.0	0.0	0.0	8.7917474E-4	0.0060511813	0.0532075	0.020605452	0.011795673	0.0	0.009679794	0.027904546	0.014180365	0.0	0.0	0.0	0.0	0.0056037293	0.011516974	0.0	0.0	0.046515323	0.0017583495	0.0	0.0	0.0	0.006131987	0.02239887	0.03252984	0.0	0.049615234	0.020396382	0.002426486	0.0	0.01823218	0.0	0.0	0.0	0.02182537	0.006964257	0.0	0.010011372	0.03975406	0.0	0.074617885	0.043035597	0.0010989684	0.022285677	0.0	0.0021758466	0.007007985	0.006733653	0.0	0.030992042	0.0	0.0	0.03991427	0.036702912	0.07100194	0.0	0.009679794	0.0	0.009435964	0.013054246	0.03488492	0.0	0.005439269	0.062109437	0.0	0.0	0.0013187621	0.0	0.0	0.0	0.0026375242	0.0021013985	0.0	0.06169124	0.004852972	0.011400535	0.0	0.0056037293	0.009119721	0.009645005	0.040225495	0.0	0.05754309	0.025498899	0.029325884	0.0	0.0013187621	0.0	0.0	0.025498899	0.051091973	0.83864963	0.12768458	0.010111925	0.04562081	0.17399836	0.0798047	0.010111925	0.032215394	0.0	0.0	0.025498899	0.11089392	0.062159088	0.11076611	0.0	0.040181864	0.0	0.0	0.0	0.0	0.11754702	0.0	0.0	0.0	0.0	0.0	0.0017583495	0.0	0.0040944465	0.012544822	0.0	0.016664969	0.0045872834	0.0	
0.0023049288	0.0	0.0	0.0	0.025222544	0.0	7.4854755E-4	0.019121617	0.0	0.00677671	0.05325525	0.028428437	0.0036728187	0.011832423	0.0054165237	0.0015903771	0.0018364093	0.0	0.0	0.035179157	0.097800344	0.073012665	0.027384492	0.0	0.010904876	8.149154E-4	5.042032E-4	0.0571267	0.0	0.0037495391	0.016210174	0.016571717	0.030938175	0.0	0.0	0.0010084064	0.0	0.0	0.004267657	0.0	0.013278781	0.0	0.022853144	0.025256459	0.0021338286	0.010506208	0.0	0.01801064	0.028977063	0.014314327	0.036262233	0.008875516	0.0	0.0	0.00900532	0.01801064	0.0	0.015370948	0.021012416	0.029079575	0.021742407	0.083088025	0.047873203	0.014046865	0.0032137164	0.031358175	0.0018364093	0.045231868	0.004269997	0.0010084064	0.0	0.004251709	0.00696358	0.10491445	0.0	0.004970902	0.0	0.0	0.0	5.762322E-4	5.042032E-4	0.049205884	0.019507676	0.0229013	0.0	0.009583275	0.023147667	0.0036609443	0.0	0.0	0.0	0.0	0.0036728187	0.001426102	0.0	0.0	0.0063403584	0.012064923	0.007953444	0.0	0.0	0.016467473	0.006406963	0.011009452	0.0	0.058387816	0.004686924	0.0015903771	0.0	0.04348739	0.0	0.0	0.0	0.11837771	0.012007047	0.0	0.0065616937	9.980635E-4	0.0	0.021644808	0.0034662404	7.202903E-4	6.111866E-4	0.0	0.001426102	0.004593202	0.044551704	0.0	0.0067124036	0.0	0.0	0.013582481	0.027110377	0.03618576	0.0	0.0044749356	0.0	7.202903E-4	0.0	0.010076503	0.0	0.016342236	0.004209262	0.0	0.0	8.643484E-4	0.0	0.0	0.0	0.0017286967	0.001377307	0.0	0.01796479	0.0031807541	0.007472184	0.0	0.0036728187	0.0074770716	0.023176126	0.094959	0.0	0.088388935	0.016712591	0.019220889	0.0	8.643484E-4	0.0	0.0	0.016712591	0.021089783	0.15045165	0.3789229	0.0066275983	0.04962796	0.015315594	0.048524883	0.0066275983	0.040230367	0.0	0.0	0.016712591	0.0768802	0.037359886	0.036599845	0.0	0.015315594	0.0021338286	0.0	0.0	0.0050294823	0.07975068	0.0	0.0	0.0	0.0	0.004023586	0.0011524644	0.0	0.0	0.008222179	0.0	0.040370345	0.024029154	0.0	
0.005747369	0.0	0.0	0.0	0.006483604	0.0	0.0018665129	0.01039787	0.0	0.028384482	0.0068937484	0.006483604	0.0	0.016785959	0.1164236	0.0	0.0	0.0	0.0	0.005294529	0.0072168196	0.014630178	0.005832071	0.0	0.029903805	0.0020320017	0.0051030624	0.0017780017	0.0	0.0014368423	0.05291042	0.008652946	0.0014368423	0.0	0.0	0.0025144739	0.0	0.0	0.0	0.0	0.0071327384	0.0	0.012173702	0.015716372	0.0	0.0	0.0	0.0	0.005990501	0.079622544	0.012988388	0.0025400023	0.0	0.0	0.0	0.0	0.0	0.011656846	0.0	0.00747125	0.014987988	0.0021775984	0.0014368423	0.008025312	0.0	0.016082445	0.0	0.0	0.0	0.0025144739	0.0	0.045147438	0.14311327	0.015130117	0.0	0.06127943	0.0	0.04746806	0.030496238	0.09540319	0.09225551	0.17241055	9.2187757E-4	0.0046987124	0.0	0.007312988	0.0010776317	0.0039869896	0.0	0.0	0.0	0.0	0.0	0.0035560033	0.0	0.0	0.0030480027	0.016016742	0.0	0.0	0.0	0.0021775984	0.04011183	0.014738397	0.045969807	0.28209317	0.006644983	0.0	0.0	0.0015554273	0.0	0.0	0.0012256025	0.0147821875	0.039798055	0.0	0.0025144739	0.002488684	0.0	0.049632087	0.0020320017	0.0017960528	0.005638455	0.0	0.0035560033	0.033192858	0.0032128773	0.0	0.0030480027	0.0	0.0	0.0015240014	0.0017780017	0.0017960528	0.0	0.0099870805	0.0	0.0017960528	0.0	0.048765775	0.0	0.0066181608	0.005432635	0.0	0.0	0.0021552634	0.0	0.0	0.0	0.028776802	0.0	0.0	0.0017960528	0.0	0.0035921056	0.0	0.0	0.0067332005	0.014827261	0.013462743	0.0	0.61416066	0.15968935	0.20034134	0.014742928	0.070698746	0.0	0.0	0.27149743	0.5049502	0.060147163	0.075562865	0.19607781	3.3388505	0.6559796	0.11930811	0.19607781	0.8341201	0.0	0.0	0.2714974	0.14991295	0.37247568	0.020086884	0.0	0.20638059	0.0	0.0	0.0	0.0	0.005785455	0.0	0.0	0.0	0.0	0.0	0.0028736845	0.0	0.019832011	0.059371546	0.0	0.008147633	0.013205488	0.0	
0.005061573	0.0	0.0	0.0	0.0075154696	0.0	0.03211667	0.08859813	0.0	0.071958	0.002191725	0.010338764	0.0	0.07619718	0.18070884	3.8532604E-4	0.005364399	0.0	0.0	0.006447225	0.006860645	0.08354112	0.030761369	0.0	0.17973068	0.09593052	0.099106655	0.007421032	0.0	0.063333035	0.07085046	0.018844217	0.018160455	0.0	0.0011129102	0.0077285953	0.026191656	0.026191656	0.001364725	0.0	0.03217034	0.0	0.1279379	0.028001612	0.002887319	0.00916708	0.026191656	0.0	0.078519635	0.15342823	0.05566511	0.028338674	0.0	0.0011129102	0.011112178	0.0	0.0	0.032314662	0.0	0.05275715	0.007631799	0.03096898	0.014980037	0.015149579	0.0032302926	0.016786799	0.010184731	0.0	9.737965E-4	0.0066119935	0.0	0.06108525	0.023532778	0.0062949285	0.0	0.06615841	0.002757663	0.047401518	5.3215696E-4	0.09768186	0.11411853	0.08322314	0.0045867264	0.010029825	0.0	0.017615054	0.023162723	0.023209171	0.0	0.0	0.0	0.0	0.0	0.06856893	0.0	0.0	0.020643853	0.009483649	0.007052342	0.0050807777	0.010334552	0.035328694	0.05351107	0.09445796	0.032222312	0.22478579	0.0015817413	0.002182072	0.0	0.0219195	0.0	0.0	0.0068193763	0.10735998	0.0031930523	0.0	0.002214438	0.054076973	0.0	0.17270412	0.08847241	0.020262728	0.10129275	0.0	0.009257345	0.02242893	0.002829505	0.0	0.07922135	0.0	0.0	0.06520707	0.10448576	0.06879922	0.0	0.022338627	0.0013911377	0.056320146	0.022238916	0.027349012	0.0036917627	0.016946988	0.1145749	0.0	0.0061075524	0.0018980898	0.0	0.0	0.0	0.10344982	0.0071823536	0.0	0.0015817413	0.0	0.0031634825	0.0	0.0	0.0038941114	0.0045280783	0.019293165	0.0	0.4167607	0.022498146	0.090996996	0.034067605	0.024842434	0.0	0.0027688222	0.22563496	0.30927157	0.18071856	0.030555567	0.129796	0.6507594	4.873188	0.19661598	0.094952874	0.12507835	0.0	0.0027688222	0.1444795	0.11953084	0.91551155	0.1899735	0.0	0.06251933	0.0	0.0	0.0	0.0	0.1754215	0.0	9.12269E-4	0.0	0.0	0.006549752	0.0025307864	0.0	0.010476662	0.047465418	0.0	0.020396547	0.0675583	0.0	
0.0	0.0	0.0	0.0	0.0	0.0	0.019949587	0.007784708	0.0	0.0023701133	0.0	0.0051701292	0.0	0.0023701133	0.002334083	0.0035240098	0.0	0.0	0.0	0.0075444933	0.023866324	0.0030835087	0.018218953	0.0	0.020938473	0.0017707066	0.02318834	0.012335716	0.0	0.001183653	0.0023701133	0.006601432	0.0068449276	0.0	0.0	0.0	0.0	0.0	0.00531212	0.0	0.006905662	0.0	0.013976553	0.008484273	0.00265606	0.0	0.0	0.0	0.004811061	0.017323082	0.0	0.0	0.0	0.0	0.0	0.0	0.0	0.005759463	0.0	0.016839752	0.0	0.015910018	0.0	0.0	0.0	0.0	0.002367306	0.0	0.0	0.0	0.0	0.011635669	0.028945845	0.008484273	0.0	0.0104353735	0.002367306	0.0037345323	0.028485395	0.012247949	0.02491146	0.019484002	0.0010356964	7.3978317E-4	0.0	0.0	8.8773976E-4	0.0015376104	0.0	0.0	0.0	0.0	0.0	0.0	0.0	0.0	0.0023001537	0.00817455	0.0	0.0	0.0	0.0059893117	0.08329907	0.0033930172	0.028585257	0.06773752	0.0	0.001183653	0.0	0.009744859	0.0	0.0	0.012465422	0.08012016	0.007867469	0.0	0.0	0.05461848	0.0	0.00592248	0.0015334359	0.0	0.0011500769	0.0	0.0	0.012034561	0.042403795	0.0	0.05484966	0.0	0.0	0.0049562138	0.0010356964	0.031594288	0.0	0.036566436	0.0	0.0	0.0	0.022145322	0.0	0.003541335	0.0078389635	0.0	0.0	0.0	0.0	0.0	0.0	0.00531212	0.017266406	0.0	0.0062296283	0.0070480197	0.020348657	0.0	0.0	0.0059087193	0.0050283885	0.0	0.0	0.18678753	0.006294546	0.06929233	0.0020713927	0.0	0.0	0.0	0.02379269	0.15272677	0.06520059	0.15963462	0.02379269	0.0978403	0.14804119	1.6273139	0.02379269	0.05998154	0.0	0.0	0.02379269	0.054636065	0.10940858	0.085286304	0.0	0.050730903	0.0	0.0	0.0	0.0	0.0070843715	0.0	0.003550959	0.0	0.0	0.0	0.0	0.0	0.0	0.08247954	0.0	0.0	0.012716652	0.0	
0.0012664654	0.0	0.0	0.0	0.06458083	0.0	0.042871803	0.01644804	0.0	0.0030803217	0.0032573387	0.012870011	0.0	0.029155793	3.9577042E-4	0.0	0.0036222287	0.0	0.0	0.0	0.007800462	0.0013145205	3.1661635E-4	0.037545007	0.059443474	0.0039001442	0.07435512	0.09613837	0.0	0.024444671	0.005647742	0.014130433	0.032082554	0.0	0.0021031501	0.0061606434	0.0	0.0	0.023791898	0.0	0.0031152	0.0	0.024440318	0.013818404	0.0046898103	0.0054714456	0.0	0.009379621	0.022213047	0.019090638	0.23489594	0.04646147	0.0	0.00998057	0.0046898103	0.009379621	0.0	0.1613963	0.010942891	0.010022689	0.0034204784	0.03463653	0.022623546	3.9577042E-4	0.0	0.019563792	0.0	0.0	0.0	0.0061606434	0.0	0.0077395136	3.9577042E-4	0.0056396597	0.0	0.0	0.0	0.0	0.002629041	3.1661635E-4	2.770393E-4	0.0068790177	0.008212971	2.7985196E-4	0.0	0.004973033	0.0037524963	0.002728388	0.0	0.0	0.0	0.0	0.0	0.005348129	0.0	0.0	6.716447E-4	6.332327E-4	0.0	0.04919793	0.0	4.7984612E-4	0.0027363827	0.13732365	0.0	0.033828273	3.9577042E-4	0.0	0.0	0.023894032	0.0	0.0	0.014586002	0.036329422	0.049316734	0.0	5.540786E-4	0.0032573387	0.0	0.05205924	0.04443241	3.9577042E-4	0.046765476	0.0	0.056359343	0.007608294	0.112641774	0.09839586	0.029345686	0.0	0.028158754	0.003729775	0.07656446	0.53752726	0.0	0.108725384	0.012475712	0.012776044	0.0	0.12899326	0.0	0.016680697	0.095342815	0.0	0.0076068994	0.036277402	0.024722628	0.00577427	0.0036297145	9.49849E-4	0.09957959	0.0	3.9577042E-4	0.0	0.006984451	0.0737969	0.0	0.0038034497	0.0	0.0066550234	0.007664496	0.072749004	9.49849E-4	9.49849E-4	0.00316945	0.005456776	0.0	0.075457126	9.49849E-4	3.1661635E-4	0.09696337	0.3983999	0.0	5.4839556E-4	0.011118851	0.17863943	0.0	4.7984612E-4	0.0	0.075457126	9.49849E-4	0.0015023091	0.010222873	0.24753809	0.0	0.08350065	0.05475277	0.003154725	0.0	0.13592044	0.11871239	0.03608138	0.007782146	0.4462301	0.0	0.5482438	1.2400867	0.60453606	0.0051880972	0.13150744	0.0	0.02245814	0.031612784	0.0	
0.0011344812	0.0	0.0	0.0	0.052474454	0.0	0.010704115	0.086199105	0.031326562	0.062050004	0.03635497	0.006825906	0.0	0.020189911	0.0031282844	0.05512187	0.0073613487	0.0	0.0	9.6769346E-4	0.033763524	0.039809182	0.05418649	0.0	0.011334648	4.0109965E-4	0.006524223	0.04916647	0.0043494534	2.836203E-4	0.021157278	0.0391803	0.07797915	0.0	0.010998025	0.0059058284	0.0	0.0	0.0	0.0	0.037970956	0.0	0.009879135	0.00708332	0.0	0.0096232705	0.0	0.0	0.03970539	0.0056807753	0.006199204	0.008047809	0.0	0.010998025	0.008248517	0.0	0.0038707738	0.0063809827	0.0	0.0042154226	0.0031282844	0.0035555023	0.0025026274	3.5452537E-4	0.0	0.0762458	0.0024901633	0.0	0.0	0.0073846704	0.0	0.54847157	0.034232862	0.009683552	0.0	0.053720206	0.0015545785	0.046683133	0.0023550568	0.022373611	0.103519835	0.08436147	0.008148706	2.506873E-4	0.0	0.0067972573	0.0051494315	0.0046663117	0.0	0.0	0.0	0.0	0.0	0.028354695	0.0	0.0	0.0035351668	5.672406E-4	0.0	0.0015545785	0.0	4.2983916E-4	0.0021218192	0.0067726863	0.25643617	0.14654535	3.5452537E-4	0.006726548	0.041768752	0.026578933	0.0	0.0	0.053323425	0.14987305	0.05679238	0.0	4.963355E-4	4.912447E-4	0.0	0.008025939	0.0030007055	3.5452537E-4	0.001910615	0.0	0.0067954967	0.049516827	0.018335322	0.0	0.017291557	0.0	0.0	0.001910615	0.022666885	0.034762263	0.0	0.012289322	0.013747531	3.5452537E-4	0.0	0.046917368	0.0	0.0012096168	0.031996675	0.0	0.035624348	0.035524976	0.0	0.005615037	0.0	8.508609E-4	0.008052388	0.0	0.006004532	0.0024901633	7.0905074E-4	0.0	0.0	0.012918741	0.02279904	0.60966873	0.006865744	0.023799988	8.508609E-4	0.0075078825	0.0	4.2543045E-4	0.0	0.010221223	0.0075078825	0.003374759	0.027305681	0.048056327	0.0029030803	0.039997388	0.02593227	0.026426516	0.0029030803	0.027628213	0.0	0.010221223	0.0075078825	0.009867315	0.04240201	0.0069695665	0.0	0.021181623	0.026718259	0.0042112777	0.0	0.012045826	0.03497907	0.032321174	0.0069711325	0.0	0.0	0.009636661	5.672406E-4	0.0	0.2981055	0.028163996	0.0	0.06779008	0.08226545	0.0	
0.07971465	0.009257068	0.0	0.0	0.06119865	0.0	0.076195225	0.024136381	0.0038029295	0.004954403	0.12715566	0.04741025	0.009834409	0.035481628	0.027135672	0.0197425	0.010426985	0.0	0.0	0.0052134925	0.07857972	0.005180989	0.095610864	0.0	0.087297484	0.011258102	0.010485241	0.020334434	0.06491874	0.041816216	0.026426129	0.0401579	0.0730572	0.0	0.0	0.0059234593	0.0	0.0	0.0031718097	0.00673227	0.08721955	0.0	0.04894962	0.04822649	0.0	0.0	0.0	0.0	0.07470961	9.2962256E-4	0.03885911	0.03380573	0.0	0.0	0.0	0.0	0.012747492	0.005371131	0.0	0.0252589	0.009971602	0.008718169	0.029015409	0.060843367	0.007016118	0.07630714	0.0040092105	0.001396601	0.0	0.0021691192	0.0	0.09092258	0.005082287	0.007798618	0.0	0.03756627	0.0	0.0	0.0	0.058707416	0.054044317	0.060670286	0.08244575	0.016574394	0.0	0.020756185	0.023770368	0.0029876034	0.0	0.0	0.0	0.0	0.01409133	0.036637876	0.0	0.0	0.052347768	0.0024789933	0.0014383389	0.0010170592	0.0017798536	0.022852864	0.003983471	0.03618763	0.052789543	0.031328805	0.06798273	0.026695171	0.0050705727	0.029576493	0.0	0.0	0.01586224	0.018377146	0.012246446	0.0	0.046627067	0.016168065	0.0	0.013613069	0.02466517	0.0015493708	0.059302587	0.0	0.037514403	0.03525316	0.054573298	0.0	0.00870177	0.0	0.0	0.060347684	0.0717505	0.027751453	0.0	0.019940097	0.0	0.004231042	0.0015255888	0.025350505	0.0020341184	8.9896185E-4	0.07528519	0.0	0.0010170592	0.0018592451	0.0	0.0	0.0	0.0037184902	0.008132943	0.0	0.037476804	0.037047673	0.042980433	0.0	0.0019750919	0.024196781	0.004595458	0.06827318	0.0	0.054686368	0.0037184902	0.0037184902	0.0	0.010335936	0.0	0.0015255888	0.0037184902	0.017950805	0.036057737	0.0061530806	0.0	0.009690172	0.029735187	0.052136414	0.0	0.012902963	0.0	0.0015255888	0.0037184902	0.003186873	0.08034964	0.01778383	0.0	0.027231952	0.0	0.0	0.0	0.0	0.08265316	0.0	0.0	0.0	0.0	0.0	0.01006211	0.0	0.0074480847	0.044178095	0.016512988	2.211699	0.0326974	0.0	
0.0023126542	0.0	0.0	0.0	0.2136821	0.0	0.18272927	0.019507155	0.0	5.0589314E-4	0.057251126	0.16997033	0.0036851286	0.0051418203	0.0054346775	0.0015957074	0.0018425643	0.0	0.0	9.2128216E-4	0.061956093	0.0019395286	0.027403207	0.14145882	0.0010117863	0.04122133	0.076632194	0.15899941	0.008866416	0.089965925	0.009430788	0.024819247	0.2708027	0.0	0.0	0.0010117863	0.0	0.0	0.0	0.0	0.040513273	0.0	0.012220887	0.045825522	0.0	0.0	0.0	0.0	0.005059397	0.11183909	0.21384351	0.0010220584	0.0	0.0	0.0	0.0	0.0	0.0052641253	0.0	0.038143363	0.013935187	0.01429199	0.024129126	0.0054346775	0.0032244874	0.035811096	0.0018425643	0.0026057796	0.0	0.0010117863	0.0	0.013464546	0.006986919	0.007142262	0.0	0.002770755	0.0	0.0	0.0	5.7816354E-4	5.0589314E-4	0.008597801	0.17430417	0.008872305	0.0	0.006068501	0.018942785	4.3362268E-4	0.0	0.0	0.0	0.0	0.0036851286	0.013852705	0.0	0.0	0.0063616093	0.0011563271	0.0	0.02793207	0.0	0.004032522	5.7816354E-4	0.004090604	0.007702486	0.029084027	0.015366214	0.0015957074	0.0	0.012660861	0.0	0.0	0.047342706	0.0038453816	0.062435646	0.0	0.032544833	0.0010014087	0.0	0.004386771	0.011866599	7.227044E-4	6.1323505E-4	0.0	0.013852705	0.03917479	0.048845533	0.0	0.009102752	0.0	0.09844537	0.0026083933	7.1544084E-4	0.05880426	0.0	8.176467E-4	0.0	7.227044E-4	0.0	0.04156239	0.0	0.002770755	0.04036544	0.0	0.005723162	8.6724537E-4	0.0	0.0	0.07410765	0.0017344907	0.019059021	0.0	0.013935187	0.0031914148	0.007497229	0.0	0.0036851286	0.0013028898	6.909616E-4	0.025257045	0.0	0.07406527	0.016768605	0.0017344907	0.0	8.6724537E-4	0.0	0.11266905	0.0017344907	5.7816354E-4	0.021847459	0.08970051	0.0	0.007988753	8.762326E-4	0.06089986	0.0	8.762326E-4	0.0	0.11266905	0.0017344907	0.0	0.008361111	0.028446453	0.0	0.027666785	0.0	0.0	0.0	0.0	0.0036727288	0.0	0.0	0.0	0.0	0.004056289	0.010425231	0.0	0.0062805386	0.04992728	0.030809944	1.4865302	0.017626615	0.0	
0.0	0.0	0.0	0.0	0.0	0.0	0.0	0.0	0.0	0.0	0.0	0.0	0.0	0.0	0.0	0.0	0.0	0.0	0.0	0.0	0.0	0.0	0.0	0.0	0.0	0.0	0.0	0.0	0.0	0.0	0.0	0.0	0.0	0.0	0.0	0.0	0.0	0.0	0.0	0.0	0.11635065	0.0	0.0	0.0	0.0	0.0	0.0	0.0	0.0	0.0	0.0	0.0	0.0	0.0	0.0	0.0	0.0	0.0	0.0	0.0	0.0	0.0	0.0	0.0	0.0	0.0	0.0	0.0	0.0	0.0	0.0	0.0	0.0	0.0	0.0	0.0	0.0	0.0	0.0	0.0	0.0	0.0	0.0	0.0	0.0	0.0	0.0	0.0	0.0	0.0	0.0	0.0	0.0	0.0	0.0	0.0	0.0	0.0	0.0	0.0	0.0	0.0	0.0	0.0	0.0	0.0	0.0	0.0	0.0	0.0	0.0	0.0	0.0	0.0	0.0	0.0	0.0	0.0	0.0	0.0	0.0	0.0	0.0	0.0	0.0	0.0	0.0	0.0	0.0	0.0	0.0	0.0	0.0	0.0	0.0	0.0	0.0	0.0	0.0	0.0	0.0	0.0	0.0	0.0	0.0	0.0	0.0	0.0	0.0	0.0	0.0	0.0	0.13712057	0.0	0.0	0.0	0.0	0.0	0.0	0.0	0.0	0.0	0.0	0.0	0.0	0.0	0.0	0.0	0.0	0.0	0.0	0.0	0.0	0.0	0.0	0.0	0.0	0.0	0.0	0.0	0.0	0.0	0.0	0.0	0.0	0.0	0.0	0.0	0.0	0.0	0.0	0.0	0.0	0.0	0.0	0.0	0.0	0.0	0.0	0.0	0.0	0.0	0.0	0.0	
