1.923459	0.0	0.14025997	0.12113303	0.0	0.021971785	0.0	0.025110612	0.12120628	0.12113303	0.2783805	0.12113303	0.0	0.13167445	0.03838658	0.09646163	0.0	0.07090679	0.0	0.0	0.0	0.0	0.0	0.0	0.010175104	0.011894794	0.04893869	0.0	0.009596645	0.0	0.0	0.0	0.0	0.0	0.0	0.0	0.0	0.0	0.0	0.010175104	0.0	0.0	0.0	0.0	0.0	0.0	0.0	0.0	0.0	0.0	0.0	0.0	0.0	0.0	0.0	0.0	0.0	0.0	0.0	0.0	0.0	0.014394967	0.01919329	0.0	0.08103633	0.0	0.0	0.0	0.0	0.0	0.028789934	0.03838658	0.046036977	0.012210124	0.0	0.016280167	0.024420248	0.0	0.0	0.012210124	0.010175104	0.020350209	0.0	0.0	0.0	0.0	0.14248429	0.0	0.12751704	0.0	0.011995806	0.0	0.010175104	0.0	0.01919329	0.0	0.0	0.0	0.0	0.0	0.0	0.0	0.0	0.011995806	0.0	0.0	0.0	0.0	0.0	0.0	0.0	0.028789934	0.0	0.0	0.0	0.0	0.054163598	0.008140083	0.04921517	0.0	0.0	0.008140083	0.024420248	0.0	0.0	0.028490292	0.0	0.0	0.0	0.0	0.028789934	0.0	0.014245146	0.0	0.0	0.0	0.0	0.0	0.0	0.11668849	0.012210124	0.0	0.010175104	0.016280167	0.0100894235	0.0	0.014245146	0.0140069425	0.044822216	0.019741159	0.016280167	0.010175104	0.0	0.0	0.028789934	0.0	0.11333144	0.03921944	0.044822216	0.038114723	0.1456154	0.014394967	0.0	0.0	0.0	0.0	0.0	0.0	0.0	0.0	0.0	0.0	0.0	0.0	0.0	0.0	0.0	0.014394967	0.011995806	0.011205554	0.0140069425	0.0	0.0	0.0	0.0	0.0	0.0	0.0	0.014394967	0.0	0.0	0.0	0.0	0.0071974834	0.0	0.0	0.0	0.0	0.0832088	0.22813538	0.0	0.10300768	0.038691275	0.0	0.011995806	0.04673459	0.0	0.0140069425	0.0	0.0	0.0	0.015134134	0.0	0.0	0.0	0.0	0.010175104	0.0	0.0	0.0	0.0063058897	0.0	0.0	0.0	0.0	0.0	0.0	0.028013885	0.010175104	0.0	0.0	0.0	0.0	0.0	0.0	0.008140083	0.0	0.0	0.022411108	0.053237446	0.0	0.013421843	0.014245146	0.0	0.01960972	0.0	0.0	0.0	0.017269732	0.0	0.0	0.041962232	0.05543112	0.0	0.0	0.0	0.0	0.0	0.0	0.0	0.0	0.0	0.0	0.0	0.0	0.0	0.0	0.0	0.0	0.0	0.0	0.0	0.0	0.0	0.0	0.008397064	0.036465153	0.0	0.0	0.092674874	0.0	0.0	0.010175104	0.0	0.0100894235	0.03640385	0.040700417	0.0	0.0	0.0	0.0	0.0	0.0	0.0	0.0	0.10693016	0.0	0.044822216	0.038114723	0.0	0.0	0.0	0.0	0.041882772	0.0	0.0	0.0	0.0	0.0	0.0	0.0	0.0	0.0	0.0	0.0	0.0	0.0	0.0	0.0	0.0	0.0	0.0	0.0	0.0	0.0	0.0	0.0	0.0	0.0	0.0	0.0	0.0	0.0	0.0	0.0	0.0	0.0	0.0	0.0	0.0	0.0	0.0	0.0	0.0	0.0	0.0	0.0	0.0	0.0	0.0	0.0	0.0	0.03726621	0.0	0.016808331	0.053052608	0.0	0.0140069425	0.0	0.0	0.0	0.0	0.010416746	0.0	0.2054899	0.0	0.0	0.0	0.0	0.19950417	0.0	0.12088188	0.011894794	0.035473455	0.010144018	0.0	0.56100893	0.066928945	0.13992077	0.0	0.07008509	0.0	0.0	0.0	0.039150953	0.0	0.0	0.0	0.06132446	0.0	0.0	0.0	0.0	0.0	0.0	0.0	0.0	0.0	0.0	0.030388623	0.0	0.07008509	0.040518165	0.0	0.0	0.07008509	0.0	0.0	0.07008509	
0.017481418	0.0	0.08552068	0.08490916	0.14397314	0.0	0.0	0.012296229	0.07258067	0.030656949	0.108223945	0.08490916	0.0	0.08044009	0.0	0.022861289	0.0	0.0	0.0	0.0	0.0	0.0	0.0	0.0	0.0	0.0	0.0	0.0	0.0	0.0	0.0	0.0	0.0	0.0	0.0	0.0	0.0	0.010759201	0.0	0.0	0.0	0.0	0.0	0.0	0.0	0.0	0.0	0.0	0.0	0.0	0.0	0.0	0.0	0.0	0.0	0.0	0.0	0.0	0.0	0.0	0.0	0.0	0.0	0.0	0.0	0.0	0.0	0.0	0.0	0.0	0.0	0.0	0.012296229	0.0	0.0	0.0	0.0	0.0	0.0	0.0	0.0	0.0	0.0	0.0	0.0	0.0	0.009582021	0.0	0.049827375	0.0	0.0	0.0	0.0	0.0	0.020359373	0.0	0.0	0.0	0.0	0.0	0.0	0.0	0.0	0.0	0.0	0.0	0.0	0.0	0.0	0.0	0.0	0.0	0.0	0.0	0.0	0.0	0.0	0.0	0.0	0.0	0.0	0.0	0.0	0.0	0.0	0.0	0.0	0.0	0.0	0.0	0.0	0.0	0.0	0.0	0.0	0.0	0.0	0.0	0.0	0.0	0.0	0.0	0.0	0.0	0.0	0.0	0.0	0.0979133	0.10794205	0.105654456	0.0	0.0	0.0	0.0	0.0	0.0	0.008212676	0.094449304	0.023308558	0.15239054	0.020394988	0.0	0.0	0.0	0.0	0.0	0.0	0.0	0.0	0.0	0.0	0.0	0.0	0.0	0.0	0.0	0.0	0.018444344	0.0	0.0058271396	0.007283924	0.0	0.0	0.0	0.0	0.0	0.0	0.0	0.0	0.0	0.0	0.0	0.0	0.0	0.0	0.0	0.0	0.0	0.011654279	0.20997934	0.0	0.0	0.026985513	0.0	0.06867277	0.0	0.0	0.007283924	0.0	0.0	0.0	0.0	0.0	0.0	0.0	0.0	0.0	0.0	0.0	0.0	0.0	0.0	0.0	0.0	0.0	0.0	0.0	0.014567848	0.0	0.0	0.0	0.0	0.0	0.0	0.0	0.0	0.0	0.0	0.011654279	0.007283924	0.0	0.0	0.0	0.0	0.010197494	0.0	0.0	0.0	0.008980648	0.010179686	0.0	0.065803215	0.0076656174	0.0	0.0	0.0	0.0	0.0	0.0	0.0	0.0	0.0	0.0	0.0	0.0	0.0	0.0	0.0	0.0	0.0	0.0	0.0	0.0	0.0	0.0	0.03549538	0.0	0.0	0.0	0.026985513	0.0	0.0	0.015771825	0.0	0.0076656174	0.25530425	0.0	0.0	0.0	0.0	0.0	0.0	0.0	0.0	0.1739511	0.032523893	0.0	0.023308558	0.06512061	0.0	0.0	0.0	0.0	0.098577276	0.0	0.0	0.0	0.0	0.0	0.0	0.0	0.0	0.0	0.0	0.0	0.0	0.0	0.0	0.0	0.0	0.0	0.0	0.0	0.0	0.0	0.0	0.0	0.0	0.0	0.0	0.0	0.0	0.0	0.0	0.0	0.0	0.0	0.0	0.0	0.0	0.0	0.0	0.0	0.0	0.033674803	0.0	0.0	0.0	0.0	0.0	0.033674803	0.0	0.005098747	0.0	0.28478366	0.27015272	0.13547032	0.054244474	0.0	0.0	0.0	0.0	0.040340777	0.0	0.3200712	0.024592457	0.0	0.0	0.0	0.0	0.0	0.11111527	0.0076656174	0.0	0.005749213	0.0	0.15313986	0.08461821	0.0	0.0	0.0	0.0	0.0	0.0	0.0	0.011498426	0.0	0.0	0.0	0.0	0.0	0.0	0.0	0.0	0.0	0.0	0.0	0.0	0.0	0.0	0.0	0.0	0.0	0.0	0.0	0.0	0.07984739	0.0	0.0	
0.07775437	0.0	0.5767952	0.0	0.35419565	1.0507485	0.0	0.120035246	0.26117787	0.0	0.016198829	0.0	0.0	0.0	0.0	0.038877185	0.0	0.090713434	0.0	0.0	0.0	0.0	0.0	0.0	0.0	0.0	0.0	0.0	0.0	0.0	0.0	0.0	0.0	0.0	0.0	0.0	0.0	0.024406178	0.0	0.0	0.0	0.0	0.0	0.0	0.0	0.0	0.0	0.0	0.0	0.0	0.0	0.0	0.0	0.0	0.0	0.0	0.0	0.0	0.0	0.0	0.0	0.0	0.0	0.0	0.1036725	0.0	0.0	0.0	0.0	0.0	0.0	0.0	0.034572378	0.0	0.0	0.0	0.0	0.0	0.0	0.0	0.0	0.0	0.0	0.0	0.0	0.0	0.032397658	0.0	0.0	0.0	0.0	0.0	0.0	0.0	0.0	0.0	0.0	0.0	0.0	0.0	0.0	0.0	0.0	0.0	0.0	0.0	0.0	0.0	0.0	0.0	0.0	0.0	0.0	0.0	0.0	0.0	0.0	0.0	0.0	0.0	0.0	0.0	0.0	0.0	0.0	0.0	0.0	0.0	0.0	0.0	0.0	0.0	0.0	0.0	0.0	0.0	0.0	0.0	0.0	0.0	0.0	0.0	0.0	0.0	0.0	0.0	0.0	0.0	0.0	0.0	0.0	0.0	0.0	0.0	0.0	0.0	0.0	0.0	0.0	0.0	0.0	0.0	0.0	0.0	0.0	0.0	0.0	0.0	0.0	0.0	0.0	0.0	0.0	0.0	0.0	0.0	0.0	0.0	0.0	0.0	0.0	0.0	0.0	0.0	0.0	0.0	0.0	0.0	0.0	0.0	0.0	0.0	0.0	0.0	0.0	0.0	0.0	0.0	0.0	0.0	0.0	0.0	0.0	0.0	0.0	0.0	0.0	0.0	0.0	0.0	0.0	0.0	0.0	0.0	0.0	0.0	0.0	0.0	0.0	0.0	0.017432986	0.0	0.0	0.0	0.0	0.0	0.0	0.0	0.0	0.0	0.0	0.0	0.0	0.0	0.0	0.0	0.0	0.0	0.0	0.0	0.0	0.0	0.0	0.0	0.0	0.0	0.0	0.0	0.027892776	0.0	0.0	0.0	0.0	0.0	0.0	0.0	0.0	0.0	0.0	0.0	0.0	0.0	0.0	0.0	0.0	0.0	0.0	0.0	0.0	0.0	0.0	0.0	0.0	0.0	0.0	0.0	0.0	0.0	0.0	0.0	0.0	0.0	0.0	0.0	0.0	0.0	0.0	0.0	0.0	0.0	0.0	0.0	0.0	0.0	0.0	0.7927863	0.0	0.0	0.036398023	0.0	0.09762471	0.08367833	0.0	0.0	0.0	0.0	0.0	0.0	0.0	0.0	0.0	0.0	0.0	0.0	0.0	0.0	0.0	0.0	0.0	0.0	0.0	0.0	0.0	0.0	0.0	0.0	0.0	0.0	0.0	0.0	0.0	0.0	0.0	0.0	0.0	0.0	0.0	0.0	0.0	0.0	0.0	0.0	0.0	0.0	0.0	0.0	0.0	0.0	0.0	0.0	0.0	0.0	0.0	0.0	0.0	0.0	0.0	0.0	0.0	0.0	0.0	0.0	0.0	0.0	0.0	0.0	0.0	0.0	0.0	0.09637455	0.0	0.025918124	0.0	0.0	0.0	0.0	0.022678358	0.0	0.0	0.0	0.0	0.0	0.0	0.0	0.0	0.20870963	0.0	0.0	0.0	0.0	0.0	0.0	0.0	0.0	0.0	0.0	0.0	0.0	0.0	0.9053231	0.0	0.0	0.05183625	0.0	0.0	0.0	0.0	0.0	0.0	
1.4580848	0.0	1.15436	0.07811299	0.0	0.48046356	0.0	0.60654587	0.49384207	0.07811299	0.6822342	0.07811299	0.0	0.39002308	1.186183	1.5690669	0.0	1.6454271	0.0	0.0	0.0	0.0	0.0	0.0	0.08769986	0.3675608	0.0	0.0	0.33014873	0.0	0.0	0.14031978	0.0	0.0	0.0	0.21047966	0.0	0.0	0.0	0.0	0.0	0.10523983	0.0	0.0	0.17539972	0.0	0.0	0.0760912	0.0	0.0	0.0	0.0	0.0	0.0	0.0	0.0	0.0	0.0	0.0	0.0	0.0	0.49522305	0.15622598	0.0	1.8804882	0.10523983	0.0	0.0	0.0	0.0	0.88963723	0.31245196	0.07811299	0.0	0.0	0.0	0.0	0.0	0.28063956	0.0	0.0	0.0	0.0	0.0	0.0	0.0	0.6075353	0.0	0.4146945	0.0	0.3706822	0.0	0.0	0.0	0.15622598	0.28063956	0.0	0.0	0.0	0.0	0.0	0.0	0.0	0.3706822	0.0	0.0	0.28063956	0.0	0.0	0.0	0.0	0.88963723	0.0	0.0	0.0	0.0	0.45062774	0.08696137	0.097641245	0.0	0.0	0.0	0.0	0.0	0.0	0.0	0.0	0.0	0.0	0.0	0.23433897	0.0	0.0	0.0	0.0	0.0	0.0	0.0	0.0	0.5930915	0.0	0.0	0.08769986	0.0	0.07015989	0.0	0.0	0.0	0.0	0.0	0.0	0.0	0.08769986	0.0	0.23433897	0.0	0.3675608	0.0	0.0	0.0	1.0379102	0.49522305	0.0	0.0	0.0	0.0	0.0	0.0	0.0	0.0	0.108701706	0.12277981	0.0	0.0	0.17539972	0.0	0.0	0.49522305	0.3706822	0.07015989	0.0	0.0	0.0	0.0	0.0	0.0	0.0	0.0	0.44481862	0.08769986	0.0	0.0	0.0	0.22240931	0.0	0.0	0.0	0.0	0.5930915	0.36050218	0.0	0.0	0.0	0.0	0.41268587	0.3675608	0.0	0.0	0.0	0.0	0.0	0.0	0.0	0.0	0.0	0.0	0.0	0.0	0.0	0.0	0.0	0.0	0.0	0.0	0.0	0.0	0.0	0.0	0.0	0.0	0.0	0.0	0.0	0.0	0.0	0.0	0.0	0.0	0.0	0.08769986	0.0	0.0	0.0	0.0	0.0	0.0	0.0	0.0	0.0	0.0	0.0	0.0	0.0	0.0	0.0	0.0	0.0	0.0	0.0	0.0	0.0	0.0	0.0	0.0	0.0	0.0	0.0	0.0	0.0	0.0	0.0	0.0	0.0	0.0	0.0	0.06834887	0.048820622	0.0	0.0	0.07811299	0.0	0.0	0.0	0.0	0.0	0.06834887	0.0	0.0	0.0	0.0	0.0	0.0	0.0	0.0	0.0	0.3525915	0.0	0.0	0.0	0.0	0.0	0.0	0.0	0.0	0.0	0.0	0.0	0.0	0.0	0.0	0.0	0.0	0.0	0.0	0.0	0.0	0.0	0.0	0.0	0.0	0.0	0.0	0.0	0.0	0.0	0.0	0.0	0.0	0.0	0.0	0.0	0.0	0.0	0.0	0.0	0.0	0.0	0.0	0.0	0.0	0.0	0.0	0.0	0.0	0.0	0.0	0.0	0.0	0.0	0.0	0.0	0.0	0.0	0.0	0.10523983	0.0	0.0	0.0	0.0	0.0	0.0	0.0	0.0	0.0	0.0	0.0	0.0	0.0	0.0	0.6131722	0.0	1.0460446	0.39140248	0.07811299	0.08256839	0.0	0.4252747	0.07015989	0.3706822	0.0	0.0	0.0	0.0	0.0	0.0	0.0	0.0	0.0	0.0	0.0	0.0	0.0	0.0	0.0	0.0	0.0	0.0	0.0	0.0	0.24735169	0.0	0.0	0.32980227	0.0	0.0	0.0	0.0	0.0	0.0	
0.0026952284	0.0	0.009993911	0.003231186	0.0014820705	0.014539719	0.0017816415	0.093927145	0.01889755	0.004463568	0.021867547	0.0073275133	0.0	0.013592307	0.0048452015	0.012124348	0.0	0.095826596	0.3690971	0.2301022	0.016367413	0.11308123	0.016367413	0.34549093	0.46460065	1.0829135	0.09324259	0.0055989097	0.26327243	0.16216789	0.083865106	0.07010643	0.04191372	0.047450338	0.0885138	0.09266687	0.17074166	0.1793153	0.0013650026	0.0025783968	0.18549576	0.23297356	0.016367413	0.0640981	0.03576053	0.0023713128	0.031657137	0.2042812	0.0	0.0	0.0	0.042963024	0.0	0.01101916	0.0030854815	0.0011856564	0.005481062	0.022633173	0.016662342	0.013329874	0.0011856564	0.11879882	0.013086316	0.14163926	0.052533187	0.1901822	0.0	0.043185826	0.29400104	0.0	0.008279607	5.7755865E-4	0.0018032059	0.15089878	0.11414795	0.0678316	0.016111134	0.074335806	0.08080229	0.0046336176	0.06475786	0.028193891	0.050495565	0.011499338	0.0	0.042563744	0.008561548	0.0	0.005210058	0.0	0.006436144	0.0	0.00673039	0.0	9.812037E-4	0.036942087	0.067528754	0.0	0.0	0.20975637	0.0071194237	0.0	0.0	0.015719287	0.010292894	0.0011210324	0.036942087	0.086964294	0.029963724	0.021401623	5.1681965E-4	0.003633901	0.017530026	0.0030380243	0.0	0.0	0.0095649315	0.0037985893	0.05602713	0.0023713128	0.018683232	0.0045779077	0.02697403	0.08980602	0.026218262	6.1274535E-4	0.022706773	0.002159837	0.025681946	0.023137609	4.3316899E-4	5.1681965E-4	0.001697205	0.0	0.0031972863	0.0039379755	0.0	5.928282E-4	0.0	0.0024226008	0.038318165	0.02329756	0.010110992	0.034372363	0.042989943	0.0	3.0637268E-4	1.2613909E-4	0.0	0.003249543	0.022166224	0.1457932	0.058369007	0.03830293	4.3316899E-4	0.0	0.023681676	0.0	0.0	0.0019160876	0.004239551	0.017969733	0.0014820705	9.889462E-4	0.0028558685	0.0	0.0	0.010079898	0.0060622874	0.0029240944	0.013746604	0.04598962	0.042963024	3.6686653E-4	0.023088805	0.061330453	0.031794515	0.01016359	0.016273776	0.011931034	0.0037258968	0.0026582712	0.0040056244	0.0060760486	0.013351028	0.022418123	0.0040056244	0.0075950613	0.028928762	0.1287264	0.034767892	0.021856206	0.013090888	0.026134724	0.017453961	0.0	0.008906791	0.026810614	0.004404107	0.00846095	0.0054600104	0.0042908685	0.020916166	0.0	0.002833961	0.0060478374	0.004124547	0.0013078481	0.0012134803	0.0	0.0	2.9668387E-4	0.0020651491	0.0023456635	0.0023601702	7.4297364E-4	0.0032654202	0.0063224514	0.0060964026	0.0067010107	0.009561007	0.03137826	0.0015168503	0.0035353112	0.03137826	0.0015168503	0.022052988	0.0	0.07521794	0.020670922	0.021834098	0.0	0.048588533	0.026664445	0.0	0.062312175	0.017796861	0.04481888	2.0182254E-4	0.0057849423	0.0010374493	0.0049662115	3.183051E-4	0.0073080827	0.0017348384	0.0042956905	0.010453794	0.0	0.0052158115	1.0091127E-4	0.0	0.034952693	0.025657548	0.0	0.04393869	5.869864E-4	0.012804622	5.869864E-4	0.012804622	5.869864E-4	0.012804624	5.869864E-4	0.012804622	5.869864E-4	0.012804622	5.869864E-4	0.012804622	5.869864E-4	0.012804622	5.869864E-4	0.012804622	5.869864E-4	0.0	0.0	3.027338E-4	0.01707087	0.01726296	0.0	0.0013650026	0.01728454	0.0	0.0	0.009636997	0.0	0.008585394	0.011311892	0.0	0.0013650026	0.0	0.0	4.3767525E-4	0.0	0.0	0.0	0.0	0.07798912	0.14636698	0.0	0.022130791	0.004245156	5.136131E-4	4.4023982E-4	0.0	0.020764252	0.005481062	0.0049367705	0.0	0.0023713128	0.0	0.0	0.0043122517	0.0	7.3373306E-4	0.012804622	5.869864E-4	0.012804622	5.869864E-4	0.005481062	0.0049367705	0.0	0.0023713128	0.0	0.0	0.0043122517	0.0	7.3373306E-4	0.012804622	5.869864E-4	0.012804622	5.869864E-4	0.005481062	0.0049367705	0.0	0.0023713128	0.0	0.0	0.0043122517	0.0	7.3373306E-4	0.012804622	5.869864E-4	0.012804622	5.869864E-4	0.0	0.0017849178	0.003962954	0.0	0.003962954	0.0	0.0	0.0017849178	0.0	4.6133925E-4	0.0	7.7813136E-4	0.021293528	8.829736E-5	0.027300898	0.003962954	0.0	0.0	0.0	0.020764949	0.0	0.017907076	0.0012341926	0.0106027275	4.4023982E-4	0.0	0.0011334312	0.0	0.018077804	0.05124008	0.030542318	0.03322986	0.0	0.0022894624	0.029589793	0.011721573	0.0	5.928282E-4	0.0	0.0	0.017823292	0.0	0.0037272982	0.0051148166	0.0012494426	0.0064038727	0.0	0.0	6.825013E-4	0.0338252	0.0338252	0.0649792	0.0059046904	0.0015427407	0.013679921	0.0	0.0041061155	5.928282E-4	0.0	0.019508474	0.0	0.0	0.0	6.5607665E-4	0.0	0.0	
0.0019713922	0.0	0.06523291	0.043244693	0.0	0.014486147	0.0	0.0147965625	0.043402728	0.005253459	0.024865609	0.013768987	0.0	0.012934671	0.009978843	0.039252043	0.0	0.0020657862	0.02244548	0.03343897	0.008276623	0.0031037338	0.008276623	0.0031037338	0.011885815	0.02343092	0.0	0.0	0.020456757	0.0017258314	0.0	0.06717388	0.07660004	0.0	0.0	0.07172046	0.0017258314	0.02257262	0.0062122536	0.6508108	0.33819473	0.10924158	0.008276623	0.026256053	0.005247406	0.0	0.1975869	0.23708715	0.0	0.0	0.0	0.0	0.0	0.042009685	0.0	0.0	0.0	0.0027613302	0.0	0.0	0.0	0.0634105	0.016016705	0.04405773	0.0023608985	0.11224034	0.0	0.008624552	0.0069043282	0.0	0.007484132	0.002628523	0.032978896	0.005752122	0.0074691717	0.0025646652	0.0	0.0031889332	0.01299842	6.888848E-4	0.0058289277	0.0	0.0	0.0	0.0	0.0016212417	0.0027909684	0.003680176	0.11341684	0.0027601323	0.110408984	0.0	5.7407067E-4	0.0	0.0044655493	0.0023608985	0.041767493	0.006282695	0.0	0.0027613302	0.012388229	0.0	0.0043978863	0.073466115	0.11535062	0.013215368	0.0023608985	0.04668189	0.0	0.04213361	0.022665344	0.020095047	0.015576768	0.010110536	0.0	0.030551216	0.057785265	0.03311167	0.034594648	0.0	0.0	0.025275297	0.0	0.039830282	0.0	0.0043978863	0.0	0.0	0.03180059	0.025215471	0.0019713922	0.009408376	0.0	0.0	0.0	0.0	0.0	0.0	0.0	0.013396698	0.0052687493	0.0	0.0068129324	0.0	0.0030941647	0.0	0.0	0.003398534	0.0	0.010339904	9.185131E-4	0.024893928	0.011605034	0.009192204	0.0019713922	0.0	0.07279743	0.0	0.0	0.018404076	0.008731487	0.046582613	0.0	0.0	0.0	0.0	0.0032201542	0.03180422	0.0	0.0020106474	0.05617321	0.1577099	0.0	0.0071757906	0.0014755615	0.010054562	0.023501579	0.08705082	0.023680592	0.048297845	0.011525061	0.0023457552	0.0	0.0	0.0012834742	0.008976882	0.0	0.0	0.038798515	0.3077207	0.010054562	0.0020709976	0.0	0.056562282	0.0073643085	0.0	0.0013806651	0.010054562	0.022930099	0.0357872	0.0062122536	0.035553556	0.016206786	0.0	0.01534684	0.042141657	0.005048376	0.010676784	0.0013806651	0.0	0.0	0.0	0.0	0.0	0.0	0.008524866	0.016276795	0.0	0.001208082	0.001208082	0.016214091	0.0	0.0017258314	0.005740633	0.0	0.0017258314	0.011178287	0.0	0.3454543	0.0	0.0017258314	0.0	0.030698303	0.0013806651	0.0	0.124492705	0.001208082	0.0	0.014871641	0.057879798	0.0034489972	7.6730084E-4	0.013587696	0.0	0.005023054	0.0019708555	0.009607576	0.0	0.008099535	0.0027188272	0.0	0.012471092	0.013781224	0.0	0.014321774	0.0026714294	0.0	0.0026714294	0.0	0.0026714294	0.0	0.0026714294	0.0	0.0026714294	0.0	0.0026714294	0.0	0.0026714294	0.0	0.0026714294	0.0	0.0026714294	0.0	0.0	0.0013777696	0.050133463	0.01325311	0.0	0.0	0.0059810043	0.0	0.0	0.0016212417	0.0	0.0029387872	0.0019536777	0.0	0.0	0.0	0.0	0.0	0.0	0.0	0.0	0.0	0.04672983	0.071783885	0.0	0.011657639	0.0	0.002337501	0.008610949	0.0	0.047488812	0.0	0.0	0.0	0.0	0.0	0.0	0.0	0.0	0.0033392867	0.0	0.0026714294	0.0	0.0026714294	0.0	0.0	0.0	0.0	0.0	0.0	0.0	0.0	0.0033392867	0.0	0.0026714294	0.0	0.0026714294	0.0	0.0	0.0	0.0	0.0	0.0	0.0	0.0	0.0033392867	0.0	0.0026714294	0.0	0.0026714294	0.0	0.0	0.0	0.0	0.0	0.0	0.0	0.0	0.0	0.006888828	0.0	0.009164	0.028507011	4.0184948E-4	0.0028177847	0.0	0.0	0.0	0.0	0.0035763576	0.0	0.002977543	0.0	0.0	0.0020035722	0.0	0.0	0.0	0.030849025	0.01424914	0.0063054455	0.005142517	0.0	0.010296678	0.12443904	0.030527577	0.0	0.014556071	0.014556071	0.0	0.0013806651	0.029373338	0.0026605206	0.0025864446	0.0	0.0	0.0	0.0	0.031152487	0.0	0.0	0.0	0.0	0.0	0.0	0.0	0.010917054	0.0	0.0	0.0013806651	0.0	0.0	0.014556071	0.0	0.014556071	0.014556071	
0.020148588	0.0	0.17040987	0.014003486	0.0	0.015643999	0.005844836	0.06250357	0.11400678	0.0026053493	0.19510706	0.0168081	0.0	0.05581885	0.007193107	0.07105016	0.0	0.0077255107	0.015150862	0.004519211	0.0	0.0	0.0	0.0	0.036184005	0.059642345	0.03188297	0.0	0.0039962176	0.0048938924	0.016238369	0.015918337	0.0048938924	0.0073122294	0.0048938924	0.012638101	0.006065854	0.012573429	0.0	0.00807846	0.022230346	0.08675136	0.0	0.01164834	0.07655892	0.0	0.0	0.022507126	0.0	0.0	0.0	0.015660457	0.0	0.018219963	0.0	0.0	0.0	0.0	0.0	0.0	0.0	0.03852407	0.0032189277	0.025338372	0.016850803	0.031077342	0.0	0.014612093	0.02561175	0.0	0.0053948304	0.08076362	0.5630374	0.35808113	0.27350783	0.30577648	0.31138998	0.06166361	0.016850803	0.42687538	0.7251292	0.13737825	0.10359455	0.03772462	0.0	0.34507552	0.02637376	0.09138395	0.182474	0.0	0.03332078	0.0	0.13449995	0.0	0.10414347	0.05245877	0.003272217	0.0	0.0	0.007830229	0.0	0.0	0.0	0.017356554	0.010632632	0.011096273	0.05245877	0.0023372981	0.07371462	0.016870307	8.4787E-4	0.014485231	0.0034296992	0.0	0.0	0.0	0.102827445	0.08498101	0.27291214	0.0	0.013292118	0.02356339	0.06997238	0.039229866	0.2302513	0.024915785	0.008276847	0.02096987	0.020244367	0.011861339	0.06057271	0.0	0.25617635	0.0	0.0	0.0	0.0025589424	0.0	0.0	0.009656821	0.47356182	0.047801264	0.15712082	0.36243075	0.3041561	0.0	0.25617635	0.0024497851	0.0	0.0020510945	0.058609065	0.30836964	0.07952185	0.09625014	0.06057271	0.0	0.24726695	0.0	0.0	0.02453437	0.0062939683	0.039942205	0.0	0.0	0.0023422337	0.0	0.0	0.019280588	0.016238369	0.0	0.034769	0.045299105	0.015660457	0.0	0.04383846	0.027296023	0.009016298	0.037387718	0.0352291	0.0137386955	0.006108867	0.0	0.0	0.0	0.0010886769	0.0026293315	0.0	0.0	0.040292837	0.09261545	0.04301624	0.0	0.0	0.009921408	0.0051835603	0.0060935244	0.0	0.00777534	0.074931316	0.083292566	0.0	0.1699957	0.017180817	0.0	0.057790525	0.22050329	0.020584513	0.0020713431	6.782961E-4	0.038498312	0.0	0.04653713	8.364821E-4	0.04793861	9.559795E-4	4.965729E-4	0.14178781	0.0020494545	8.364821E-4	8.364821E-4	0.07505439	0.030576114	8.4787E-4	0.0014515691	0.030576114	8.4787E-4	0.014622019	0.0	0.13153051	0.037448484	0.001463896	0.0	0.012904896	0.00425973	0.0	0.09545349	0.0037224188	0.023965567	0.0032817514	0.21343423	0.0073463586	0.10626865	0.011863284	0.0	7.356392E-4	0.004753286	0.0068371654	0.0	0.010937052	0.011139091	0.0	0.17394975	0.21286005	0.0	0.049709834	0.008849567	0.013377051	0.008849567	0.013377051	0.008849567	0.013377051	0.008849567	0.013377051	0.008849567	0.013377051	0.008849567	0.013377051	0.008849567	0.013377051	0.008849567	0.013377051	0.008849567	0.0	0.0	9.931457E-4	0.09336051	0.18977462	0.0	0.0	0.13620336	0.013008096	0.0	0.10103416	0.0	0.242256	0.031941492	0.1627244	0.0	0.0	0.003315965	0.11258488	0.0	0.0	0.0	0.0	0.09760663	0.0066675926	0.0	0.063609146	0.0	0.0037665584	0.0032284784	0.0	0.08711859	0.0	0.0	0.0	0.0	0.0	0.0	0.022932088	0.017699134	0.0	0.013377051	0.008849567	0.013377051	0.008849567	0.0	0.0	0.0	0.0	0.0	0.0	0.022932088	0.017699134	0.0	0.013377051	0.008849567	0.013377051	0.008849567	0.0	0.0	0.0	0.0	0.0	0.0	0.022932088	0.017699134	0.0	0.013377051	0.008849567	0.013377051	0.008849567	0.0	0.0046235323	0.0	0.013008096	0.0	0.015176111	0.0	0.0046235323	0.0	0.0797705	0.0	0.007955213	0.10318913	2.896675E-4	0.009433656	0.0	0.013008096	8.4787E-4	0.0	0.0015138568	0.0	0.18088506	0.027335102	0.027154827	0.043393165	0.13001694	0.010848292	0.0	0.03434864	0.076399386	0.037022796	0.017802417	0.0	0.013942213	0.024413932	0.044590726	0.0	0.00934158	0.0	0.0016579825	0.0	0.0016579825	0.0016142392	0.0020724782	0.0073218676	0.02749086	0.0	0.0	0.0016579825	0.0039151143	0.0039151143	0.0039151143	0.0016579825	0.0	0.0	0.0	0.002000808	0.0016579825	0.010784559	0.0	0.0	0.0	0.0	0.0073822066	0.00934158	0.0016579825	
0.0013023936	0.0	0.0053486144	0.0029989458	0.0	0.0018507421	0.0029989458	0.0114619825	0.015524929	0.0	0.025556844	0.0029989458	0.0	4.023296E-4	0.0	0.0	0.0	0.0	0.027044088	0.004882993	0.0	0.0	0.0	0.0	0.11721543	0.005764977	0.011897628	0.0	0.0	0.011897628	0.0	0.030195229	0.1191106	0.0	0.011897628	0.014277153	0.014746805	0.0	0.0	5.42664E-4	0.1185026	0.08926947	0.0	0.035343513	0.1139981	0.0	0.050722778	0.11099112	0.0	0.0	0.0	0.03807241	0.0	0.04143032	0.0	0.0	0.0	0.029752448	0.0	0.0	0.0	0.0	0.0	0.0	0.019036205	0.028562516	0.0	0.0	0.04255979	0.0101550445	0.0	0.0	7.158208E-4	0.041363902	0.05061497	0.0871909	0.02424578	0.011513625	0.019036205	0.017244956	0.044289444	0.026699081	0.05018877	0.0	0.0	0.030797264	5.42664E-4	0.011465379	0.118015446	0.11180332	0.26687667	0.0	5.42664E-4	0.0	0.0010937005	0.019036205	0.0	0.13153951	0.0	0.019036205	0.008081418	0.00755215	0.030828075	0.14856389	0.46417427	0.2853064	0.019036205	0.0	0.13516074	1.6695375	0.12058208	0.0011129039	0.090280935	0.05674774	0.0	0.24905851	0.18724635	0.2315755	0.011630377	0.0	0.0	0.1339864	0.10498558	0.0	0.11826566	0.32267746	0.1832272	0.11010881	1.4266502	0.13616134	0.014954049	0.006452965	0.047575	0.0012983879	6.4919394E-4	0.0	0.043637585	0.0	0.017446391	0.038907956	0.07244499	0.03518327	0.026582008	0.08174447	0.12606488	0.0	0.022689452	0.0032264825	0.0	0.005926512	0.06999039	0.083045304	0.06308929	0.09913427	0.0011129039	0.0	0.09389743	0.0	0.0	0.15596245	0.0	0.13909413	0.0	0.0	0.0	0.0	0.010032207	0.06241788	0.0	0.0	0.32054925	0.12877414	0.03807241	0.0	0.13553992	0.07318298	0.10622091	0.03664274	4.6370996E-4	0.002115134	0.0037486823	0.0	0.0	0.0	0.0	0.002115134	0.0	0.0	0.029180964	0.1342311	0.022314338	0.0	0.0	0.112183236	0.0	0.0	0.0	0.022314338	7.419359E-4	0.009573638	0.0	0.020891428	0.005174173	0.01290593	0.0750932	0.017692795	0.009829869	0.023107927	0.03212267	0.0029315872	0.0	0.003254834	0.030732656	0.0014657936	0.035123035	0.0	0.017348189	0.0	0.030732654	0.030732656	0.022661954	0.0058631743	0.0036644838	0.0	0.0058631743	0.0036644838	0.0	0.012461707	0.11389415	0.048184015	0.0	0.0	0.07732796	0.0029315872	0.0	0.042529542	0.030732656	0.0058631743	0.008571209	0.09658117	0.056214683	0.014833041	0.007831415	0.0	0.0031794235	0.04106049	0.030795364	0.0014838718	0.020395137	0.005251195	0.0014838718	0.010784498	0.053218316	0.0	0.040085822	0.0	0.0025651387	0.0	0.0025651387	0.0	0.0025651387	0.0	0.0025651387	0.0	0.0025651387	0.0	0.0025651387	0.0	0.0025651387	0.0	0.0025651387	0.0	0.01290593	0.0014838718	0.0	0.009923795	0.038742013	0.0014838718	0.0	0.004367738	0.024281878	0.0	5.42664E-4	0.0	0.031697623	0.0044982755	0.002170656	0.0	0.0018548399	0.0	0.021589488	0.0	0.0029677437	0.0	0.0	0.01866958	0.01779888	0.0	0.009035687	0.0	0.0	0.0	0.0012983879	0.007864461	0.0	0.0	0.0	0.0	0.0	0.0	0.0043973806	0.0	0.0	0.0025651387	0.0	0.0025651387	0.0	0.0	0.0	0.0	0.0	0.0	0.0	0.0043973806	0.0	0.0	0.0025651387	0.0	0.0025651387	0.0	0.0	0.0	0.0	0.0	0.0	0.0	0.0043973806	0.0	0.0	0.0025651387	0.0	0.0025651387	0.0	0.007998284	0.029727723	0.0	0.0043973806	0.0	0.0051302775	0.0103247445	0.019513533	0.0014838718	0.04834438	0.0	0.0031727008	0.019452745	0.0045947954	5.747566E-4	0.0	0.024281878	0.0036644838	0.0	0.0047756094	0.0	0.034955416	0.0029315872	0.0021986903	0.0077435584	0.0036644838	0.0013023936	0.0	4.3413122E-4	5.4685026E-4	0.003390419	0.0	0.0	0.008066002	0.0	5.42664E-4	0.0	0.0032553286	0.0	0.0	0.009302295	0.06498454	0.0	0.0	0.0028484126	0.01008871	0.0	0.0	0.0	0.039119244	0.051394705	0.03911924	0.009302295	0.0	0.011529954	0.0	0.0	0.0	0.004034896	0.0	0.0	0.0	0.0	0.0141633665	0.0032553286	0.0	
0.0013249817	0.0	0.016981894	7.2901434E-4	0.00534456	0.02487388	0.0	0.06743638	0.032481734	0.0	0.028751409	7.2901434E-4	0.0	0.014965017	0.007376021	0.003063998	0.0	0.001636865	0.07116986	0.0	0.0	0.003206736	0.0	0.0	0.018970855	0.01734888	0.07524365	0.0	0.003342384	0.06443594	0.0	0.06639566	0.07893684	0.003206736	0.0484159	0.11948044	0.8935739	0.0035769355	0.0	0.0022399686	0.033988263	0.16639315	0.0	0.14191152	0.2310231	0.008551296	0.0025658994	0.055835422	0.0	0.0	0.0	0.15493086	0.0	0.09755095	0.9627407	0.004275648	0.003206736	0.0	0.0	0.0	0.004275648	0.016937744	0.002137824	0.00267228	0.10347126	0.56076205	1.5403851	0.00267228	0.8129293	0.9627407	0.009019185	0.0017666422	0.022176836	1.0752156	0.19922183	0.23231617	0.1232651	0.94825494	0.10347126	0.077198744	0.26605383	0.17658326	0.28369746	0.0	0.003634615	0.26061016	5.520757E-4	0.0017666422	0.061609313	0.0	0.009309945	0.003634615	0.010839032	0.0	0.038680006	0.10347126	0.0	0.0	0.0	0.07746543	0.47731692	0.0	0.0015901441	0.023680858	0.018954609	0.070854634	0.10347126	0.008375784	0.4221757	0.12337409	0.0037280389	0.0014030271	0.021385118	0.014933419	0.0	0.0	0.021679547	0.033222117	0.080083236	0.008551296	0.007816593	0.050312098	0.1745784	0.029392863	0.41946077	0.0075109205	0.0818839	0.03595371	0.14804888	0.09536001	0.0013249817	0.0	0.08638953	0.048293002	0.06155944	0.0026497776	0.0	0.006585495	0.0015901441	9.353514E-4	1.3658631	1.8138752	0.043223374	0.4301846	0.8507912	0.00255155	0.09774503	0.01412887	0.0	0.016811077	0.1163856	1.5407163	1.6252546	2.6264963	0.0070240493	0.0	0.04037364	0.0	0.0	0.020267345	0.001636865	0.041923065	0.00534456	0.0	0.0	0.0	0.0	0.061155763	0.003206736	0.0023409736	0.107015565	0.15559867	0.15493086	0.0	0.19431226	0.09029237	0.09819036	0.051680934	5.845946E-4	0.031082783	0.0	0.0	0.004637111	0.0	0.001603368	0.02410118	0.004637111	0.0	7.0151355E-4	0.08166292	0.003206736	0.0039746664	0.004275648	0.044822957	0.0030130146	0.0	0.0	0.003206736	0.003637345	0.00874311	0.0	0.13566622	0.004875005	0.0	0.0025533314	0.08713271	0.08746372	0.03005957	0.0029824309	0.0071236105	0.0	0.029961895	0.011097125	0.007665131	0.012682429	0.0	0.027224978	0.0	0.011097125	0.011993043	0.049066372	0.0059648617	0.0037280389	0.0	0.0059648617	0.0037280389	0.0013248888	0.0	0.055831857	0.015360764	0.0	0.0	0.0210417	0.01024051	0.0036450715	0.06697538	0.013121769	0.041089956	0.041025437	0.40430373	0.017920893	0.21667905	0.057477996	0.004275648	0.06559023	0.014996307	0.010824607	0.0	0.007569509	7.2901434E-4	0.0	0.018190684	0.09632611	0.0	0.09234784	0.0	0.016295817	0.0	0.016295817	0.0	0.016295817	0.0	0.016295817	0.0	0.016295817	0.0	0.016295817	0.0	0.016295817	0.0	0.016295817	0.0	0.0036450715	0.0	0.0	0.038473114	0.06236024	0.0	0.0	0.041526124	0.013271598	0.0	0.0022083027	0.0	0.07071551	0.008999483	0.008833211	0.0	0.0	0.0	0.06745658	0.0	0.0	0.0	0.0	0.02810107	0.032594826	0.0	0.06726378	0.0059326976	0.0	0.0	0.0	0.020868037	0.003206736	0.0	0.0	0.008551296	0.0	0.003634615	0.004473646	0.0	0.0	0.016295817	0.0	0.016295817	0.0	0.003206736	0.0	0.0	0.008551296	0.0	0.003634615	0.004473646	0.0	0.0	0.016295817	0.0	0.016295817	0.0	0.003206736	0.0	0.0	0.008551296	0.0	0.003634615	0.004473646	0.0	0.0	0.016295817	0.0	0.016295817	0.0	0.002258986	0.0037280389	0.0023185555	0.004473646	0.0023185555	0.005219254	0.0029160574	0.0037280389	0.0	0.07159625	0.0	0.04080785	0.027127028	0.0028570653	9.112679E-4	0.0023185555	0.013271598	0.017296929	0.0	0.0027107832	0.0	0.09458165	0.020544978	0.013007929	0.0070240493	0.008904513	0.0070240493	0.0	0.0020426651	0.020644845	4.4166055E-4	0.0	0.0	3.86453E-4	0.0035012509	0.0072189616	0.0	0.002137824	0.010082243	0.0	9.086538E-4	0.0	0.0	0.0	0.3369592	0.0106353955	0.0	0.0	0.0	0.038732715	0.038732715	0.038732715	0.0	0.0	0.002137824	0.0	0.0	0.002137824	0.0	0.0	0.0	0.0	0.004132468	0.0029824309	0.0	0.0	
0.08527633	0.0	0.021810068	0.038722742	0.06400077	0.0024788952	0.0	0.008136009	0.006113564	0.05632838	0.13200629	0.054087553	0.0	0.2602995	0.010520549	0.013129699	0.0	0.002177928	0.091618806	0.006609741	0.0	0.038400464	0.0	0.008882763	0.10060893	0.068403564	0.032000385	0.0	0.055377237	0.001819519	0.002569291	0.016147006	0.0030311802	0.07026246	0.0	0.008100437	0.001819519	0.02172135	0.0	0.0015155901	0.06543128	9.333978E-4	0.0	0.032000385	0.001555663	0.102401234	0.0	0.06893472	0.0	0.0	0.0	0.0	0.0	0.0	0.014804604	0.051200617	0.038400464	0.0029112303	0.0	0.0	0.051200617	0.020426188	0.10917733	0.074351944	0.014677898	0.012315762	0.0	0.05007042	0.035049293	0.0	0.08276227	0.0027712134	0.003463451	0.0028049482	0.0	0.0	0.0	0.003739931	0.0024890609	0.0	0.0045874813	0.032000385	0.031730924	0.0	0.0	0.0361382	0.009567116	0.0	0.06280935	0.024103275	0.03817273	0.0	0.0	0.0	0.0013856067	0.014677898	0.0	0.0	0.0	0.0029112303	0.0	0.0	0.0	0.03817273	0.008034425	0.062129475	0.014677898	0.0590109	0.0	0.0	0.031002106	0.09161453	0.022400271	0.0	0.0	0.01606885	0.060007185	0.016304487	0.032370847	0.102401234	0.031730924	0.014410477	0.06646752	0.087345205	0.0	0.003057213	0.0	0.09703541	0.0013102341	0.060365837	0.06434818	0.0021837235	0.096547514	0.028120486	0.09840513	0.031730924	0.0	0.025600309	0.050436676	0.061076358	0.15435846	0.0	7.778315E-4	0.17172667	0.21881689	0.0033949614	0.02606271	0.06952431	0.122614846	0.62473005	0.044311687	0.17439073	7.778315E-4	0.055448808	0.06608517	0.0	0.43356922	0.10728798	0.08089542	0.06988839	0.13131607	0.068689026	0.06400077	0.0	0.0034257215	0.0	0.0	0.009958463	0.06278558	0.0044413814	0.113459945	0.011584141	0.0	0.0	0.032885894	0.128426	0.029740775	0.011263532	0.084286325	0.041156556	0.05580272	0.005181612	0.05552912	0.011843684	0.049163774	0.07326059	0.05552912	0.014804604	0.12575342	0.08418116	0.12842602	0.07081308	0.115642205	0.08022249	0.10447512	0.0	0.013249609	0.2058203	0.20594203	0.185728	0.003176986	0.015370523	0.07264646	0.004367447	0.08076475	0.13421266	0.059706204	0.1017284	0.038495712	0.024801685	0.0	0.0	0.10835572	0.022123247	0.12383509	0.0033048706	0.039852444	0.0029975064	0.1334902	0.14421879	0.13479222	0.04960337	0.04811964	0.002123047	0.04960337	0.04811964	0.051639937	0.26609254	0.17289768	0.19691846	0.00792119	0.0	0.11133301	0.16647433	0.004849945	0.04285664	0.2678188	0.18657902	0.14046733	0.27403387	0.23740289	0.26597667	0.0	0.11564223	0.31931	0.26047766	0.22733895	0.0321377	0.17997354	0.049447738	0.0321377	0.20712657	0.086325146	0.0	0.22344491	0.0	0.09864494	0.0	0.09864494	0.0	0.09864494	0.0	0.09864494	0.0	0.09864494	0.0	0.09864494	0.0	0.09864494	0.0	0.09864495	0.0	0.018434785	0.0321377	0.0	0.07077272	0.14973706	0.0321377	0.003176986	0.20247935	0.09079658	0.0	0.0	0.0	0.07174915	0.102396525	0.0	0.003176986	0.040172126	0.0	0.020086063	0.0	0.0642754	0.0	0.0	0.028453046	0.026141707	0.08089542	0.12533112	0.025600309	0.0	0.0	0.028120486	0.21528706	0.038400464	0.0	0.0	0.102401234	0.0	0.0	0.037202526	0.0	0.0	0.09864494	0.0	0.09864494	0.0	0.038400464	0.0	0.0	0.102401234	0.0	0.0	0.037202526	0.0	0.0	0.09864494	0.0	0.09864494	0.0	0.038400464	0.0	0.0	0.102401234	0.0	0.0	0.037202526	0.0	0.0	0.09864494	0.0	0.09864494	0.0	0.011424719	0.13363016	0.02776456	0.058939468	0.02776456	0.043402947	0.014747826	0.05004898	0.0321377	0.15819298	0.0	0.04200332	0.12445759	0.022748744	0.1050544	0.02776456	0.090796575	0.049116224	0.0	0.11202305	0.0	0.16972707	0.055448808	0.0761232	0.01106087	0.031002106	0.0	0.0	0.008847057	0.00839971	0.0088325925	0.014685062	0.0	0.07883578	0.09864572	0.04773009	0.0	0.06071248	0.0	0.001588493	0.0014556152	0.001588493	0.0015962718	0.0019856163	0.0202331	0.0	0.0	0.0	0.001588493	0.0	0.01606885	0.0	0.001588493	0.007402302	0.025600309	0.0	0.0	0.0436493	0.005461736	0.0014556152	0.0	0.0	0.001588493	0.08046636	0.011989975	0.0	
0.0	0.0	0.015232953	0.0	0.0	0.0	0.0	0.014679494	0.0	0.0	0.023241034	0.0	0.0	0.04032933	0.0	0.0	0.0	0.0	0.025689116	0.0	0.0	0.0	0.0	0.044038486	0.018349368	0.0	0.0	0.0	0.0	0.0	0.0	0.0	0.0	0.0	0.0	0.0	0.0	0.14276177	0.0	0.0	0.0	0.0	0.0	0.0	0.0	0.0	0.0	0.012289851	0.0	0.0	0.0	0.0	0.0	0.0	0.0	0.0	0.0	0.0	0.0	0.0	0.0	0.0	0.0	0.0	0.0	0.0	0.0	0.0	0.0	0.0	0.0	0.0	0.0	0.0	0.0	0.0	0.0	0.0	0.0	0.0	0.0	0.0	0.0	0.0	0.0	0.0	0.017556932	0.0	0.037185654	0.11155696	0.046482068	0.0	0.0	0.0	0.0	0.0	0.0	0.0	0.0	0.0	0.0	0.0	0.0	0.046482068	0.037185654	0.05577848	0.0	0.0	0.0	0.0	0.0	0.11155696	0.0	0.0	0.0	0.07437131	0.057613324	0.046090662	0.0	0.0	0.0	0.037185654	0.0	0.0	0.0	0.0	0.0	0.0	0.0	0.0	0.11155696	0.0	0.06507489	0.13014978	0.06507489	0.0	0.0	0.0	0.13014978	0.07437131	0.0	0.0	0.0	0.0	0.037185654	0.0	0.06507489	0.017556932	0.0	0.06551108	0.0	0.0	0.0	0.0	0.11155696	0.0	0.046090662	0.0	0.0	0.17961231	0.0	0.05577848	0.0	0.0	0.0	0.0	0.0	0.046090662	0.0	0.0	0.046482068	0.0	0.0	0.0	0.092964135	0.0	0.0	0.0	0.046482068	0.014045544	0.0	0.0	0.0	0.0	0.0	0.0	0.0	0.0	0.05577848	0.046482068	0.0	0.0	0.0	0.02788924	0.0	0.0	0.0	0.0	0.07437131	0.046090662	0.0	0.0	0.0	0.0	0.057613324	0.037185654	0.0	0.0	0.0	0.0	0.0	0.0	0.0	0.0	0.0	0.0	0.0	0.0	0.0	0.0	0.023241034	0.0	0.0	0.0	0.0	0.0	0.0	0.092964135	0.046482068	0.0	0.0	0.0	0.032537445	0.0	0.0	0.037185654	0.0	0.0	0.07437131	0.0	0.0	0.037185654	0.0	0.0	0.0	0.0	0.0	0.14874262	0.0	0.11763638	0.4230522	0.3339197	1.3086239	0.0	0.44894037	0.0	0.0	0.0	0.0	0.0	0.0	0.0	0.0	0.0	0.0	0.0	0.0	0.0	0.0	0.0	0.0	0.0	0.0	0.4230522	0.0	0.10293185	0.08620875	0.14874262	0.0	0.570221	0.0	0.0	0.022743568	0.0	0.057309642	0.22448443	0.0	0.0	0.18592827	0.0	0.26440763	0.0	0.29748523	0.0	0.0	0.0	0.014679494	0.6526252	0.3005129	0.0	0.0	0.0	0.13014978	0.12779306	0.0	0.0	0.0	0.0	0.0	0.0	0.0	0.0	0.0	0.0	0.0	0.0	0.0	0.0	0.0	0.0	0.0	0.0	0.0	0.0	0.0	0.0	0.0	0.0	0.0	0.0	0.0	0.0	0.0	0.0	0.0	0.0	0.0	0.0	0.0	0.0	0.0	0.0	0.0	0.0	0.26440763	0.0	0.0	0.0	0.0	0.0	0.0	0.4230522	0.11470425	0.0	0.0	0.09177022	0.04032933	0.7332021	0.0	0.0	0.0	0.0	0.039306644	0.0	0.10829885	0.0	0.0	0.0	0.0	0.0	0.0	0.0	0.014045544	0.0	0.0	0.0	0.032537445	0.0	0.0	0.0	0.0	0.0	0.0	0.0	0.0	0.0	0.0	0.0	0.0	0.0	0.0	0.0	0.0	0.07437131	0.0	0.0	0.0	0.0	0.0	0.0	0.0	0.0	0.0	0.0	0.0	0.0	0.0	0.0	0.0	
0.0	0.0	0.041544925	0.05241454	0.0	0.0	0.0	0.010169173	0.0	0.0	0.05636612	0.008814112	0.0	0.21935491	0.0	0.0	0.0	0.0	0.0	0.0	0.0	0.0	0.0	0.0	0.01711884	0.0	0.0	0.0	0.0	0.0	0.0	0.0	0.0	0.0	0.0	0.0	0.0	0.0	0.0	0.0	0.0	0.0	0.0	0.0	0.0	0.0	0.0	0.041544925	0.0	0.0	0.0	0.0	0.0	0.0	0.0	0.0	0.0	0.0	0.0	0.0	0.0	0.0	0.0	0.0	0.0	0.0	0.0	0.0	0.0	0.0	0.0	0.0	0.0	0.0	0.0	0.0	0.0	0.0	0.0	0.0	0.0	0.0	0.0	0.0	0.0	0.0	0.0	0.0	0.06902372	0.011563983	0.004818326	0.0	0.0	0.0	0.0	0.0	0.0	0.0	0.0	0.0	0.046532046	0.0	0.0	0.004818326	0.035099465	0.0057819914	0.0	0.0	0.0	0.0	0.0	0.011563983	0.0	0.0	0.0	0.0077093216	0.0059721908	0.004777753	0.06748569	0.0	0.0	0.06902372	0.0	0.0	0.0	0.0	0.0	0.0	0.0	0.0	0.011563983	0.0	0.0067456565	0.013491313	0.0067456565	0.0	0.0	0.0	0.013491313	0.0077093216	0.0	0.0	0.0	0.0	0.06902372	0.0	0.0067456565	0.047883116	0.0	0.11864987	0.0	0.0	0.0	0.0	0.011563983	0.0	0.004777753	0.0	0.0	0.02872987	0.0	0.052649204	0.0	0.0	0.0	0.0	0.0	0.036945652	0.0	0.0	0.052073378	0.0	0.0	0.0	0.009636652	0.0	0.013695072	0.0	0.004818326	0.0	0.0	0.0	0.0	0.0	0.0	0.0	0.0	0.0	0.0057819914	0.004818326	0.0	0.0	0.0	0.0028909957	0.0	0.0	0.0	0.0	0.0077093216	0.25069132	0.0	0.0	0.026216518	0.0	0.0059721908	0.0038546608	0.0	0.0	0.0	0.0	0.0	0.0	0.0	0.0	0.0	0.013221169	0.0	0.0	0.0	0.0	0.015835967	0.0	0.0	0.0	0.0	0.0	0.0	0.009636652	0.004818326	0.0	0.0	0.0	0.0033728282	0.0	0.0	0.0038546608	0.0	0.0	0.13804744	0.0	0.0	0.0038546608	0.0	0.0	0.0	0.0	0.0	0.015418643	0.18144207	0.26039532	0.13566636	0.47287446	0.24837567	0.03525645	0.15613659	0.0	0.0	0.0	0.0	0.0	0.0	0.0	0.0	0.0	0.0	0.0	0.0	0.0	0.0	0.0	0.0	0.0	0.0	0.13566636	0.113899715	0.2901999	1.7867383	0.015418643	0.0	0.082151845	0.0	0.15186627	0.0	0.0	0.074771985	0.37364244	0.0	0.0	0.019273303	0.03525645	0.084791474	0.0	0.030837286	0.0	0.0	0.0	0.0	0.0	0.06763934	0.0	0.0	0.0	0.088681415	0.34054053	0.0	0.0	0.0	0.0	0.0	0.0	0.0	0.0	0.0	0.0	0.0	0.0	0.0	0.0	0.0	0.0	0.0	0.0	0.0	0.0	0.0	0.0	0.0	0.0	0.0	0.0	0.0	0.0	0.0	0.0	0.0	0.0	0.0	0.0	0.0	0.0	0.0	0.0	0.0	0.0	0.084791474	0.0	0.113899715	0.0	0.132883	0.0	0.094916426	0.13566636	0.09112541	0.0	0.0	0.12728217	0.8522493	0.2070534	0.0	0.0	0.094916426	0.03525645	0.48976737	0.0	0.06902372	0.0	0.0	0.0	0.0	0.0	0.0	0.05241454	0.0	0.0	0.02872987	0.0	0.0033728282	0.0	0.03277065	0.0	0.10482908	0.0	0.0	0.0	0.0	0.0	0.0	0.0	0.0	0.0	0.0	0.0	0.0	0.0077093216	0.03883896	0.0	0.0	0.0	0.0	0.0	0.0	0.0	0.0	0.0	0.0	0.0	0.0	0.0	0.0	
0.0	0.0	0.0	0.0	0.0	0.0	0.0	0.0	0.0	0.0	0.0	0.0	0.0	0.0	0.0	0.0	0.0	0.0	0.0	0.0	0.0	0.0	0.0	0.0	0.0	0.0	0.0	0.0	0.0	0.0	0.0	0.0	0.0	0.0	0.0	0.0	0.0	0.0	0.0	0.0	0.0	0.0	0.0	0.0	0.0	0.0	0.0	0.0	0.0	0.0	0.0	0.0	0.0	0.0	0.0	0.0	0.0	0.0	0.0	0.0	0.0	0.0	0.0	0.0	0.0	0.0	0.0	0.0	0.0	0.0	0.0	0.0	0.0	0.0	0.0	0.0	0.0	0.0	0.0	0.0	0.0	0.0	0.0	0.0	0.0	0.0	0.0	0.0	0.0	0.0	0.0	0.0	0.0	0.0	0.0	0.0	0.0	0.0	0.0	0.0	0.0	0.0	0.0	0.0	0.0	0.0	0.0	0.0	0.0	0.0	0.0	0.0	0.0	0.0	0.0	0.0	0.0	0.0	0.0	0.0	0.0	0.0	0.0	0.0	0.0	0.0	0.0	0.0	0.0	0.0	0.0	0.0	0.0	0.0	0.0	0.0	0.0	0.0	0.0	0.0	0.0	0.0	0.0	0.0	0.0	0.0	0.0	0.0	0.0	0.0	0.0	0.0	0.0	0.0	0.0	0.0	0.0	0.0	0.0	0.0	0.0	0.0	0.0	0.0	0.0	0.0	0.0	0.0	0.0	0.0	0.0	0.0	0.0	0.0	0.0	0.0	0.0	0.0	0.0	0.0	0.0	0.0	0.0	0.0	0.0	0.0	0.0	0.0	0.0	0.0	0.0	0.0	0.0	0.0	0.0	0.0	0.0	0.0	0.0	0.0	0.0	0.0	0.0	0.0	0.0	0.0	0.0	0.0	0.0	0.0	0.0	0.0	0.0	0.0	0.0	0.0	0.0	0.0	0.0	0.0	0.0	0.0	0.0	0.0	0.0	0.0	0.0	0.0	0.0	0.0	0.0	0.0	0.0	0.0	0.0	0.0	0.0	0.0	0.0	0.0	0.0	0.0	0.0	0.0	0.0	0.0	0.0	0.0	0.0	0.0	0.0	0.20453557	0.23375495	0.0	0.0	0.0	0.0	0.0	0.0	0.0	0.0	0.0	0.0	0.0	0.0	0.0	0.0	0.0	0.0	0.0	0.0	0.0	0.0	0.0	0.70126486	0.0	0.18108326	0.0	0.0	0.0	0.0	0.0	0.0	4.6414227	0.0	0.30312005	0.0	0.0	0.0	0.0	0.0	0.0	0.0	4.6414227	0.0	0.25981718	0.0	0.0	0.17531621	0.0	0.0	0.0	0.0	0.0	0.0	0.0	0.0	0.0	0.0	0.0	0.0	0.0	0.0	0.0	0.0	0.0	0.0	0.0	0.0	0.0	0.0	0.0	0.0	0.0	0.0	0.0	0.0	0.0	0.0	0.0	0.0	0.0	0.0	0.0	0.0	0.0	0.0	0.0	0.0	0.0	0.0	0.0	0.0	0.0	0.0	0.0	0.0	0.0	0.0	0.0	0.0	0.0	0.28826916	0.0	0.0	0.0	0.25351658	0.29219368	0.0	0.0	0.0	0.0	0.21729992	0.0	0.28973323	0.0	0.0	0.0	0.0	0.0	0.0	0.0	0.0	0.0	0.0	0.0	0.30312005	0.0	0.0	0.0	0.0	0.0	0.0	0.0	0.0	0.0	0.0	0.0	0.0	0.0	0.0	0.0	0.0	0.0	0.0	0.0	0.0	0.0	0.0	0.0	0.0	0.0	0.0	0.0	0.0	0.0	0.0	0.0	0.0	
0.10985532	0.0	0.031053368	0.17100173	0.0	0.0	0.0	0.005334721	0.020622397	0.09310868	0.11189558	0.18346961	0.0	0.036136754	0.0	0.0	0.0	0.0	0.0	0.0	0.0	0.0	0.0	0.0	0.0	0.0	0.014227229	0.0	0.0	0.0	0.0	0.0	0.0	0.0	0.0	0.0	0.0	0.0	0.0	0.0	0.0	0.0	0.0	0.0	0.0	0.0	0.0	0.0	0.0	0.0	0.0	0.0	0.0	0.0	0.0	0.0	0.0	0.0	0.0	0.0	0.0	0.0	0.0	0.0	0.0	0.0	0.0	0.0	0.0	0.0	0.0	0.0	0.0	0.0	0.0	0.0	0.0	0.0	0.0	0.0	0.0	0.0	0.0	0.0	0.0	0.0	0.0	0.0	0.070307024	0.0	0.0	0.0	0.015256616	0.0	0.0	0.0	0.0	0.0	0.0	0.0	0.0	0.0	0.0	0.0	0.0	0.0	0.0	0.0	0.0	0.0	0.0	0.0	0.0	0.0	0.0	0.0	0.0	0.0	0.0	0.0	0.0	0.0	0.0	0.0	0.0	0.0	0.0	0.0	0.0	0.0	0.0	0.0	0.0	0.0	0.0	0.0	0.0	0.0	0.0	0.0113817835	0.0	0.0	0.0	0.0	0.0	0.0	0.0	0.016288135	0.052122034	0.0802042	0.0	0.0	0.0	0.0	0.0	0.0	0.018364988	0.04560678	0.052122034	0.0475024	0.04560678	0.0	0.0	0.0	0.0	0.0	0.0	0.0	0.0	0.0	0.0	0.0	0.0	0.0	0.0	0.0	0.0	0.0	0.0	0.06783815	0.016288135	0.0	0.0	0.0	0.0	0.0	0.0	0.0	0.0	0.0	0.0	0.0	0.0	0.0	0.0	0.0	0.0	0.0	0.026061017	0.114506006	0.0	0.0	0.0130305085	0.0	0.0	0.0	0.0	0.016288135	0.0	0.0	0.0	0.0	0.0	0.0	0.0	0.0069357897	0.0	0.0	0.0	0.0	0.0028899123	0.0	0.0	0.0	0.0	0.0	0.0	0.03257627	0.0	0.0	0.0	0.0	0.0	0.0	0.0	0.0	0.0	0.0	0.026061017	0.016288135	0.0	0.0	0.0	0.0	0.02280339	0.0	0.0	0.0	0.07550791	0.063759856	0.0	0.08259167	0.0317566	0.018495439	0.01991716	0.0	0.0	0.0	0.0	0.0	0.0	0.0	0.0	0.0	0.0	0.0	0.0	0.0	0.0	0.0	0.0	0.0	0.0	0.0	0.05975149	0.02456206	0.07055426	0.0	0.0	0.07543464	0.0	0.07966864	0.0	0.0	0.066491626	0.2568856	0.0	0.0	0.0	0.018495439	0.0	0.0	0.0	0.0	0.20773666	0.12921582	0.0	0.052122034	0.071368255	0.0	0.0	0.0	0.016183509	1.5796952	0.0	0.0	0.0	0.0	0.0	0.0	0.0	0.0	0.0	0.0	0.0	0.0	0.0	0.0	0.0	0.0	0.0	0.0	0.0	0.0	0.0	0.0	0.0	0.0	0.0	0.0	0.0	0.0	0.0	0.0	0.0	0.0	0.0	0.0	0.0	0.0	0.0	0.0	0.0	0.0	0.018825695	0.0	0.05975149	0.0	0.06971007	0.0	0.13116644	0.0	0.04384449	0.0	0.20845346	0.5147829	0.26407525	0.09429329	0.0	0.0	0.049792904	0.018495439	0.19455	0.0	0.13896897	0.05499306	0.0	0.0	0.0	0.0	0.0	0.02749653	0.0	0.0	0.0	0.0	0.09085742	0.1575558	0.0071136146	0.0	0.0	0.0	0.0	0.0	0.0113817835	0.0	0.0	0.0	0.0	0.0	0.0	0.0	0.0	0.0	0.0	0.0	0.0	0.0	0.0	0.0	0.0	0.0	0.0	0.0	0.0	0.0	0.05499306	0.0	0.0	
0.0	0.0	0.008180671	0.011588264	0.0	0.0	0.0	0.0056214957	0.005432746	0.01166616	0.014350234	0.024232164	0.0	0.018508367	0.0	0.0	0.0	0.0	0.0	0.0	0.0	0.0	0.0	0.0	0.0	0.0	0.0	0.0	0.014492434	0.0	0.0	0.0	0.0	0.0	0.0	0.0	0.0	0.0	0.0	0.0	0.0	0.0	0.0	0.0	0.0	0.0	0.0	0.0	0.0	0.0	0.0	0.0	0.0	0.0	0.0	0.0	0.0	0.0	0.0	0.0	0.0	0.0	0.0	0.0	0.0	0.0	0.0	0.0	0.0	0.0	0.0	0.0	0.0	0.0	0.0	0.0	0.0	0.0	0.0	0.0	0.0	0.0	0.0	0.0	0.0	0.0	0.0	0.0	0.022960374	0.0063925446	0.00266356	0.0	0.0	0.0	0.0	0.0	0.0	0.0	0.0	0.0	0.0	0.0	0.0	0.00266356	0.0021308481	0.0031962723	0.0	0.0	0.0	0.0	0.0	0.0063925446	0.0	0.0	0.0	0.0042616962	0.0033014142	0.0026411314	0.0	0.0	0.0	0.0021308481	0.0	0.0	0.0	0.0	0.0	0.0	0.0	0.0	0.0063925446	0.0	0.0037289842	0.0074579683	0.0037289842	0.0	0.0	0.0	0.0074579683	0.0042616962	0.0	0.0	0.0	0.0	0.0021308481	0.0	0.0037289842	0.0	0.0	0.0037539788	0.0	0.0	0.0	0.0	0.0063925446	0.0	0.0026411314	0.0	0.0	0.00874962	0.0	0.0031962723	0.0	0.0	0.0	0.0	0.0	0.0026411314	0.0	0.0	0.00266356	0.0	0.0	0.0	0.00532712	0.0	0.0	0.0	0.00266356	0.0	0.0	0.0	0.0	0.0	0.0	0.0	0.0	0.0	0.0031962723	0.00266356	0.0	0.0	0.0	0.0015981362	0.0	0.0	0.0	0.0	0.0042616962	0.07520594	0.0	0.0	0.0	0.0	0.0033014142	0.0021308481	0.0	0.0	0.0	0.0	0.0	0.0	0.0	0.014492434	0.0	0.05809457	0.0	0.0	0.0	0.0	0.044936385	0.0	0.0	0.0	0.0	0.0	0.0	0.00532712	0.00266356	0.0	0.0	0.0	0.0018644921	0.0	0.0	0.0021308481	0.0	0.0	0.0042616962	0.0	0.0	0.0021308481	0.0	0.0	0.0	0.0	0.0	0.0805274	0.014492434	0.16485997	0.0085233925	0.050819278	0.0032840122	0.019489685	0.08776984	0.0	0.0	0.0	0.0	0.0	0.0	0.0	0.0	0.0	0.0	0.0	0.0	0.0	0.0	0.0	0.0	0.0	0.0	0.0085233925	0.0629635	0.04575661	0.06813864	0.0805274	0.0	0.045413367	0.0	0.08395134	0.0	0.0	0.08685203	0.08138825	0.0	0.0	0.01065424	0.019489685	0.00532712	0.0	0.017046785	0.0	0.021730984	0.007012004	0.0	0.0	0.05925895	0.0	0.0	0.0	0.049022887	0.41079637	0.0	0.0	0.0	0.0	0.0	0.0	0.0	0.0	0.0	0.0	0.0	0.0	0.0	0.0	0.0	0.0	0.0	0.0	0.0	0.0	0.0	0.0	0.0	0.0	0.0	0.0	0.0	0.0	0.0	0.0	0.0	0.0	0.0	0.0	0.0	0.0	0.0	0.0	0.0	0.0	0.00532712	0.0	0.0629635	0.0	0.07345742	0.0	0.052469585	0.0085233925	0.00231099	0.0	0.010865492	0.047341507	0.09133748	0.16305438	0.0	0.0	0.052469585	0.019489685	0.13969131	0.0	0.018749017	0.0144873215	0.0	0.0	0.0	0.0	0.0	0.048412926	0.0	0.0	0.0	0.0	0.064465694	0.052624278	0.0	0.0	0.0	0.0	0.0	0.0	0.0	0.0	0.0	0.0	0.0	0.0	0.0	0.0	0.0	0.0042616962	0.0	0.0	0.0	0.0	0.0	0.0	0.0	0.0	0.0	0.0	0.0	0.0	0.0144873215	0.0	0.0	
0.06317074	0.0	0.30681854	0.30290785	0.0	0.0032927168	0.0	0.0080878185	0.15238677	0.5102883	0.42928493	0.3335107	0.0	0.3690381	0.0	0.015036964	0.0	0.0	0.0	0.0	0.0	0.0	0.0	0.0	0.0	0.0	0.06939073	0.0	0.007182478	0.0	0.0	0.014364956	0.0	0.0	0.0	0.0	0.0	0.026723018	0.028729912	0.053856805	0.0	0.0	0.0	0.0	0.0	0.0	0.0	0.0	0.0	0.0	0.0	0.0	0.0	0.0	0.0	0.0	0.0	0.0	0.0	0.0	0.0	0.0	0.014364956	0.0	0.0	0.0	0.0	0.0	0.0	0.0	0.0	0.0	0.0080878185	0.0	0.0	0.0	0.0	0.0	0.0	0.0	0.0	0.0	0.0	0.0	0.0	0.0	0.13980629	0.0	0.10184707	0.0071375156	0.0029739647	0.0	0.0	0.0	0.0133913355	0.0	0.0	0.0	0.0	0.0	0.0	0.0	0.0	0.0029739647	0.0023791718	0.0035687578	0.0	0.0	0.0	0.0	0.0	0.0071375156	0.0	0.0	0.0	0.06695766	0.0036861524	0.002948922	0.0	0.0	0.0	0.0023791718	0.0	0.0	0.0	0.0	0.0	0.0	0.0	0.0	0.0071375156	0.0	0.0041635507	0.008327101	0.0041635507	0.0	0.0	0.0	0.008327101	0.03629936	0.0	0.0	0.0	0.0	0.0023791718	0.0	0.0041635507	0.064402275	0.070998654	0.16030003	0.0	0.0	0.0	0.0	0.0071375156	0.0	0.016701587	0.062123824	0.015331156	0.08270487	0.013414761	0.0035687578	0.0	0.0	0.0	0.0	0.0	0.002948922	0.0	0.0	0.0029739647	0.0	0.0	0.0	0.0059479293	0.0	0.0	0.012131727	0.0029739647	0.003832789	0.0047909864	0.0	0.0	0.0	0.0	0.0	0.0	0.0	0.0035687578	0.0029739647	0.0	0.0	0.0	0.0017843789	0.0	0.0	0.0	0.0	0.024847843	0.19977164	0.01505242	0.0143602425	0.042535476	0.0	0.019977413	0.0023791718	0.0	0.0047909864	0.0	0.0	0.0	0.0	0.0	0.0	0.0	0.0	0.0	0.0	0.0	0.0	0.0014869823	0.0	0.0	0.0	0.0	0.0	0.0	0.031059802	0.015355691	0.0	0.0	0.0	0.0020817753	0.0	0.0	0.012284554	0.0	0.0	0.024847843	0.0047909864	0.0	0.012284554	0.0	0.0	0.0067073805	0.0	0.0	0.009516687	0.026178962	0.019289179	0.009516687	0.10327023	0.07667015	0.0	0.0039229165	0.0	0.0	0.0	0.0	0.0	0.0	0.0	0.0	0.0	0.0	0.0	0.0	0.0	0.0	0.0	0.0	0.0	0.0	0.009516687	0.0	0.07018612	0.026965668	0.0866563	0.01505242	0.060068436	0.0	0.0	0.010373884	0.0	0.14104965	0.061360795	0.0	0.01505242	0.011895859	0.022978554	0.0059479293	0.0	0.019033374	0.0	0.0	0.004051403	0.0	0.015331156	0.029988488	0.0	0.0	0.0	0.008327101	0.07449598	0.0	0.0	0.0	0.0	0.0	0.0	0.0	0.0	0.0	0.0	0.0	0.0	0.0	0.0	0.0	0.0	0.0	0.0	0.0	0.0	0.0	0.0	0.0	0.0	0.0	0.0	0.0	0.0	0.0	0.0	0.0	0.0	0.0	0.0	0.0	0.0	0.0	0.0	0.0	0.0	0.0059479293	0.0	0.011289315	0.0	0.0	0.0	0.0	0.009516687	0.011867994	0.0	0.0057491832	0.10633071	0.0025803067	0.016954277	0.0	0.0	0.009407762	0.0	0.012155714	0.0	0.043533206	0.0	0.0	0.0	0.0	0.0	0.0	0.29776645	0.13060407	0.04748701	0.15213807	0.0	0.20292757	0.21716242	0.13448378	0.0	0.011489277	0.0	0.038030975	0.0	0.09722047	0.0075630643	0.13470457	0.0065854336	0.010053118	0.0	0.0	0.038030975	0.0	0.0047583436	0.0	0.038030975	0.0	0.014364956	0.0	0.0	0.04163564	0.011489277	0.0	0.0	0.0	0.00752621	0.010084086	0.038030975	0.011489277	
